text,label
what happened with my wife unacceptable from uber's driver and this is the second time without any reaction from your side 1,service_complaint
why isn't atl airport surging url,general_query
i don t want the food anymore!,delivery_order
"yes i got your dm two days back, but no solution till today.. refund my money immediately",billing_payment
worst uber experience ever. was dropped off before my destination for insulting the driver by giving directions. never again #uber url,service_complaint
"why does it take forever for a driver to change his partner. after i hv filled d ssa form for almost 2 wks, it's still not done",service_complaint
"disgusting customer services, half my order missing and cold how do i complain?",service_complaint
where is maccies? ordered two days ago why you bad?,delivery_order
there must be something went wrong with the system. may be the app was showin the amount to the driver even after the payment via paytm. it will be helpful if you will cross check the same from diver as well.,billing_payment
still haven t heard anything from anyone about my refund,billing_payment
do you have a customer service number i can call? i need to dispute a charge but app link isn't working and website is asking for a card when i don't have a card on file only paypal .,billing_payment
this is what we get after pre booking the cab n that too 5.40am early morning . what a way to charge extra from customer. url,billing_payment
can y'all fix your gps and stop telling your drivers that pick up locations are in alleys. experienced this 3 times this week,trip_issue
how much data is needed to use the uber app as a passenger? it's not working with a 200mbs package,general_query
"first of all i m being overcharged and second, all these trips were cancelled on me. url",billing_payment
hey my driver was flirting with a female passenger and had an actual bottle of wine in the car he was drinking.,general_query
not able to pre-book for tomorrow morning - the app says error,general_query
i didn't get my 5 off my first delivery on ubereats please tell me how i get it back,delivery_order
dm me i need to ask a question please,general_query
"this is your support yet, uber support is only active on twitter. not in reality. no action yet, its been going to be three weeks now. sir, this is how private cab firms are working take some action and make a good policy so that they cannot loot comonppl. url",general_query
cannot delete this way. it says cannot remove your only default payment method . please help,billing_payment
first time in 4 years of using that i have a complaint,service_complaint
. is there an option for a driver that isn't arguing with customer service on the phone the whole hour drive,general_query
my driver had bullet holes in their windshield and car. but apparently you don t car enough to do background checks.,general_query
exact reason why you re being pushed out of london! url,general_query
- please update maps. you folks are owned by google but use the crappy google maps. waze also owned by google is over 95% accurate!,general_query
ok. will they contact with me?,general_query
"an uber driver refused to drop my mother at the right destination, asking her to get out of the car on the other side of a six lane highway, with a lot of luggage! unprofessional behaviour and refusal to drop at designated destination!",general_query
i already have!,general_query
forgot a purse in the back of our uber last night and have been trying repeatedly to contact our driver! worst customer service ever!,service_complaint
can you please ask your drivers in jordan to stop smoking in the car. your cars' smell is disgusting,service_complaint
why does it say on my profile that it's rejected? i can't complete a profile because it asks me questions like i'm a driver. i have a passenger profile. it says 66% full. also can i see how a driver rated me? suggestion i'd like to see a pictures of drivers cars. url,general_query
"finished work late, exhausted, called an , phone died, tried to flag down driver to no avail, he looked and then ignored me. still got charged 4.25 because i couldn t cancel it #badday",billing_payment
i have already sent details today morning!,general_query
"i'm trying to place an order on ubereats but i keep getting a phone verification prompt that appears and when i try to enter the code in, it says there is an error. happens even when i'm sent a different code, just wondering if you could help me out",delivery_order
horrible experience with ubereats. everything that went wrong did.,delivery_order
ubereats rider was too lazy to buzz my apt no. so he cancelled my order,delivery_order
"i did. and it's bs that you don't list the driver who accepted the fare and then cancelled it. so i wasn't able to flag him as having done something inappropriate. but i'm confident you have the data there somewhere, so i expect some kind of action.",billing_payment
been faithfully on my rider pass for months with auto renewal. now it s lapsed and i can t get it back. why has this discontinued?,trip_issue
is it possible to reserve an uber ride through your app 6 weeks in advance?,trip_issue
never taking #uberpool again. not worth the savings.,general_query
the support in dubai does not exist need a number to talk to been over charged last 3 times drivers cancelled and im penalised,billing_payment
changed my number and blocked my account for the second time. i should sue for emotional distress.,account_access
your service in madrid has recently been consistently disappointing,general_query
your system keeps on booking cars which is too far from us instead of those that are near. ugh. this consumes too much of our time.,general_query
"after 2 drivers and over 20 minutes of waiting, i decided to get , which took 2! get it together! url",general_query
ive been trying to reach you for days to get help with reactivating an account. your service could not have been worse!,general_query
looking for help updating phone number on driver account. can you help? email __email__,general_query
who waited for who ? #deleteuber i waited and waited. then called another driver. url,general_query
"i do not have any outstanding payments, my payment type is good, but i cannot request a ride. i keep getting an error message. help links are useless. any assistance would be great.",billing_payment
this is what happens when i try to do that. nowhere to write anything. can you message me instead? url,general_query
"hi , i registered in uber and i want to change the city.",general_query
"hi, i have a discount on rides, but they're not being applied to my account. what should i do? please see the pics url",account_access
unethical practice by charging surge x2 for no reason and in scheduled ride.,trip_issue
i know somebody better message me back asap cause y all driver is harassing me,safety_incident
troubled by a spate of #overcharging on my wife's account recently on some flimsy pretext or the other.,billing_payment
it s honestly a joke! last time i used the sauce they sent is one i m hugely allergic too and this time half my order was missing and it was freezing when it got here! every time i ve used the drivers have been ever so rude! avoiding in future. url,delivery_order
hey #uber my wife left her phone in the car yesterday. the driver was supposed to bring the phone back tonight. he did not. help.,general_query
"useless, deletes app",service_complaint
thank you. just sent you a dm,general_query
why wld i be chrged a wait fee on 2 routes when the drvr did not wait? infact our 2nd drvr didn't come all the way to the adress.,general_query
i messed up and put wrong amount of stars and feel bad cause i wanted to rate him higher. how do i fix my rating?,trip_issue
i can sign in but not book rides,account_access
"hey i m receiving a text message every few minutes to confirm my mobile number, im not even trying to use uber at the moment. help! url",general_query
hey . we need to talk. your company isn t keeping the elderly safe. my parents were picked up by one of your drivers who took their credit card and charged them an extra $27 with a machine in his car. they also got 2 more charges cancelation fee amp $19 trip fare! wtf guys,billing_payment
is there a phone number i can call for support,general_query
i tried logging into another phone but i cant receive the verification code.,billing_payment
what makes me really mad is when you order extra sauce and instead you don t get any at all,delivery_order
"hello, we r creating g3 delivery by working with local farmers and wanted to see how we could use you to deliver our fresh food?",delivery_order
still requires me to sign-in. without my phone i can't two-factor authenticate.,general_query
check your message. i just did,general_query
should i show you the automated responses i keep getting from your helpful customer service people or can you actually help?,general_query
yo your gps has been screwing up my deliveries all week it's not hard to find my apt complex but your driver's sure do,trip_issue
hey how do i make sure my driver s car doesn t smell like a smoking patio when they pick me up?,general_query
got to let us sign in by email again or give us the option to. i paid 55 for a damn beck taxi last night,account_access
both that i ordered today jumped so much in time for them to arrive it's very frustrating,trip_issue
i need help. asap,general_query
can we please stop receiving emails 2-3 emails/day to be a driver? can t find in our settings. thanks for info,general_query
please help me use my new account!!,general_query
any green light/activation centers in louisville where i can get my vehicle inspected for free?,general_query
"someone from your team just emailed me asking me to verify my cell phone number.via my cell phone, with no other options. this is a joke please help me",account_access
i have done this but my problem was not mentioned there. first on my uber app the price showed 199 but at the end of the trip it showed 288.,billing_payment
". my driver picked another passenger up and i got charged, can i get assistance on this please",billing_payment
how do i report that your trip directions were incorrect? they included a turn onto a street that does not exist for car usage,general_query
has gotten worse in ncr over time. sucks big time. switching to ola,general_query
this was the actual driver who made threats against me not the other person that you weirdly connected me to url,delivery_order
i am not able to use my account. when i try to book it says url,account_access
"made complaints drivers didn t show up to the designated location, then left app hasn t worked since thank god for",service_complaint
how do i complain about a smokey car? yuck. i thought cars had to be non smoking,general_query
why does your new ux suck? how come i can not see what the car looks like anymore?!,general_query
why do i always get locked out my account? pisses me off.,account_access
me when i order maccy d s from and they don t include the dips.again #canteatdrynuggets url,delivery_order
"yall wrong for not giv8ng refunds wheb orders aunt right, dont use them people",billing_payment
i did check but this is clearly a weird case. see part 2,general_query
your drives suck!,general_query
how the fuck is it possible that you show rs 179 for pool ride and then ask to pay rs 418?,billing_payment
i cant send any mail cause everytime i send i need to sign in but i cant cause my account is block its freaking stupid can you dm me so i can talk to somebody,account_access
the app is not letting me register as new user please help,general_query
done all that . i don't get an option to save . it just comes up with next in a grey box and an error saying invalid zip code .,billing_payment
it would be nice to be able to contact you all directly i serious situations! i need to speakto someone as soon as possible,general_query
not fair! want my doughnuts url,general_query
about to piss me off i m hungry and y all app tripping,trip_issue
"i'm pretty tempted to never use uber again after this. ever since ya'll got rid of phone support, the support is terrible.",service_complaint
"managed to somehow order food i didn t order. and the support couldn t cancel the order. sorry, but i m not down to paying $10 for a one mcmuffin.",delivery_order
i can't use my gift card credits for a ride! it says payment invalid for some reason,billing_payment
__email__ 8447505628 paid amount 42/- url,general_query
been dealing with an glitch all day amp they've only made it worse.won't fix my only means of an income after disability. thanks,general_query
juanita maidwell was told to download the driver app 3 weeks ago after dowloading it she was told to wait on an e-mail before driving .she has completed 50 rides with lyft uber is a scam,trip_issue
why do you guys have the option to add extra stops but your drivers get attitudes about having to make them extra stops the fuck,general_query
i haven't been able to book a cab for two months and your support bots are extremely unhelpful - is there a human who can read my messages?,general_query
my ride was cancelled by the app automatically,trip_issue
hey #uber second time i've been charged a wait time when i was in right spot and driver was in wrong place. this is bs,billing_payment
good luck! i m in the same boat and going to bed.,general_query
so i paid 20 for to deliver a single pizza last night. arrived very late and freezing cold. apparently no replacement or refund.,billing_payment
. literally just waited an hour for a delivery that was advertised to take only 10-20 minutes. not the 1st time. fix your shit please,delivery_order
. i was physically abused by one of your drivers today. this behavior is unacceptable please do something or i'm suing.,service_complaint
can't drive for a month. do you guys offer some kind of membership where i can get one month of unlimited rides to work?,trip_issue
"what happened to in-app tipping? didn't ride while it was in trial. went to tip last night, no option. why?",trip_issue
yeah 2 hours is not 2 days. it's a simple license renewal. im losing hundreds missing uga homecoming,general_query
help you charged my credit card and i need to know why from thb50 to thb350? what is airport surcharge? url,billing_payment
never use for the rides to/from the airport. they are overcharging. 2800 roubles instead of 1 k fixed price in my case. url,billing_payment
i was charged a cleaning fee for my driver almost hitting a car and causing me to hit my head and spill my drink smh,billing_payment
my friend s at my house and i just got him to sign up to ubereats for the very first time but it s saying there s a payment issue because his cards been shared on too many uber accounts but it s the first time his card is being used ever on this app.,delivery_order
what a let down. i feel you have smashed the sanctity of trust in our beautiful relationship. feeling traumatised,general_query
nothing like waiting an hour for to deliver mcdonald s.,general_query
"hey as you work on fixing culture amp take care of drivers, do let us riders know if you think we are your customers! because right now the app, mapping, gps amp passenger safety makes cable companies look like santa claus!",trip_issue
i am unable to book any ride ..my no 91906916 . please help asap url,trip_issue
and no resolution. no charges reversed and account not deactivated. worst service ever,billing_payment
"i booked this driver, he said he was coming and then he turned off his phone. then i had to pay the cancellation fee and then had to book an ubergo because i was late. this happened 30 min back and just not done. url",billing_payment
"can you maybe not charge me for no reason every single time i take an uber?? that would b really cool. also, i want my money back. thanks",billing_payment
worst customer service! no one can call? what kind of joke is this? i want my uber eats account completely deleted!,delivery_order
uber! i can t get into my account and it s not letting me update my phone number! help now before i go to lyft.,account_access
i used the help tab already. it said someone would contact me shortly and i still haven t received a call for a refund.,billing_payment
i tried doing what you asked howere it didn't work because the phone i was using didn't match what i have on my uber account.,general_query
"after entering a destination amp getting a calculated fare,imagine my surprise when i was charged 100% more than that.will never use again",billing_payment
forgot my password. now can't access my account in my new phone url,account_access
why is there no option to delete my account? #uber url,account_access
send me your email where i can send my complaint in detail..reply me on __email__,service_complaint
ride booked by kirti shenoi,trip_issue
"is that all you can do? what'll happen to the loss amp trauma that i've suffered? i just get robotic responses from your team. forget passenger safety, this basic issue stands unresolved. thank you uber for your time.",service_complaint
"hi uber, i can't use to login and booking for my trip, is really important to me ride uber",trip_issue
why doesn't your app work on phones which aren't running google play services? or on ubuntu touch phone?,general_query
i don t feel safe in cars anymore. i d rather ride with because at least they ll stand up against extortion,trip_issue
"dm sent. once again, would love to speak to an actual human.",general_query
"hi, the app doesn't let me use codes, they were supposed to be valid until october 31st",billing_payment
k delivered the food we paid for to the wrong person then proceed to charge me 5 times for it when i tried to be refunded url,billing_payment
how long does it take you guys to reply emails,general_query
"i was charged $11 from uber last night, but i didn't take one and we don't have uber in my city right now. help please?",billing_payment
whats worse is i missed last one now i have to wait 9 more days for next one,general_query
in no way could the meal have already been made. now i have a meal i don't want because of an accident,delivery_order
hi please check your dms i wanna go home ty,general_query
i see two transactions but one is only pending,billing_payment
not cool to be charged for 20 minutes extra after being dropped off.,billing_payment
i have sent several emails in response to your decision. i don t understand the push back after you saw i requested another driver right after the cancellation. this is not what i expected after being a regular customer.,general_query
i need customer care number please give it to me,general_query
support i received my p endorsement approval txt from uber but my app is not activated yet even though uber message saying. uberx have been enabled,general_query
"welp. you guys didn t really help me at all. so if there s a way to give you guys a 1 star, i d like to do that.",general_query
for having one of our drivers cancel on me when they were literally outside my house fucking fabulous,general_query
i would love a direct line of communication that s what i m asking for i am waiting for one to be established.,trip_issue
we did a police report but driver suspended the account police said to take picture of license plate before getting in. we only hav 1st name,trip_issue
waited nearly 30 minutes for my uber. how does uber justify charging its clients for their service?,general_query
so what is the average score amp what is outstanding?,general_query
i added a member to my family profile you put a hold on my card for their ride but then charged their card instead of mine?,billing_payment
sure but your team says the issue is too old older than 48 hrs hence they can t do much. this is appalling if you don t respond yes it will become an old issue in matter of time.,service_complaint
i haven t moved you gump muppets yet you cancel. sort your gps out #mongs,trip_issue
is there a way that you can set your settings to only get drivers over a certain rating? asking for a concerned rider.,trip_issue
"how is i can deliver for restaurant last night, then today, can't find them in the app to order my own food? wtf",delivery_order
trying to get to the airport but our driver keeps using multiple maps and keeps having to make uturns. #baddriver,general_query
how many active drivers have been working in liverpool over the last 4 weeks,general_query
need an appointment for onboarding .. 07834236337,general_query
i was totally astounded by your service but not anymore. i ordered in blr but it says looking for a delivery person since 40 mins. url,delivery_order
i am enable to pay some rs.47.,billing_payment
is overrated. ordered a cab and it takes half an hour to come because hes dropping somebody off first! i didnt want to make kick off anyway you bellends!,delivery_order
why the hell yall keep disabling my account?,account_access
don't you guys have a toll free number for customer care?? .. if not.. how do i solve my issue.. your app won't let me book any rides..,general_query
why do you not allow customers to select payment method before submitting order. makes 0 sense,billing_payment
book cab for my family actual bill inr712.19 charged by driver inr900 in cash booking. please check url,billing_payment
i m starving and acting dumb af,general_query
pleaase add a do not disturb button to journeys. some people just wanna get in a taxi and get to the destination and don t like talking to people or hearing drivers moan about traffic lights. thankyou.,general_query
"took a taxi in ubud, bali and i was charged twice the estimated cost.. we have raised concern, but haven't received any response",billing_payment
"we've already done all this and still no response. this was our last resort, anyway to talk to someone and not a bot?",service_complaint
i'm confused by this response. to address concerns like this. or to address my concerns? url,general_query
"you ppl will never change you don find a proper solution on this filling forms doesn t make changes, uber service is a lust",general_query
will you please contact me. you guys need to get it together. its a fucking joke how bad your service is.,general_query
i was receiving the emails for a few months but i didn't get the email this time around. i found out on reddit that it was sent out yesterday morning.,general_query
my food was never delivered. is there a support number at which i may provide further details?,delivery_order
screw you after 2hrs of waiting and still no food! #done #sonichereicome,delivery_order
i was charged unfairly for a cancellation last night. the reason is not listed on your app - please contact me,billing_payment
i ve done that and nothing,general_query
how do i contact my uber if i left my phone in the car?,general_query
"my account has been disabled without even a single use, newly registered",account_access
another shitty logan experience. driver took ride but didn't move for 10 mins. wouldn't cancel #firehim plate #6nk473 #uberloser,trip_issue
i have a question about a phone left behind on a ride. problem is password forgotten and phone missing is the 2 factor device. can you reach out to me and help to get in touch with driver or reset password?,account_access
but i need a ride pass,trip_issue
"at least your phone even gives you the option, still doesn't even show up on mine. bring back the pool pass, it's getting to the point where no matter how much time i save i just won't be able to afford to commute this way anymore.",general_query
"called in to support, already filled form out. no help. this is why i or",general_query
uber keeps disappointing me. you guys have terrible service! why do your drivers get lost and instead of calling the person they just cancel the ride! highly disappointed !,trip_issue
hey - can you add the car colour along with model to the app? would make spotting it in a crowd a lot easier. #trafficjamproblems,general_query
my issue was resolved. thank you. i was confused on the quest promo. tier 1 amp 2 completed. only received $75 when i thought it would be $135,billing_payment
i tried to contact this driver several times they declined my call then charged me. is this how you run a business? this is ridiculous. how could you seriously think this could be ok? url,billing_payment
i keep receiving low rating from drivers when every single ride i have taken has been quiet and uneventful. i am considering closing my account and deleting the app.,trip_issue
help please. uber driver took wrong route. i was overcharged. uber agreed to refund difference but charged me twice $43.13,billing_payment
last night i ordered mcdonald s from my account and later my friend made a purchase from taco bueno from his credit card through my account,billing_payment
i can't login to uber drivers app to upload some missing document . all these issues because of my phone no has been change. help,account_access
if i was quoted a price for my trip in miami then why was my final charge higher?,billing_payment
"after a 45 minute wait, you just cancel my order. why? url",delivery_order
when you order a big mac from and this is what s meant to be the big mac burger. url,delivery_order
why don't you care about your customers at all? we're expected to pay for inedible food that the restaurant screws up? in what world is this a way to run a business?,delivery_order
"hey i think there's a glitch in your notifications. i live in downtown dc, so this makes little sense url",general_query
"guys i lost my phone in my last ride, and i can t get into my account to send a message to my driver, cause the 2 factor authentication. i m prety sure he has it, or uber in puebla",account_access
hola me llego un cobro por viaje cancelado que yo no cancele que debo hacer?,general_query
"unfortunately, his email address is wrong.",general_query
919505012053 this is the cell number of your driver who cheated me and i called him twice but he just fooled me amp abused me,general_query
my driver was just so fucking homophobic to me i had to get him to pull over so i could get out.,general_query
never ever go for uber pool. it s a way of cheating customers.,general_query
$113 for a 35 minute ride. this is ridiculous,trip_issue
adding,general_query
"upi option not available in payment section, airtel money option also not available, url",billing_payment
"i'm not even making minimum-wage! i could park my ass at mcdonald's, make more, spend less in taxes, and not fuck up my car.",general_query
"hello i need help in relation to uber cancun's response in a detention of my vehicle, some email to which i can communicate?",general_query
"she was in a uber with daniel tyrell, but because it wasn't her account no one will help her. what can we do?",general_query
does the 10 off your first journey come off automatically when i get charged for the journey?,billing_payment
how long unil you accept prepaid cards?,general_query
"hi, i m in a different country, i bought a new phone and i cannot use uber because the verification code arrives hours later. could you help me, please? thanks.",billing_payment
my driver has been stuck in the mall parking lot for 15 minutes. my ride was only suppose to be 5 minutes long.,trip_issue
"hey . where's my cash for your driver cancelling on me? first driver arrived in my street, saw the road was blocked by a lorry and. url",trip_issue
ubar is g8ving promo code but no option to redeem the offer.these idiots making fool,billing_payment
c mon ! twice i schedule an uber in advance. 1st times late. 2nd time way too long have to cancel,trip_issue
i cannot verify my account because my phone number doesn't work in the country i am in . account id __email__,account_access
"hi, i was wondering how to select vehicle that can fit 3 adults and 2 children? any option? thanks",general_query
"yeah right, i've been fight with those stupid agents for nearly 10 days in app already. it's really baffling how a company like can get their customer support so wrong. url",general_query
"at the end of this trip, the dvr lost his wifi connection and couldn't close the trip. i paid him 900 cash and left to catch my flt. i want to pay him the bal 85.82 but can't contact him. please help. url",billing_payment
time to delete worst food delivery ever! litterally 80% of orders are incorrect. #basic,delivery_order
can you help me out with this? i just got a charge for a trip i didn t take. url,billing_payment
"my account will not let me use an active card that has money on it, i need help with this situation since i depend on uber to get around.",account_access
i m deleting it tonight.,general_query
why does pretend there s an error when my driver cancels before arriving to my location and they sneakily charge me a fee??,billing_payment
order number is 39171,delivery_order
so.no eta then?,general_query
tried to order an . last night and it got cancelled after an hour. f ucking joke. do not use ubereats in exeter.,delivery_order
"hi, uber charged me a cancellation fee for two rides that didn't even show up. the driver cancelled at the 1 minute mark??",billing_payment
"howdy, do you do uber motorcycles in nyc?",general_query
all i want in life is for to deliver. get on it .,general_query
is a fucking piece of shit i m stuck at an airport because my fucking card won t fucking scan and when it finally does the number is wrong fix this shit! unfuckingacceptable,general_query
you have cheated me and instead of refund you r making excuses.,billing_payment
where in the setting tabs ?,general_query
today i travel from greater noida to noida citi centre i booked a cab my cab is using drink and driving car i told him he used abused,general_query
a very concerning charge just appeared on my card. why is an in california charging me? i need a refund and answers. url,billing_payment
"we booked the cab at 5.17 p.m. yesterday and the cab reached our location around 5.30 p.m. though the trip started only on 5.39 p.m., he charged us from 5.17 p.m. even before reaching our location why should we pay for his ride? url",billing_payment
"my dad's account was hacked and used to book uber cab in you.s while we stay in india. his cc was billed, please close his account so this won't happen in future.",account_access
"- total confusion at dxb as to where the pickup area is. no sign, drivers trying to explain over the phone where they are when english isn't their first language.",trip_issue
what is this dm?,general_query
please refund not uber credit cancellation fee resulting from driver error - app not helpful for complaint,billing_payment
"hi, i ordered a some manga chicken from a restraunt and once received it was all sauce with one piece of chicken in it",delivery_order
my ubereats time shot up by 40 minutes not long before expected delivery. where can i complain and get a full refund issued?,delivery_order
we have been emailing back and forth. nobody is helping at all.,general_query
the issue hasn't been solved yet. it still shows uber is unavailable. very bad service. its been 3days since when this issue is present,service_complaint
i recently booked ubergo for sanpada to bandra and forgot my phone in cab.please help resolving this issue,service_complaint
"is it some scam or what,my last ride issue of over charging is pending and yet again,i am being charged 4times more thn the rate booked on,charged for 48.3km actual 2.5km ,booked for rs36 after coupon discount amp charged for rs133,how it is possible.",billing_payment
plus. why didn't he just leave them there?,general_query
i've already shared with you but no resolution yet!! url,general_query
#uber is the worst!,service_complaint
you should ask your team to follow up with tbe driver. not me. i have said what i had to.,general_query
"then drives in anaheim take double the time to show up, don't know where they are going amp were rude 2/2 #badexperience #rude",general_query
how am i suppose to change my phone number if i dont have the phone number for the verification code?,billing_payment
i talked with them last night and was told i wouldn t be charged since my food was never delivered. checked my bank account and money was definitely taken out. this is absolutely ridiculous.,billing_payment
"dear , why does it take over 30 minutes to book a ride even if there are grabcar/grabshare vehicles around? and dear , why is my payment method invalid even if i want to pay in cash? bakit ang hirap?",billing_payment
sent the note. thanks!,general_query
this is the jerk who was dropping his friends and kept me waitign url,general_query
in my ubereats account only paytm is showing as a mode of payment. please help me with this issue.,delivery_order
i have been charged with paytm and cash for this trip. please. help to get my money back. url,billing_payment
wtf! one of your drivers has our phone and refused to give it back and now turned it off so we can t track it! #nashville,general_query
insists on charging me a cancellation fee for a trip i cancelled because there was so much trash in this guy's backseat there was nowhere for us to sit. it looks like the drivers have the upper hand in this game.,trip_issue
"they won t even read or try to understand and keep on sending generic answers - so inefficient, so much time wasted - 5 days and my issue is not fixed",service_complaint
"infuriating, i want a refund not a credit.",billing_payment
uber express picked 6 08am ride then called asking for destination. felt unsafe to give over phone.he hung up amp canceled ride!,safety_incident
is it just me or is the new thing with some drivers to accept the job then not attempt to get to you so you cancel and get charged,billing_payment
i've been a driver for over 2 years. i need to know if i can change my vehicle to a 2009 lincoln mkz? is this vehicle supported thru uber? same for ubereats?,delivery_order
awesome service last night! can t believe can get you so wrong,general_query
"hey! i got charged twiced, 18 minutes apart. help!",billing_payment
- its more than 90 minutes and we cannot get hold of anybody from uber and cannot contact the drive - help help help url,general_query
massive fail of the marketing campaign of amp url,general_query
"either way, no one's a winner. i got ripped off by and uber lost a loyal customer/user. thanks",general_query
the uber driver picked up someone else for the ride i m paying for! he won t cancel and i m not paying for two uber s! help!,trip_issue
i've already done that.,general_query
you sent me 2 5 vouchers that i tried to use but came up as expired. there is no expiry date on the email,general_query
"you guys really need to fix your god damn drivers app. it's inaccurate and it makes hard to find customers , for all the profit you",general_query
"i took a video of the driver surfing fb but don't want to post it here in public. will send it to you thru the uber app. obviously you have work to do in training your drivers on traffic rules, safety and service!",general_query
dm done,general_query
i recently got a new phone. i went to make a new uber account and it says my new number is already in use. won t let me sign up!,general_query
almost everyday overcharging! two refunds dated 9thand 14th pending besides follow ups,billing_payment
i was charged for a ride i did not take or approve of. i tried calling and e-mailing but your support does not work there.,billing_payment
i received an email for sf/ bay area ride pass and when i click on it it says all out!! i m a college student that needs to go to school for a low price!,billing_payment
"i'm new to uber. i need to edit the time of a pickup. how do i do it? also, why can't i arrange a pickup from phx airport?",general_query
our uber was in a crash on the highway,safety_incident
i was charged for a trip when i had credit in my account. how do i speak to a human to resolve this?,billing_payment
hi my mobile no. is 7838099302 and i have made two trips on 9th october 2017 but i have not received my receipt. please provide,billing_payment
done. email me please i m so livid about this lol,general_query
"just submitted a note with driver info. i've attached it as well. between your network error and my driver, this am was a living hell url",general_query
"hi, is there luggage restrictions in ubergo for a single passenger? i booked ubergo.uberx came and he charged me extra for luggage saying new policy? please confirm.",billing_payment
"i did provide feedback via the app and got a carefully worded, boilerplate reply. not the care i expect from uber.",trip_issue
the app keeps crashing every time i open it,service_complaint
if you are going to run a social media account you should know i can't direct message you if you don't follow me,general_query
same! three ppl in my office have had it cancelled /,general_query
ultra pissed this morning! you don t play with people s airport travel!,general_query
fuck you uber pool bitch have a nigga with a van pick up 8 people bitch i paid 20 dollars for my ride you should ve gave them all a free ride,trip_issue
well earlier you guys dint seem to care when i did reach out via email. i was forced to take to twitter. dm'd you my email!,general_query
i did send a dm and all you do is point me to your worthless help page on how to use a 'gift' credit? we already know how to do that but we can't use a gift that has not be sent! done wasting time. i'll take it up w/ - protest charge,billing_payment
you suck you charged my account twice $50 i want a refund,billing_payment
"i ll do that, thanks. i ve just received a reply to a wait time complaint i had sent. there was no waiting time! i shouldn t have been charged. and i can t even reply to the email. can you please have a customer service number? this is frustrating.",billing_payment
"what i won t do, is continue to waste time to send you all a message explaining the challenges. given that i ve sent 4 emails to support already that should be logged and is available for all to reference . i will dm my email and phone # and put the onus on y all to do your jobs",service_complaint
my has been a minute away for 10 minutes now.,general_query
i already sent a damaged report. they want to refund one item. i told them i should not pay for delivery but they don't care. bad service,billing_payment
i ve already done this. it was decided the charge was fair and i can t see how to dispute that? because it was absurd.,billing_payment
dear ji how long this cancellation charges loot will continue even if cab driver cancel himself amp ?,billing_payment
"i on uber right now, there is no phone icon to call for help about changing destination",general_query
__email__ i am so piss is beyond this a fraud,general_query
i just want to delete the promo code in my account because i found a better one.pretty please?!?!,billing_payment
really sorry to write from some time your rider have no right to mail you and nothing to contact nos and mail id.,trip_issue
4outof5 of our meals were cold/wrong/missin amp all we got was a $16cred on a $50bill?? #worstcustomerservice,delivery_order
in durban? maybe rain delayed? but they could have called! poor show,general_query
fuming is not the word! ordered uber eats at 1 30 for delivery at 2pm it is now saying 2 45 amp rising!! it s mcdonald s for god sake last time me amp my family use this service or the taxi service for that matter! #clearlydontcareaboutcustomers,delivery_order
"last ride estimate was 10 x2 high request for the rain . #uber i expected 20, not 37! final rate was pretty horrific. url",trip_issue
after logging in it goes back to the homepage as if i didnt log in,account_access
where is my food at? it's says delivered but yet my coworker and i go hungry.,delivery_order
your driver rana pratap car no. up14ft5662 is being abusive and threatening me and family at the delhi airport terminal 1 arrival. please take control of the situation asap. url,safety_incident
it's not working. my passport is in the car and my flight leaves in 3hs,general_query
disgusted that quoted me 12- 17 for a trip and then charged me 25 and are now trying to tell me its my fault! i did not keep the driver waiting therefore why am i being charged more? deffos not using them again stick to private companies x,billing_payment
dear this thing where you let drivers pick up a ride during a current drive needs a limit forever late because of this,trip_issue
why is it impossible to contact you? had a terrible experience with a driver last night and since the trip was cancelled i can't 1/?,trip_issue
"lmfao mama they charged me twice for an order and didn t wanna return my money, they gave me some policy bs. don t order from them.",billing_payment
why does it say oops something went wrong every time i request a ride? is it because of the promo code?,billing_payment
is da 2nd incident in a week whr i ws showd diff amnt while bukin n diff amnt ws deducted later. dis is fraud! no response frm previous mail yet.,trip_issue
"what are your contingencies, regarding service during lake effect storms in the great lake region?",general_query
you gonna fire that lying bitch and unsuspend jameis account?,general_query
dose uber eats need full g license ?,delivery_order
another over charge from uber .. can this please be fixed url,billing_payment
isn t the driver meant to call us if they can t find us they cancelled booking and charged $10 when i was waiting on other side of the shops,billing_payment
does not honor full refunds on incorrect orders. i happily closed my account after receiving this email. url,billing_payment
why do i have to get a non enlgish speaking person everytime i order lost my appetite giving directions in spanglish,delivery_order
"can you follow up to my reply there, please? if i die walking home tonight, i'm blaming you",general_query
charged 237 for a 1 hour 15 min trip ? support time says i took a different route but surcharge also added #uberloot url,billing_payment
what s a contact phone number my account is on a wait list for two months,account_access
i dont need uber account delete my account,account_access
since 5min url,general_query
wow your drivers are so unprofessional. nicholas arrived 15 minutes after i requested him and he arrived here drunk url,general_query
"very disappointing. from ordering to getting the food. how do you force people order ice cream or cream and force people to add basic condiments? meh, nah worth it. i rather fry eggs.",delivery_order
it takes your drivers 45 mins to cycle 1 mile? foods frozen! ri off shit service. could of walked faster.,delivery_order
"ubereats done man dirty, didnt accept either of my orders url",delivery_order
here's how responds - nothing but nothing . yah url,general_query
had left something in the cab a long atime ago. we got driver's number from uber but he has been avoiding our calls.,general_query
account got hacked and trips charged to me for someone in russia. what shitty app is this url,billing_payment
planning a trip to lansdowne from delhi with office frnds. does provides cab? wht abt ? which is better?,trip_issue
nobody reply on app it's more than 2 days now,general_query
"hi, i am going to new york from sf and want to drive in there, how can i see rental services and plans through uber platform, and add on my account to drive, can you help me out with this, thank you",general_query
sent an email yesterday via this link you provided but still no response.,service_complaint
passenger should be allowed to cancel without charge if driver gets lost 3x trying to get to a popular pickup spot,billing_payment
i booked a ride to the airport this morning and it did not show. does your request system work or should i revert to taxi's?,trip_issue
". it's just above freezing 36 w/o wind chill and the sunset while im chilling at a local forest preserve, one of your drivers just wasted 20 mins of my time and now it is pitch black and i am alone thank you for this nightmare fuel i just wanted to visit trees",service_complaint
when should i see the credit? i don t see them in the payment tab.,billing_payment
how to connect facebook account to uber? to login using fb.,account_access
the driver cancelled on me after i waited 10 minutes,trip_issue
i want to go home and i cant afford a taxi that s why i use your service and it s not safe walking at night when you are deaf and can t hear anything please can you fix this faster!,general_query
meanwhile can you email me the travel receipt of 12 nov 17 at __email__,billing_payment
how do i add a second stop to my trip,general_query
if someone could help me and cancel order #4ff82 this extremely pregnant and starving woman would really fucking appreciate it.,delivery_order
hi! what is the update now?,general_query
the worst ever. 2 drivers couldn t find dulles. getting home the reliable way taxi,service_complaint
help uber..got a promo code from uber through sms..when i'm trying activate it.it says code not url uber,billing_payment
need uber australia,general_query
seems drivers in hk demanding extra cash payments yesterday bcoz of typhoon. please see my support ticket.,billing_payment
"a certain route has been giving drivers trouble, what can i do besides sending a text to every driver?",general_query
i need to add a second car to my profile how can i do that?,general_query
how can i order an uber for my mother at another location with my account?,general_query
uber support is really pissing me off. i never felt hard to reach out to customer care service for help.,general_query
"who do i complain to? driver cancelled job because he couldn t follow a simple map, screen shotted! left me in the rain on 1%.",trip_issue
"don't do it.too many times my order hasn't been right, have four kids and two grandkids who love mcdonald's but can't continue to order and pay and mot get what i ordered! i mean hell my daughter abd both grandkids wants mcdonald's tonight but can't do it!",billing_payment
don't fvckn accept rides from this driver he's extremely aggressive guys url,trip_issue
email sent via your link provided. thank you,general_query
"i get an error message every time i try to request a ride. just trying to get home from work, any help?",trip_issue
i've been waiting for an order for almost two hours and you won't let me cancel. absolute piss take.,trip_issue
"i never get the email alerts for flat rates, despite having signed up multiple times. anything you guys can do to help me?",general_query
my account has been hacked and i cannot access my australian account as i no longer have my mobile number to verify and query the payments. i have emailed to no response? please help,account_access
"ordered mcdonald s from butterfly walk, half food missing, rest cold amp covered in spilt drink. not happy. refund me?",delivery_order
"i was just dropped off but my app still says, arriving. having network issues? please help. url",service_complaint
"you are the worst kind of service provider that someone can relay one, you are a model for terrible customer service !",service_complaint
i had a glitch in the app during an uberpool ride. when i was dropping the first rider off and i ended the trip the first riders drop off address was still showing up so i so i ended the trip again but it turned out ending the second trip.,trip_issue
i have and no one has gotten back to me. how long is the response time?,general_query
"there was no accident, the app just froze",service_complaint
my uber eats driver didn't bring me my gatorade,delivery_order
silver nissan ultima pa kfp-1244 2 30pm 12/3/17 on columbus blvd. reckless driving threatening other drivers. is this the type of drivers i can expect from uber? url,safety_incident
hi. i left something in the cab. how can i message my driver? he asked me to message him my number?,general_query
"i m very angry right now. you charged me for a full fare after i cancelled a trip. the $5 is fine, but the full charge isn t. 1/",billing_payment
i am a uber rider.but whenever i try 2 edit my profile it always direct 2uber partners account.for that i cant edit my profile url,trip_issue
your uber driver ripped me off and i want my money back. thanks.,billing_payment
can you just dm me please,general_query
will this get me a refund. i could have walked faster.,billing_payment
unsubscribe me from promotional sms,billing_payment
"trying to get help with a charge credit issue. exchanged 10-12 emails with support, getting standard replies. i have tried explaining in all possible ways. #amex #ubercredit. please help",billing_payment
still the story is same.#nopoint #ubersupport,general_query
i need to talk to someone about a fraudulent charge on my account.it said 40.00 to clean the person's url,billing_payment
still continuing to receive the worst customer service from,service_complaint
still no reply after almost a month!!,service_complaint
"hi,can you please guide me on how to delete credit card as my payment?the card doesnt belong to me anymore so that's why..",billing_payment
"3 here is another excuse, for just no reason and its your system you can over ride it any time you want. stop excusing amp start acting url",trip_issue
why was i not offered to purchase a ride pass for nyc? i m a consistent and loyal user!,trip_issue
"help! my vehicle registration expires today. i paid my license dept last week but have not received it in the mail, to upload.",general_query
why does my tip no longer show up with the fare in the same email? putting them together made expense reports easier.. what happened??,billing_payment
i ordered food and this ghetto bitch immediately canceled after picking it up. like did the food smell good?,delivery_order
hello i was charged without getting rides?,billing_payment
sign in but not able to book ride,account_access
how not to run a promotion #ubereats #krispykreme url,delivery_order
hi i am muneer from india i have some questions for you,general_query
you need to reach out to me asap please !,general_query
i used uber and this bitch wouldn't let me out the car unless i rated her 5 stars,trip_issue
this guy is not picking my call after i told him my destination he is standing there neither he is cancelling the ride. url,trip_issue
please check inbox. i've already been sending all the details and your team and spoken to me. but left the matter in between. please assist,general_query
"never using again, my estimates delivery time was 3 07 now it's 3 25.",delivery_order
look like and are not communicating! url,general_query
my account email is __email__,account_access
and fuck for pretending they will give a fuck about this. this asshole drove away and took my money and i had to take a cab anyway. fuck! url,general_query
when i book a cab for someone else the other person never receives a message of driver no and car details,general_query
5 cancellations within 24 hours ! appalling service! i hope people see sense and stop using.,general_query
how has your experience with been? we ordered $40 worth of food and only $20 of it showed..their reply? #customerservice #fail url,delivery_order
tried that still haven t heard back. i never even cancelled my ride.the driver just accepted the ride saying i was in there but left,trip_issue
"hi, i was significantly undercharged for my uber last night. how can i fix this so my driver is paid properly?",general_query
we need 2 talk. re my driver account 4 issue that's your fault thru xchange lease-trying 2 fix 4 1 mth. why won't you fix #blockingmyincome,service_complaint
my driver crashed the car into another vehicle,safety_incident
may miss flight driver refused destitination after arriving completed my trips quota not so much an sos number to call #thissucks #takeaction,trip_issue
1.3 x surge fee due to increased demand and the first driver is 6mins away. really ?,general_query
why not have local support number to handle such issues?,service_complaint
no esperabamos mucho de tu cobertura y aún así logras decepcionarnos.,general_query
yeah have done. but rude exec drivers destroy your reputation all brand. will get a black cab next time.,general_query
please can you help look into my account. i can t see log in i have uploaded my renewed driver license and yet can am not driving yet,account_access
pool is so annoying like you really have to take the longest ride and ride with strangers and be annoyed. also the driver loses out on a tip because thats just ridiculous i refuse to tip on a long ass ride,trip_issue
ridiculous,service_complaint
this is a cautionary tale. uber's response is to not refund me and instead give me a ride credit so i have to use them if i want my money. url,billing_payment
hi gm! today i took an uber and you guys charged me almost as double as the app says on my cc what can i do?,billing_payment
my driver was watching porn before picking us up. url,general_query
. 4 days and waiting. #urgent url,service_complaint
charged me $140 for a $90 ride. this was after quoting me $65 for the ride.,billing_payment
you deactivated my account right now when i need an uber ride urgently. i thought safety was priority!?!,account_access
also my current driver is asking me to cancel the ride and he will drop me off at the next exit because he doesn t want to drive that far and wanted to keep his business on the other side of town. which i get. but not how this works,trip_issue
"hey , would like confirmation as to whether or not my driver should be on the phone because almost just went through the windshield",general_query
what happened to $6.32 of my money this morning? when i ordered uber this morning it took $6.32 url,delivery_order
"hey, - why did i just get an email thanking me for a tip that i didn t approve on a delivery i had over a month ago? not cool.",delivery_order
i have mentioned my problem over the link kindly resolve it as soon as possible.,general_query
there is nothing i have given you ss of the update,general_query
"lol yeah, sorry i do expect my food at a temperature fit for consumption terrible customer service! food arrived colder than the iced drinks url",delivery_order
i have a problem. i need a rufund on a trip that i made. can you help me out?,trip_issue
even more trips url,trip_issue
"use in us, india and europe regularly. in #srilanka is, by far, the worst service. unreliable arrival times. drivers who cancel for no reason. erratic service, unavailability of cars. getting worse. #lka",service_complaint
i am moving to uberx i never recive in 2 dayz any single ride request would you please update me the prblem,trip_issue
you act like this business is economical it should started that way now you are becoming just as bad as the cabs,general_query
if you drop the charges then only i can book,billing_payment
have sent about 5 complaints to ubereats i just want my refund you kno it's been 24 hours,delivery_order
restaurant accepted my order then cancelled. money was taken and i need to to make another order. i will dm email address,delivery_order
"just got charged $5 cancel fee when i couldn t keep waiting for a car that was already 10 min past eta amp wasn t moving. help, please?",billing_payment
i have an extremely urgent matter. a driver took off with an envelope instead of delivering it to me as instructed.,general_query
please check your dm. my background check is cleared. i check me with checkr,general_query
your driver has not yet showed it's been 20 minutes i'm going to cancel and dispute the charge i'm not paying you guys 10 euros for him not showing up,billing_payment
i cannot order anything the app keeps telling me verifying payment profile,billing_payment
ggn to delhi..rs547- 23km but time in app was 1 hr 44 mins. wow. drivr close the ride after 1 hour.so fare ws incrsd,billing_payment
shocking we are charged evn before taxi arrives sez waiting charges last time didn't wait 1min yet charged all this without consent!!,billing_payment
one of your bum ass drivers started the drive amp never even picked me up amp was driving the whole way and it charged me,billing_payment
"i paid for an uberx but halfway thru my ride my driver stopped and picked up another passenger. i don t think that i should have to pay the full x rate, which was $20 more than the pool fare.",billing_payment
i went to the form and what exactly do you mean by trip id ? i do not see any trip id on my trip history nor any other unique identifier.,trip_issue
my account has been deactivated for no reason. i can't find a contact number anywhere. please help!,account_access
dear it s ridiculous i can t get an actual refund for two cancellations.,billing_payment
app downloaded in canada. won t accept us payment source after ride. tried multiple cards amp paypal. any fix?,billing_payment
several people had the same issue no link and no way of buying the ride pass,trip_issue
how many retweet's can i get for a free handcrafted sandwich,general_query
how do i complain specifically about a ride?,general_query
"sorry, already got the email! thank you! url",general_query
ok still didn t go thru,general_query
frm last 4 months i'm booking cabs in bangalore. but i'm keep getting offers for mumbai. you want me to go back ? url,general_query
"very unhappy with customer service. i've been incorrectly charged on personal trips after attempting to use credits/points that i have on file. i've opened customer complaints but responses are unhelpful and issue not resolved, totaling over $150 of incorrect charges",billing_payment
still didn't get any help. highly disappointed with your service,general_query
i love uber but i had a bad experience today. the driver i called asked for extra return cash for him to come pick me up. wtf uber?,general_query
your support centre didn't even respond on the messages sent to them. this is shocking service and funds deducted without product delivered constitutes fraud.,delivery_order
still on hold and just submitted website request will keep waiting for someone to respond url,trip_issue
already replied with the story and email. awaiting your response,general_query
this just blows my mind. you re a disgusting company you have lost so many customers because of this. go to #lyft friends! url,service_complaint
can a driver make a second account just for ubereats?,delivery_order
the fucking worst customer service ever!!,service_complaint
i'd call you to save myself from using twitter like a 45 but.oh you don't have a customer service line for riders? nice!!,trip_issue
i ve done that three times no one ever gets back to me,general_query
"that link didn t take me anywhere 2 send a note,it was a link trying to explain how prices work i don t need that bcuz $10 increase is crazy",billing_payment
i ve submitted my insurance for uber eats but it keeps asking me for it is there any other way to submit it,delivery_order
just got a call from a restaurant asking me to cancel my order because they don't have what i ordered. can you help?,delivery_order
is there a petition i can start to let drivers drop off at arrivals in cause holy crap this traffic is insane.,general_query
this driver cancelled the trip since it is card payments when i send to pickup my mom and requested outside payment from her url,trip_issue
wen i booked the cab it showed 215 bt it was showing 243 to driver.i was forced to pay it.need a clarification asap,billing_payment
i have always been able to use url on my blackberry until today. please help me fix.,general_query
ubereats takes so long,delivery_order
what type of service do you guys provide. horrible experience. you guys are thieves. your driver canceled our order and we didn't get our money back. we've been waiting forever for our food. we have a young child waiting to eat. and no contact number to sort this out,trip_issue
your drivers are terrible in kumasi. drivers need serious training. smh,service_complaint
either solve the issues with my account or please clear me that weather it will b cleard or not,account_access
done. filled them out.,general_query
"sort your drivers out, watching my phone waiting for the taxi i ordered and charges me and then drives off / pleb",billing_payment
hey i have an issue with my account. is there a number i can call? i can't get access,general_query
how long do i have to wait?,general_query
". i find it absurd since you don't pay your lower level employees well that you would charge a busy area fee on each order from the same restaurant. it's conceivable for the booking fee, but you are low for charging a busy fee w/o informing customers of changes.",billing_payment
can you somehow remove my promo codes except for the 22 off your first ride code if i gave you my account email?,billing_payment
"got that.. but please clarify if i was in the car the moment it arrived, why was i charged wait fees?",billing_payment
a close friend of mine just had the scare of his life after this uber driver drove off with his girlfriend and child rt this please ! url,general_query
"i ended up getting a black cab! but thank you, will ask next time! xxx",general_query
can you agree that this is annoying? url,general_query
website crashed while i was booking,service_complaint
sent a follow up hope to hear back soon,general_query
i would like to speak with customer service to provide me explanation for wrong charges levied on me,billing_payment
this driver is horrendous and unprofessional! how you hire people like this is beyond me! url,general_query
im sick of receiving the wrong food,delivery_order
my uber account won t work unless i verify it but says the code is invalid whenever i put it in?,billing_payment
"my driver is not behaving well and refusing to come pick me up. on top of it, you're charging me to cancel my pool! help! #customerexperience",general_query
i have never been so dissatisfied with you would think they will refund me some money after i had 2 bad experiences in a row,billing_payment
how come i didn't get a uber pass email? this is the third time i was told i would get one. stop lying and send me one,general_query
why is your website awful,general_query
just did! thanks,general_query
why have the gods forsaken me? we always get a crazy!,general_query
- this is what i get when i tried ordering from your app!? any explanation to this? url,delivery_order
i responded at 13 15. 1minute after your response and it s 13 58. can i get a response please. i ve waited patiently.,general_query
hey is there a way to request car seats for kids? asking for a friend.,delivery_order
619 rs. uber pool for 15 kms? have you started air travel services in pune? url,general_query
the app continues to freeze for voiceover users when cancelling a pool trip. this bug has still not been addressed even though i've reported it numerous times. why is this so difficult?,trip_issue
my just brought me the wrong order,delivery_order
"before he finally delivered my food, cold, of course, ffs",delivery_order
thanks uber! issue resolved,service_complaint
when you are gonna start eat service in annanagar??,general_query
you didnt solved my query and removed promo from my account thats shame and cheating with credentials,billing_payment
you charge us 5 if we cancel within 2 mins yet half of your drivers fuck about?do we get 5 if they cancel on us for time wasting?,billing_payment
we did that already i need additional support because that did not work last time,general_query
order an they charge you upfront and then tell you we have no drivers right now! are you refunding me?! how to contact uber dubai?,billing_payment
sent my complaint.,service_complaint
so last night one of yo drivers basically robbed me by not picking me up but still charged me so from now on i m with,billing_payment
. to get to my destination. please credit me back the $5.,billing_payment
hi no one is responding to me on the app so ? this is literally so annoying. i'm hungry,general_query
my ride still hasn't started and neither is the driver taking calls?? what is up with the service? url,general_query
i can't screenshot the transaction because i'm using a tv phone thing and it doesn't have a camera or screenshot,general_query
anyone wanna tell me why the fuck there s a $20 delivery fee on ? that s fucked up guys. absolutely outrageous,delivery_order
"long live , their cleaning fee for a small stain are so high that after 2 small stains in their cars, the driver can take the rest of the day off. #uber #cleaningfee #rats #scam",general_query
i changed my number to a local number. i can't get into my account. can you please help? thanks,account_access
shocking service yet again. wrong order and no way to contact you.,delivery_order
how do i get a refund on a cancellation fee since i waited 20 minutes for a ride that never showed up?,general_query
"used a bunch at work.not after today! thanks for nothing!! ok, that is all! why is customer service so hard for people?",general_query
"guys, ! left my phone in the cab. driver is not picking up my calls now. what should i do?",general_query
no offense but i hate this. url,general_query
"my friend just got me to sign up to ubereats amp she gave me her valid promo code to use for my first order, but any promo code i enter, the app claims the codes as invalid when they most definitely are valid and are typed in correctly.",delivery_order
my ubereats driver got the wrong order and said he'd go back and fix it and never came back,delivery_order
you re fucking shit answer your phones you bellends,general_query
hey i just order from ubereats and had my food delivered by bicycle. are you kidding me! the food was cold! the drink was half way full! and my caramel frappe looked like a kids volcano science project!,delivery_order
i told this uber driver i'm going to festac and he shouted let me cancel festac is not that far nau.,general_query
some issue with #uber today. vehicles 20 min away getting booked even when i can see cars 3 min away on app.,service_complaint
for the user id #7a4d0 we were delivered chicken fried rice combo instead of veg fried rice combo. it is totally unacceptable to be careless and make such errors in delivery to a pure vegetarian customer,delivery_order
i m about to start crying in because the fucking app won t work. i just bought 50 bucks in credits and my balance is 35 cents,billing_payment
will this fix itself? i do not want to be charged passed 6 33pm est url,billing_payment
yea done that twice now and your right away is currently 30 min! want to actually do something??,general_query
will you reply,general_query
"hey - the trip history show that different drop off location, therefore i get charged more. how do i get this fix?",billing_payment
hey ..pretty sure it's not possible to take 2 x $40 trips in the space of 2 mins..esp when you've never booked an before,trip_issue
"i ve been having trouble with app for 3 days, using instead. have reinstalled app, still not working. please help? url",account_access
how horrible can uber support be??got 3 emails from 3 persons who have no clue on resolution and answer like robots. not a single call to understand the problem.sick of this,general_query
trying to set up my account with company details for invoicing purposes but can't. and i don't find any solution online. assist please,account_access
"where is my refund, it has been a week with no reply",service_complaint
wtf is wrong with you people? my trip took 1hr and app said we'll check and give you a credit. didn't get shit! lyft is better serv.,billing_payment
what if i m using a promo code and i don t have any of the eligible payment types but my ride is free,billing_payment
has me so fucked up lol why would he accept my ride and then stop for gas? url,trip_issue
i have reviewed all the mail and they have not given me an answer. i have done the process several times.,general_query
yikes this uber driver just told me he needs hand sanitizer for when he drives guys to gay bars,general_query
i have a question about insurance. how do i speak to a live person ?,general_query
this is appalling. i ve explained the problem now to three people - twice for each of them. first claimed to have fixed it,general_query
"3 orders, 2 delivery partners, and 1hr 45m later, my cold breakfast finally arrives totally use my promo code though eats-yeuos",delivery_order
don t you verify email of those who register? i am getting somebody else s emails.,account_access
please call 8017151515,general_query
male driver kept making inappropriate comments,safety_incident
"that is a support page for riders i'm a customer and there are 3 boxes, not 4?! can we get something right today please!!",trip_issue
y'all be having some stupid ass drivers yo none of these bitches speak english amp i'm finna splack the next spanish driver,general_query
please introduce an option on cancelling y as driver denied to go to the destination. n it should affect drivers rating.,trip_issue
is that my email __email__,general_query
"my uber driver is currently falling asleep at the wheel, thank you for always providing me with attentive, efficient drivers",general_query
i can't recieve riding requests. from saudi arabia. please help.,general_query
"i did everything it says on that page, any other ideas?",general_query
if one more person forgets my damn sauce i m suing everybody.,general_query
why does my driver accept and then drives away??!! url,general_query
"just installed app on clean device, no option for user/pass in app. sms code never arrived. used lyft, their sms came in .",billing_payment
i requested refund of cancellation fee rs 52.50. you are responding to all mails but you aren't responding about refund !,billing_payment
hey amp - had two uber black drivers cancel after 5-10 min of waiting tonight. seems like drivers need better training. url,general_query
thanks! already used this link. but answers are so slow. only one hello message during the whole day.,general_query
i m such a entitled cunt that i had to roast my uber eats driver cuz he wundt come to my house which btw doesn t appear on the uber eats map url,delivery_order
"my uber driver put cinnamon-scented pinecones on the dashboard, has a pine tree-scented air freshener on the rearview mirror, and is playing 1960s-70s christmas music. , is there anyway i can request the same driver every time?",general_query
sent. thanks!,general_query
"wife decides to try from 4 portion fries missing. no help refund, asked to reorder amp repay to get original items #crap",billing_payment
promo code is not applying at checkout,billing_payment
why does krispy kremes not come up on my uber eats?,delivery_order
how do i delete a payment method and add another? you make this very difficult!,general_query
hello uber? my driver was the one who cancelled the trip but why did you charge me rm5 for the cancellation trip? helo??,billing_payment
"why donot you display destination to cab drivers before allotting booking, they ask customer to cancel the booking after checking the destination from them. such a pain, and you are not cheaper travel anymore",general_query
"eh, already handled it via the app chat and got a generic copy paste response. gonna be using lyft instead from now on.",general_query
hello i am an uber user but today i got a really bad experience. how can the driver be so rude to a customer? i ended up cancelling the ride yet he was so near as he was saying that i should wait for an hour. this is tarnishing the reputation for sure,trip_issue
mail id __email__ mob 7975463499,general_query
my driver went 10 minutes out of the way adding more money to my ride than it was originally,trip_issue
help! a few weeks ago my uber driver canceled on me and it wasn't my fault! i called on my phone not using the #s account.,trip_issue
"hey i need help , i cant order any trip",trip_issue
can you please provide me via dm a phone number where i can reach the call center?,general_query
"the food i just got from the nexus cafe was absolutely disgusting, it was raw, and completely inedible!",delivery_order
my drivers car smells like someone took a shit and tried to cover up the small with lemon pledge.,general_query
green bay needs,general_query
"absolutely fuming. last week my order takes 90 minutes to arrive, this week it gets cancelled out of the blue after waiting for over 70 minutes. service has been absolutely terrible lately.",trip_issue
we were brought the wrong food,delivery_order
"my rating has dropped from 4.58 to 4.31 with no apparent reason, getting the hump now, all my rides are 5star and yet it s dropped",trip_issue
you didn t deliver what i ordered and refused to refund the amount. how pleasant that customer experience for the 1st time customer,billing_payment
asking fr repayment even after successful pymnt nd your sprt team is nt responding frm lst 3dys. totally unexpected services uberindia. look into ds mtr asap.,billing_payment
i have tried to reset password but cannot. i have also completed the form provided.,account_access
any update on this?,general_query
my registered contact contact number is 9664219166 and my email id is __email__,general_query
what you do not understand i cannot log in to my account so how the hell will i used the in app support . stupid idiots,account_access
"second day in a row, message your ride is arriving, 10 seconds later cancellation. interestingly since drivers are not a lot to deny guide docs, the number of cancellations have increased. of course, i cannot prove it.",trip_issue
another horrible experience with . support iza just told me it is my choice to waste my time when it comes to an über known issue.,service_complaint
i have zero tolerance for drivers who don t get out and help with your bags. automatic 1 star.,general_query
i need help with my account,account_access
why is my uber driver vaping,general_query
"i still see zero payment at the end of each trip. i m scared to take anymore rides and not get paid for it. and it s so slow, there s gotta be something wrong with that to! when will i see the payments and when will it get fixed! #frustrated",trip_issue
do not use #uber driver karl with a hyundai elantra 7gsj831! if he pops cancel the ride. better yet cancel . he showed up for my ride to lax i greeted him told him i d be 2 minutes he made some nasty comment i thought was a joke and then when i came out he was gone.,trip_issue
been there. done that. the same issues always arise.,service_complaint
you're the worst company. i wake up this morning to uber charging my card more $ because your dumbasses gave me the wrong estimate,service_complaint
day # 8 still locked out for an annual update after being cleared to drive for over 4 years. doesn t smell right?,account_access
how long does it take to get support from uber? url,general_query
i requested an uber pool for less than $4 and was charged $21 on my receipt from the trip. i would like my account refunded because i was grossly overcharged by uber,billing_payment
hey - you keep charging the wrong card for my trips - i select my personal one but the receipt always shows the business one,billing_payment
plss see the screenshot!!standing at the same place n widout eveb boarding the cab i get a trip completion reciept n paymnt gets deducted!! url,trip_issue
done. it's under __email__,general_query
"my account __email__ , mob number 8699047413 not accepting promo code which i receive in massage from uber. help url",billing_payment
i already did. and no response yet. it says at least 24 hours. and my trip is in less than that,trip_issue
just charged me 3 times.,billing_payment
i know they were just shooting on the block but y all got my order completely wrong.,delivery_order
"- can't make order on laptop, only with phone app. why?!",delivery_order
my promo was not applied to my last trips. how can i get help?,general_query
why is my account disabled,account_access
is there a way in the driver app to turn off the ability to get a ride request before i finish the one i'm on?,trip_issue
i've sent a time-stamped photo of the license plate amp location of this driver. you have my info. what else do you want? #visionzero,trip_issue
"if i take my transponder with me while i m with an uber driver, do i get charged extra?",billing_payment
yeah! it's __email__,general_query
please update the release notes in the ios app when you push an update. i m sure it s not just control changes for location url,general_query
i hate having drivers who aren't from city you're in amp know nothing. you literally just took longest route possible. should've walked.,general_query
justice url,general_query
"i did, twice. still waiting for a response.",trip_issue
you charge us $5.00 for a cancellation fee when the driver is taking forever! but when drivers cancel after we already waited 5 minuets we get nothing ?!?!! we need a credit or something,billing_payment
"is uber still doing the visa local offer promo? it hasn't been showing on my app. when i re-downloaded it, it all disappeared",billing_payment
this meatball charged me $50 for a ride that he never picked me up on!,billing_payment
i was waiting for 1 hour when you send when i received a message that the order was cancelled. #fail,trip_issue
why do charge you when they cancel the trip that s such bullshit,billing_payment
you are the absolute worst company. i call for a car to pick me up at my apartment and driver refused use,service_complaint
hello #india .. been 4 days and you guys haven't done anything about this issue!! #sad #uber #nohelp time to say bye to uber,service_complaint
can i get some help uber? thanks,general_query
i need to speak to a representative not an electronic assistant.,general_query
fear not you cancelled it anyway. what an absolute mare of a way to operate this is. #shambles url,general_query
have done so,general_query
"complained about lack of service, told to engage in more lack of service for more service. #carculture #convenience url",service_complaint
"did the math tonight amp it makes me sick. is taking 45% of my fares, plus the booking fee. they make more than me amp i do all the work.",billing_payment
your driver misbehaved. not only that he also denied to pick me up on my face. i want a written apology from him and action against him. durgesh tata indigo mp04ta8404,general_query
the blue bar is going back and forth for minutes with nothing showing up.,general_query
my uber driver got pulled over right as he was about to scoop me and just cancelled i'm shitty asf in this rain,general_query
they. did respond but their response was wrong. they didn't answer anything or say anything right because they obviously didn't read my message.,general_query
have hands down the worst customer service i've ever dealt with.,service_complaint
your driver ernest refused to end my trip after i got to my destination. and picked up another rider afterwards. on my trip! refund me url,trip_issue
i need help with an order. i've been getting talked in a circle for a hr and i'm considering closing my account with you all.,delivery_order
"yea, did that. haven t received a response. the driver just called me from the uk wondering where i was!",general_query
"i always come back to ordering from uber eats, but for some reason every time i do, my order is messed up in one way or another. i guess this time it s the restaurants fault hopefully but still!! #frustrated",delivery_order
i booked ride yesterday showing 465.63 rs but i charged 792 rs using paytm. now got coupons but app showing invalid strange service. i'm regular customer still don't expect. no matter what you will explain but it's wrong at all.,billing_payment
my wife's phone was left in the car and it's been shut off so we cannot trace. cannot find a contact # for uber. please advise,general_query
"my name is evaster bishop,917 617 2155..never had a password,i see i have $7 pending,my first ride is schedule for __email__",account_access
i was just hit from behind on a bike by an #uberdriver. the incident occurred in #toronto licence plate ccms 245. blkhondacrv,trip_issue
sent you the note. i need the refund asap. this is ridiculous. !!,billing_payment
failed url,general_query
not being funny but i ve had an uber driver that could not speak hardly a word of english. unreal taxi journey like,general_query
totally disappointed service..,general_query
when will ubereats finally roll out service in temecula/murrieta?,delivery_order
why all my rides waiting time is more than 10min ? uber in brazil is getting pretty bad quickly even for uber vips,trip_issue
"prebooked a cab an hour ago and the driver just canceled, now i m going to be late",trip_issue
thanks to my friend is lost !,general_query
why is there no number for ubereats? i ve only received half my order and i ve gotta wait 24hours for it to be solved,delivery_order
"i took a uber pool , when i was booking 49 was the fare shown but after payment by paytm i see that i have been charged 99. this is pathetic by uber as this is happening the second time. we customers have selected paytm as mode of payment that 1/2 url",billing_payment
"sent a friend home in an , saw an add'l charge with no context as to what for of $150 on my account a week later. why?",billing_payment
how i verify its all pics of car and street from another country??,account_access
"cannot settle outstanding payment. for some reasons, my payment is not getting accepted. the app gives me can not collect on this charge message. due to this, i can't request any ride.",billing_payment
sent you a dm,general_query
can i get a ride to a rifle range? rifle can ride in the trunk.,general_query
"oh, still waiting too.",general_query
"possibly your reputation would improve if you treated your customers with more respect and had any system to deal with current customer issues, let alone past transgressions. just figured i'd send a quick tweet while trying to navigate your byzantine customer support.",service_complaint
why this driver so fucking rude?! go contact him n teach him to respect his passengers url,general_query
i booked from juhu to thakur complex . device showed 238.00 but in end charged 527.00. why was i charged so much extra..,billing_payment
"so cancelled on me at 7 15 for a 7 15 pickup, and we nearly missed the show. then, they charged me $6. not a good day for #mobility url",billing_payment
"i will contact your support team as recommended by your automated twitter response, but i hope that your responses via email won't be copied and pasted generic answers like in the past . thank you and have a great night. 16",general_query
please i need driver that's available and responsible within surulere. thank you,general_query
i need a support number for ubereats in toronto,delivery_order
you have got to put a limit on how many rides a driver can pick up on uber pool. there's no reason we should pick up 5 people turning my 20 minute trip into and hour ride !!,trip_issue
why you people dont provide coupon code to motivate us to take your rides,billing_payment
this link does not have a section that related to my problem specifically. thats why i'm tweeting my problem.,trip_issue
hey your driver just kicked us out for no reason,general_query
getting charged $40 for this 1. it wasn t me 2. it s water on a weather mat you suck url,billing_payment
i would ring the police nd report the number plate like they are a terrible company nd there drivers clearly arent bothered in public safety,trip_issue
it appears the problem may be with confirming my email not the promo with it says i havnt when i got a confirmation saying i did,billing_payment
you have his license plate and the time i tweeted. you should be able to track him down using your systems.,trip_issue
any ideas how to fix this? url,general_query
my ubereats not working,delivery_order
uber eats kills me terrible service,delivery_order
i m not having this.,general_query
unprofessional drivers amp worst service received with the driver..!!,service_complaint
"i am in vietnam and frequently ride with motorbikes. it's 50 cents. unfortunately, drivers in vietnam will often pick you up by driving past you while accepting your ride, costing you money to cancel. unfortunately it takes like 20 minutes to report them. worth it?",billing_payment
i'm not able to login uber app after changing phone and my previous mail is deactivated.please restore my account.call at 9989707531,account_access
where are the donuts you promised! your website ironically shut down at 4! i am deleting the app and leaving a bad review unless you get me those donuts you promised!,general_query
"hi, my friend might of left her phone, wallet, and glasses on uber last night. how do i go as to finding out if the driver found them? thanks.",general_query
"hi, i booked a ride on 18-11-17 from my app with registered number 91-9695813082. but the driver cancelled the ride without my consent and i was asked to pay the amount via my account,which i didn't took. now i cant book further rides. please help!",trip_issue
booked #ubergo at inr 149 yesterday. was billed inr 335 though i ended my trip 2 kms before destination point ! innovative way of cheating by is it ethical amp do you approve it ? sad state of affairs under your leadership.,billing_payment
so i guess i m not be able to do the,general_query
we couldn't create a family profile. please confirm your payment method is correct and try again. 1 yes payment method is correct in profile and i use it all the time 2 you arent even asking for payment method 3 ill use lyft i guess.,billing_payment
"just got an email for the ride pass this month, but there image doesn't link to anywhere.",trip_issue
"driver don't knw route and making a fool out of me for past 10 mins and you expect me 2 pay 42. i,d rather uninstall this crappy app.",billing_payment
nor did he call back. i then used my app to request for a taxi which arrived in no time. then i noticed my driver cancelled,trip_issue
"wow. lots more reports of poor service, illegal driving, etc on 's 2nd account than they can muster jokes on their main account. url",general_query
"ordered this over 10 minutes ago, went from being 2mins away around the corner to detouring in order to pop into on the way?! url",delivery_order
is there a mathematical proof that explains why the driver that grabs my ride is almost always going the opposite direction from where i'm headed? adds so much time to the trip i realize this is awfully bratty don't care,trip_issue
it wont let me log into my account on a different phone,account_access
"thank you very much for swift response. just to bring you in surprise, i am not able to use this service as app says not allowed in delhi",general_query
can t get thru customer care no. no update since 2 hrs. url,general_query
what s happened to your app it says i can t order pizza any pizza in east london?!,delivery_order
where do i fail a complaint regarding the fact that the driver canceled on me and i m the one who has to pay rm5?,trip_issue
y all know where i can find the number to ? i just need to have a little chat with them amp my money.,general_query
"make sure your drivers actually know how to drive, almost died a couple of times tonight",general_query
sent you a message already. please attend to this asap. this is an urgent matter as it has prevented the driver from taking other trips today. thank you.,trip_issue
i have to keep emailing you guys to reactive my account so i can drive and deliver food. but i can never order food for myself,delivery_order
can anyone help me with uber customer care number immediately? i forgot my wallet.,general_query
a week into the issue-there is an issue with my paytm!what happens to my paytm money? has no answer! 750?,service_complaint
i can not login into uber account..said already registered..said not connected with gmail account ..how can i get my account?.. disgusting service and app.,general_query
i can t tell you how much i love this url,general_query
why has been taking more out of my account than my receipts say??,billing_payment
looks like my honeymoon with is over. 20 minutes eta because the driver they send isn't another town.,general_query
hey! why dont you have a phone number people can call? the app isnt always enough. who can i contact about an issue?,general_query
or in romania your driver's they just give 1 star to almost any ride so the rating gets to be useless!,trip_issue
i need to speak to someone immediately. i have an emergency situation and need someone get back to me.,general_query
"uber canceled on me as i walked up to the car , wow mahabubul in the silver chevy malibu is a disgrace",trip_issue
apparently it s okay to cancel at the very last minute and not even get refunded. super unhappy,billing_payment
sent it to,general_query
no point. we don t get to eat. just know this will be shared far and wide. uber are a totally crap company in every respect.,general_query
thanks. you can reach me at __email__. do you need any of my account information?,account_access
"still haven't received $300 promotion, and having account trouble. nobody is contacting me in regards to this ongoing issue.",billing_payment
- could you please assist me. i a monthly fee that comes of my account payable to uber. i don't remember applying for this,account_access
#thingsitrustmorethanfoxnews drunk uber drivers offering to take me through downtown nyc at rush hour.,general_query
"you are a fake app, your customer care leaves little to desire, very disappointed with your services",general_query
"according to the app, the taxi i'm still waiting for is doing donut spins on platform 14 of manchester piccadilly. #monday",trip_issue
hey are your drivers supposed to make right turns from left lanes and left turns from right lanes?,general_query
23 days and i still haven't been refunded. thanks guys!,billing_payment
you sent me email regarding my issue with a vague response,service_complaint
"yo , please teach your drivers the difference b/w airport arrivals and departures before charging the passenger for cancellation.",general_query
"your contact driver about lost item flow is broken, preventing me from contacting my driver. i'm traveling today and your people are running in circles. why is it no one can call my driver?!",general_query
hey my mom left her phone in a car from early this morning and doesn t have a way to get it back. can you help,general_query
"sucks. badly run, not accountable, one hand doesn t know what the other is doing. i guess the fish rots from the head.",general_query
why is your driver not moving? it s been over 10 minutes and i want to get home! url,general_query
y'all should hurry up and email me back. y'all owe me 150$ and i'm gonna get a fucking refund. your customer service is a fucking joke,billing_payment
3 cancellations from drivers and now it's been looking for a new ride for over 10 mins!! wtf is going on?!?!,trip_issue
this fuckstick was parked in the bike lane during rush hour and was rude and abusive when i let him know. where can i submit a complaint? url,general_query
#kenya why are your drivers in #jkia refusing to pick up?,trip_issue
"tried that, but i received no help whatsoever",general_query
"hi, signed my father up with my promo code for 5 off uk but he d rather have $15 off in usa as travelling soon. it won t apply this - so can you remove the existing code and apply hifreeride to the account? thanks",billing_payment
why was i charged more than rs.39 for my uber pool ride when your promotions say rs39 only for pool rides up to 5km. my distance was only 4km. and this has been happening since last 3 days.,billing_payment
you gotta be kidding me! you have again charged me the full amount! i can't be doing this tweeting you and messaging you to refund me every single day,billing_payment
"dear , we agreed on a fare of $19 to take my parents from their hotel to the airport. why did i wake up to an updated receipt of $56?",billing_payment
i have a technical question as a driver will i be compensated for my time when i received false information about a concert? url,general_query
this 3rd uber pool has picked up 2 other ppl already. your algorithm sucks uber,general_query
"i have been charged for a trip i did not take, what is up with your billing on cards? kes 374.00 was successful at uber trip qd",billing_payment
someone in the uk has been paying for their w/ my bank card. i m not even in the uk and my card is here with me.thanks a lot stranger,general_query
sure its __email__ . now what?,general_query
i didn't get my discount for using upi payment method and code #upinov17 please do the needful.,billing_payment
i never get any promo from and i use it so much,billing_payment
can't log into the app as driver w/ my newly added vehicle. please assist!,account_access
"bothered to download for the free . app crashed and now doesn't show any stores. lesson for us all, if you're doing a big giveaway make sure your systems can handle it. a good lesson for all brands, learn from this massive screw up! test and test and test!",general_query
"driver took double paymnts. paytm and cash both. after informing, uber refused to help me. uber cant give customer security.",general_query
mh02cr4733 driver is super late then scheduled time on calling .he said he will take 10 to 15 mins more. so i asked him to cancel as i am getting super late to reach destination. he said he will not and added that i can go and complaint if i want..,trip_issue
has the fares increased. 7min drive r253 badimo url,billing_payment
"__email__ please, i need it asap.",general_query
my account statements are not according to my uber' history! im going to put the complaint at authority! fuckin thieves ! #ubereats,delivery_order
is it posible the charges from my side and drivers differ,billing_payment
"i split a ride with my friend but got charged the full ride of 5.12 instead of half, second time this happens by the way",billing_payment
"hello, i have not gotten a reply to my support ticket, my girlfriend has been involved in a car crash with uber! where can i email?",safety_incident
really ? you guys charge a cancellation fee a second after someone accepts a ride? this dude is 15 mins away from me. url,billing_payment
ordered food last night and the full order didn t come it was the most expensive take out i ve ever ordered so i d at least like a refund,delivery_order
why no way to call the driver? food never delivered and no recourse to call or check on it but i still paid? never again.,delivery_order
how is stopping good for consumers? 4-5x price ! url,billing_payment
"almost got in a car accident with an car during oktoberfest, they were taking a free right without checking across the street 1st!",safety_incident
what does the reset button do on the trip preferences page?,trip_issue
definitely not happy with the service that i received from support this afternoon. my party was charged a cancellation,billing_payment
"trip canceled by the restaurant calling them and its not the restaurant,called the assistance, they hung up after 1mn. wtfwtf",trip_issue
idk who is in charge of 's customer service but clearly they're not doing their job right. it's cold af outside so i'm waiting in the gas station. the uber calls me amp i miss it by a second. i go outside amp call back. no answer. i get an email saying i've been charged.,billing_payment
already done and the response was that the fare is within our limits. since when 5km is charged as 35kms and still within your limits?,billing_payment
i have sent you the reply. check your dm,general_query
6 months later and your maps still route the drivers to a road that doesn t exist. my food is going to be older than i am.,trip_issue
drake was amazing ! tonight but holy fuck my / app being broken tonight and making me wait 2hrs for a taxi highkey ruined the night for me. in such a terrible mood right now.,service_complaint
what should i do? i'm unable to request any rides url,trip_issue
is the uber network down in philadelphia? seeing no cars available service error.,general_query
"tried for the first time. no easy cancellation button for order errors, meal was mixed up, bad cs. prob won't use again.",delivery_order
question if you can mail me,general_query
"i habe already done that and so far has been useless, i need a prompt and efficient answer now",service_complaint
not sure if you understand. your driver blatantly ripped me off. what's good? i'm making the switch.,general_query
just got charged for a trip that my driver cancelled what the hell,billing_payment
yeah i tried that already so i took to good ole twitter.,general_query
stop showing me this count. i hv used my card for 40 times. haven't got discount even once. url,general_query
is it possible 2 block uber/eats from servicing an area? i work a school amp we'd like to restrict access 4 security reasons,delivery_order
so i ordered an uber pool that was supposed to be around $8 and got charged nearly $16 because the driver decided to take a longer route,billing_payment
now talking on phone while driving,general_query
you got a contact number? i have a lot of unauthorised charges on my account and email seems to be beyond you.,billing_payment
why deactivate my account after i cancel ride because i requested an xl but you send me a sedan. not cool. your loss. go,account_access
i m aware of that. what i m saying is i had a september ride pass that ended yesterday.. i ve yet to hear anything about october?,trip_issue
sent! the verification code texts kept coming until 5pm yesterday.,billing_payment
my account is linked to the number - 917982357793 i don t recall the email address,account_access
fucking really? is this the fucking best you can do? 42 minutes and cant get a ride on your shitty as fuck service hope you go brankrupt url,trip_issue
please respond to my dm it s very urgent! no one has helped me and it seems that this is the only way to get your attention,general_query
same email back all the time url,general_query
"i did my inspection yesterday, what's the next step? email on the account __email__",general_query
is uberrush available in quebec city / canada?,general_query
can you help my sister with her account?,general_query
i d rather not. you ll only cancel on me again! n to think i ve rated you so much! fuming,general_query
are you guys active in resolving passenger issue ? or just in promoting urself as apni gadi samjho campaign?,billing_payment
i was just charged 4 times from uber this morning. i haven't taken an uber ride since july. #uberhack,billing_payment
how do you guys feel about this situation?,general_query
how can you justify a 10 minute journey at nearly 16.00 url,general_query
can ya'll hop on the train?? please and thank you. i need some bo rounds delivered asap,delivery_order
driver asked me to cancel the ride as i didn't he threatened me to start the ride and he did. i was charged and also he is keep on threatening me,safety_incident
"hi, i have been charged for trips i didn't take. theres no email form or contact. please help me resolve this issue.",billing_payment
booked an uber with a quote $74-$101. after the ride i was charged $285. the only method of support is email and useless,billing_payment
hey! can you please define we match riders in a way that does not significantly increase total trip time ? how many minutes or kilometers are added max?,trip_issue
"some major issues with your booking, it doesn't show as confirmed but the driver is waiting amp driver and me are charged for it",billing_payment
your response stating that you will not refund me the incorrect fare is not ok. this is fraud. i did not authorize this payment. refund immediately.,billing_payment
why did you suddenly cancel my ride and charge the fee while i was talking to the driver on my location?!?,billing_payment
you have multiple drivers registering as xl that aren t. called 2 different cars that lied about being xl and then said we couldn t get in trying to change more,general_query
need money back please babu,billing_payment
but no one has followed up yet. i have shared a screenshot in dm. please check,general_query
can i charge my driver 5 when they cancel on me please? happened last 5 times i ve book now. the future is bleak kids,general_query
update i left my dead phone in my url,general_query
your driver just charged me a journey i wasn't even in the fucking car. call me!,billing_payment
". asked me to dm them. i received an in-app message saying a senior member of support would contact me. 22 hours later and nothing. not to beat the dead horse some more, but this is the reality of 180 days of change. uber is still ignoring drivers until they give up.",trip_issue
horrendous experience after 10 .ins wait you give driver another booking and cancel my booking plus charge me 154 rupees,billing_payment
my fare was increased for no apparent reason. destination not changed. no waiting. no traffic,billing_payment
"when i wait 20 mins for 2 , 1 of which cancels while i'm standing here waiting, i guess i'm not surprised london doesn't want them",general_query
my email address associated with the account is __email__,general_query
contact me for how terrible support is! they block you!,service_complaint
- had raised two issues - 1 unable to add payment methods 2 overcharged on a pool trip. haven't recieved any response for either of the two.,billing_payment
been trying to get an uber for 15 minutes. keep getting error processing your request. maybe i'll try,general_query
trust to hide behind emails and dm rather than call customer to understand the concern. so much for customer support.,general_query
"portal doesn't work, can't sign in online, and never received 2016 tax doc. ugh!! there is no way to call. please contact me",account_access
please reply to my problem please call me at 929-437-9625 i tried sending you a complain on a driver __email__,service_complaint
do we really have nothing better to do? tried a few times through the 4 hours - didn t work. my first and last time with an uber promotion!,billing_payment
still nothing but broken promises - no one has contacted me or resolved this yet.,service_complaint
dis is wat i get url,general_query
how can i speak to someone to re-claim my account that was hacked? the online process is getting me nowhere. thanks,general_query
no one contacted me till now.and also i am not able to ride using app .,trip_issue
how long till i can expect a reply after i had missing items and cold food for my delivery today?,delivery_order
now i'm going to have to reorder my stuff and hope that i get a driver who can read bright white numbers on a black post,delivery_order
please change tipping process so it doesn't appear as a separate cc charge - making expense reports hell,billing_payment
let me get a coupon code for $10 off. i ve never ordered from you guys,billing_payment
i want your mumbai driver ashok kumar to refund my cash payment because uber is charging me for it too via cc so i have deleted my cc option and paytm option thereafter. __email__ url,billing_payment
won t let me log in. changed the password and it still doesn t work. driver finally showed up 20 minutes later.,account_access
so how long does this take to process when suddenly you're saying i can't use my account for this reason? has double surge pricing when uber doesn't have any and i have a flight to catch #annoyed url,account_access
i already did hope to hear from you because i haven t heard a thing from url,general_query
hey i was charged double the times for each uber i took last night. could you please dm me,billing_payment
why is it $10 to drive me half a mile?,general_query
ok i did that and have yet to receive a response from anybody and i kind of need this resolved asap.,general_query
mind you i was watching the map so i m literally watching dude drive the opposite direction. i called at least 8 times on gawd when he answered he said you re too far i m going to have to cancel. but i get charged? fuck y all some woes. i m using lyft!,billing_payment
already did so which is why i resorted to twitter!,general_query
unfair from uber unnecessarily charged 42 50 rs as cancellation fee for number 9441976489. very bad customer care no use,billing_payment
your team refused to assist with this problem! treats its #customers like it s a #monopoly!,delivery_order
hi! i left my phone in my uber but the ride was split and i don't have the driver's # - please help! i'm traveling currently!,trip_issue
i am really sorry to say but your slogan of isey apni hi gaadi samjho was not served right. driver was frustrated because of traffic and was not willing to wait. i had a senior citizen climbing down from the fourth floor and the driver did not have the coutesy to wait. url,general_query
had a great ride with my driver eddie but the trip showed canceled on his side and never picked up on my side. i ended up canceling but want to make sure eddie gets paid. please contact me to resolve. not fair to hardworking drivers.,trip_issue
hurry up,general_query
what kind of restaurants you are adding. ordered burger today bt they were one of the worst i have evr had. #ubereats url,delivery_order
heard about your monthly subscription package for uberx and uberpool. is it for select consumers only? haven't received an email,general_query
wow my uber driver just crashed guys,safety_incident
please let your drivers know how unprofessional it is to have heated arguments while you have customers in your car..,general_query
forgot my suitcase getting a ride back from the airport. i need to connect with the driver and get this bag asap. help!,trip_issue
"why do you guys stop offering food around supper time in stellenbosch, south africa?",delivery_order
i am not seeing a place where i can put in the specific complaint i had,service_complaint
what's with your promo code perthraces17 promotion that doesn't work ? #ordinarymarketing #peoplearentidiots,billing_payment
uber service honestly sucks there so called uber support doesn t get back to you especially when it s very important,general_query
sorry to say on being charged for cancellation of trip by the driver and not by me.a kind of extortion by the company.uber becoming hopeless,billing_payment
hello. the outreach team has not read my inquiry because they keep sending me links to a page to a form that i have already submitted. can i please talk to a person over the phone?,general_query
don't think there's anything more heartbreaking than ordering an ubereats mcdonald's and it turning up covered in coke. moment of silence.,delivery_order
please tell me how to use the same phone number in different device due to the old device where stolen.,general_query
thanks for the reply however most of the kochi fellows received message stating rates are flat for today which means no hidden cost. i'm disappointed with your service,billing_payment
"#uber worst service , waste the client time i just fed up with your continuous apologies driver cancel no issue",service_complaint
"i think our uber driver is drunk , we gunna die",general_query
check your messages from me please!,general_query
"got my heart broken by and today. my fat, broke ass got scammed.",general_query
just been verbally abused by brisbane taxis driver. gave up making complaint after 12 minutes on hold,service_complaint
__email__,general_query
how is someone supposed to contact you when you leave critical health devices in a car and the driver s phone is disconnected?,general_query
been trying to get response on unrealistic charges applied by uber on my last ride. no response received.,billing_payment
from fll is a disaster. your drivers are scamming users.,general_query
"charged 5 for the privilege of waiting on the side of the road and driver not showing up-website unhelpful for refund, help?",billing_payment
fucking driver on exec fee just decided that 59 wasn't worth his while for an hour's work and kicked us out. twat.,general_query
this was an payment issue. the link is directed to uber rides,billing_payment
still can't use my account because its saying i need to pay for fraudulent charges still??!?!!?,billing_payment
no matter what i do the app won't recognize my number. no matter how often i resend the code nothing arrives.,billing_payment
"you shitty service.. booked 3 cabs n none of thm came. 1 ws sleeping n started d trip, 2nd never showed up, 3rd ws right behind me and post knwng destination, cancelled. have taken almost 20 rides wid you n now, deleting your app. pathetic",trip_issue
too late.,trip_issue
on oct 3 i reported an incident where a driver made my friends and i feel unsafe. was told the fare would be refunded but there s still a charge on my card. have sent several emails but this hasn t been resolved yet.,safety_incident
i'm not an idiot under tried that in your app didn't work had to call the restaurant to cancel it they can't remove it from your system.,delivery_order
i am also waiting for your revert mr. panda,trip_issue
its already updated 5 times in through your __email__,general_query
"hi i already asked to be contacted by the driver who picked me yesterday 3 times but its not working, can you please prioritize this?",general_query
", hi, driver made argument and said that he will not go to airport. after sometime, he cancelled. please do not deduct amount from my pocket.",general_query
i just put in an order for your #freedonut deal for my hard-working office and you cancelled my order last minute and now i have unhappy staff. what's the point of an offer if firstly the app can't handle and then stores can't deliver #nothappy,trip_issue
"1. absolutely not true, did pick up, i waited outside 7 minutes immediately after she called 2. next level passive-aggressive customer service. nice use of bold url",trip_issue
why did i only receive half my order ref - #eaef5 !? refund or replace now!,billing_payment
"been waiting over a day now for a proper response from ubereats after numerous items were missing from an order i have paid for. so far the worst customer service in existence. take a look at trustpilot, the worst ever seen for a large company, url",delivery_order
no that isn t what i asked. i asked how i can ensure that one car will fit luggage for my family of 3.,general_query
yo what is this these are raw i m so sad i love you guys so much man url,general_query
unable to request a ride through uber app . need help,trip_issue
let me know how to proceed via dm?,general_query
"why do i get charged a fee when the driver cancelled on me!? and when i dispute it, you give me a credit instead of a refund. wtf!?",billing_payment
please do a better job of vetting your drivers. my husband and i will no longer use uber,general_query
what time does ubereats or postmates stop delivering ?,delivery_order
i have got two promo codes expired just a day back. please extend!,billing_payment
how can i report issues with your ap? also why is there still no option to do this in ap?,general_query
does saferideli work even if you ve used uber before??,trip_issue
"when speaking to a customer, you should really ask if the feedback has been resolved, before closing the ticket every single time. it s a two-way dialogue. url",general_query
"i've been looking at this while trying to place an order for the last half hour. that, and your site doesn't have a help section. to say that i'm unhappy would be a serious understatement. url",delivery_order
my account has been hacked. what is the customer service # to fix it,account_access
they can t be billed accurately after a trip?,billing_payment
not heard a reply about does your driver want his personal property back?,general_query
hello sir,general_query
wow. really very disappointing! frustrating doesn t even begin to describe the back amp forth with your customer service! url,trip_issue
"i dm you all the details mail,cell, name, payment gateway, dates etc",billing_payment
what is mean by dm?,general_query
why when i go under your trips - family - none of my daughter's trips show up?,trip_issue
i ve sent it. uber is wasting time now refunding discrepancy because i m making noise. this is the 2nd time in 10 days. enough is enough. fix your app/technology. provide full refund and stop stealing from customers. #greed #incompetent,billing_payment
just had round trip on uber - was charged a wait time on both trips. how does uber determine wait time? how do i get a refund?,billing_payment
i can't schedule delivery. url,delivery_order
the service is bad. may allah help you to deal with the driver. i stop my account without a scientific knowledge,account_access
#uber drivers in chicago are disappointing me,general_query
very rude and racist driver - terrible and worst experience for my wife. this guy just kept shouting and will do same to other riders - please do something below are details. url,service_complaint
unable to understand your request.what is dm ?,general_query
miss you,general_query
cannot log in after reinstalling the app,account_access
that isn't the issue i need dealt with. i need a refund of r103. how can i get hold of you?,general_query
hi . i ve been charged a cancellation fee when in fact it was your driver who cancelled on me?,billing_payment
"#uberindenversucks a harrowing $19 ride, cancelled once, drove out of control wrong direction, uber refunded 22 cents",billing_payment
"#quote from uber app. , are you planning to push news, music and videos also which suits my mood..?? #open_ideas url",general_query
help i m getting these messages url,general_query
"got email, they said they can t help bc his email isn t on the uber account. he doesn t have one, someone stole his card to make one.",general_query
how did a $4.46 ride which i didn't take turn into $74.46 y'all not gon pimp me url,trip_issue
my husband has left his luggage and passport in one of your cars. can t get in touch. please help asap! needs passport tomorrow.,general_query
i keep getting ride passes for a city i moved from months ago. how do i switch to my current city?,general_query
there is some issue with bill receipt it's overcharged,billing_payment
fuck amp their cleaning fee i swear drivers make shit up just to earn extra money. they charge way too much for a mess that was prob already there amp take the $ w/o any warning,billing_payment
will do! thanks for your help with this,general_query
so you're telling me if a driver cancels a trip i still get charged?! please explain.,billing_payment
"#wtf my sister waiting i m tryng to book a cab fr her, but feeling #miserable thnks 2 wo buk the cab! url",general_query
my phone isn t being returned! help!,general_query
is everything a computer generated response?,general_query
y all are really going to do me like this?? url,general_query
this driver is tripping we just keep making circles tf,trip_issue
can my dad and myself with 2 diff uber account cant drive a one luxury car audi q7 suv 4x4?,general_query
it's really not cool when your drivers kick someone who's disabled from their car because they need extra time/help closing the door!,general_query
why your app does not inform customer of change on fare. my fare initially said 30.98 and then i was charge 50.00 without knowing,billing_payment
whats going on been going back and forth for 3 days about my account after being told on 4 seperate occasions you fixed whatever the issue was its still not working i have sent all nessacrary info now wtf,service_complaint
"got my nz$10 off promo on my account and visible in promotions section , but it's not applying at checkout - anything i can do to sort that?",billing_payment
how do you allow these clowns to drive in london? - you need to prosecute! credit url,billing_payment
hi thanks for your message however i have been wsiting for over 24 hours and no one has got back to me. a lady called june messaged me and wanted to.speak to me but i havent hesrd anything from her and said wanted to speak with me eagerly.,general_query
no trouble! the service was great once driver got there! just fyi to make some adjustments to your driver's route app. needs some fixing!,general_query
". i will be arriving in #atlanta #hartsfield #airport,i understand. has moved off premises. please tell me how to get a ride?",trip_issue
why loot the people by introducing the flat fare ride pass when you people cannot commit to your own terms and conditions? utterly disappointed. no wonder why i am starting to prefer more often.,billing_payment
"turns out it wasn t ghost rides in china, account was all in chinese so i assumed that. it was ordered in cali. url",account_access
"1 on wednesday oct/25/2017, i was harassed by my driver. he made gross comments, constantly turned around to look me up and down",safety_incident
was hacked #uber was hacked so sad,account_access
hey did you see my tweet??,general_query
hey uber. how do i get a refund for a trip i didn t cancel? the driver cancelled. thanks.,trip_issue
this has been my screen for the last 45 minutes. meanwhile i'm watching lyft drivers rear out left and right. what gives? url,general_query
using uber for my first time and it s not letting me use the first ride promo hittheroad as it says i ve used uber before. what s up??,billing_payment
should i show you the automated response i received or do you actually intend on helping your partners?,general_query
dis morning i added 1350 2 uber paytm n that money is not showing in d updated amount.#ubersucks #uberharassment,general_query
"hi, the krispy kreme, on shannon corner is not showing up on the uber eats app, is it closed? will it be back today?",delivery_order
"hi, what should i do if the rider pick up point is in a no standing zone in a busy street?",trip_issue
i need an uber rn and i was ready to wait for the 28 minutes initially shown but the app now says that i'll get my ride around 5 07 and i'll have to pay for cancelling? please look into this. url,billing_payment
and do you have the resources/drivers to deliver on this free giveaway? saddened by my rejected order and have clocked that krispy kreams is no longer coming up on the app.anyone else noticed this?,delivery_order
there goes our #freedonuts from the entire site has crashed. mxm.,general_query
worst humans ever,service_complaint
this is ridiculous. why do y all play so much?! url,service_complaint
cape town - shouldnt you have a rule that drivers have change on them for cash trips.,trip_issue
how sway?!?!? wtf is up with this calculation. this is only one trips total out of 5. url,trip_issue
anyone else having issues with ? #ubereats url,delivery_order
kindly inform refund status of this cancellation as the amount is not yet reflected in my account. url,billing_payment
"girl i still have random charges from the beginning of this yr that they didnt credit me back for, they owe me more than $360 and no one answers me",billing_payment
"hey, i signed up to be an uber driver. my application status is onboarding it's been like that for 3 weeks. how can i fix it?!",general_query
your arrival assessments for cabs is ridiculous - it says arrival in 3 and it s been 10 mins,service_complaint
"i m not going to wait for you 9 minutes, my not-to-be ali. don t you even dare to finish a ride nearby, ali, then make all those turns",trip_issue
"your driver was supposed to b thr in 3min,he made me wait for 15min,kept takin wrong roads,made me run arnd in the cont 1/2",general_query
"i have done that as soon as i found it, and have been sent many notes via this link for many times, but no reply so far, i left my email, my mobile phone number with notes, but so far no respond from uber. and hackers are still trying to call rides by changing the phone number..",trip_issue
dear can you please stop giving me deaf drivers .. its really hard to give directions ! and im trying my best ! i literally was in the car for 1hr 1/2 !,general_query
my account has the incorrect phone number. i can not change it because it wants to send a verification code to that number.,billing_payment
if the driver isn't really moving on gps their shouldn't be a cancellation fee. another scam government should look into this.,trip_issue
"i have this issue of payment!before i could reach to car,rider said ride has been cancelled amp im still charged!i even didn t use it! url",billing_payment
please update your app..it doesnt show the correct location of the cab,general_query
#ubereats kinds sucks!,delivery_order
sir what happened to your company last one month i didn't receive my payment when i talked to customers care they told me visit office when i visited office they told me next wednesday your payment would be receive but till now i didn't get any money sir i not expected,billing_payment
when your driver drives away as you run after it and then cancels on you and charges you 4. #classic,billing_payment
need your attention on my account activation for 0714708424,account_access
is available in durban ? #twoogle,general_query
i was sent a gift card to a wrong email that isnt my account. there is no way to ask for help on your app. help!,account_access
patience? you don t know where i am other than stranded and without transportation. there is no patience !,general_query
i'm late for thanksgiving and my nephew's first birthday. please tell me how can explain to a toddler that there's no cake at his birthday party because it's been sitting here with me for 2 hours waiting for a car. url,trip_issue
i did not book cab but thr is an outstanding balance show in my id,general_query
after how many requests or emails should i wait to get my invoice ?,billing_payment
"see, i have received only one so called follow up and they say that we are closing it down. how clean that be a follow up",general_query
how long does it normally take to get support?,general_query
booked uber pool ride on 31/07/17.driver asked me to cancel.i have been charged for the same.did not use uber app since then.,billing_payment
warned by for behavior of reporting food damaged on delivery. this is not behavior but unsatisfactorily service rendered. you should not accuse your customers of dishonesty when reporting issues with food delivery! url,delivery_order
why can t i schedule a ride in advance on my app? the car icon in the where to? portion is not there. is it going to be an day,trip_issue
do you guys have a rewards program? or is there a way i can pay a flat rate monthly for unlimited rides?,billing_payment
i cant request a ride. app tells me to go to url but no cant seem to figure out what the problem is? can you please help?,trip_issue
"i'm the admin of my business account, but i cannot add payment details through the desktop website, and i can't even connect to our company uber through my phone app.",billing_payment
not sure if this is one of your driver's but i'm reporting him to the dubai police for dangerous and aggressive driving. url,safety_incident
why am i getting charged 6.80 when nikolay's gps said no route from dulles to my home in baltimore? ride was door 1 to door 5,billing_payment
"hi, my email is __email__.",general_query
"look, i was charged twice different amounts for one trip. how is that possible? both amounts were deducted from my account.",billing_payment
if you check your records you will have my registered email i'd.,general_query
"fraud alert - , how these fraudulent charges are getting on my card? don't have an account amp amp don't use service. 5 trips in 42 mins? url",billing_payment
how is this possible? taking a client on a 25 mile trip and earn nothing! url,trip_issue
"worst service, showing different price charged almost double. no support useless help center. pathetic service.",billing_payment
hello i recently signed up for uber and cannot request a ride. my email is __email__ please help,trip_issue
bookings does not work. do not use it. book a taxi or car. #terrible,service_complaint
hey my ride was suppose to be 7.99 your fucking driver took me the wrong way now it's 23 dollars i want a full refund,billing_payment
so blocks my account and the ban cant be lifted manually. sorry for the inconvenience . cheers! you gain a loyal customer!,account_access
trying to cash. says i need to wait a week. i can t afford that. i need the cash now to pay bills.,billing_payment
"have now tried contacting customer support via app, email, phone spoiler alert there isn t one and live chat. trying twitter in despair url",general_query
manchester uk!,general_query
"on which mail, whose mail , whom your team is interacting , can you update me on same?",general_query
if your driver gets arrested during your trip do you still have to pay? technically the police drove me to my destination. still have him 5 stars.,trip_issue
can i prearrange a ride to ford airport in grand rapids mi?,general_query
"i asked to be transferred from pennsylvania to delaware. i m not sure if that has taken place. also, why can t i drive in maryland? do i have to take additional steps to drive there?",general_query
i was stranded for almost 2 hours at atl and had to take a taxi home due not working,general_query
"hey the newtown road light rail station bus loop in norfolk, virginia is not a legal pick up/drop off spot. do your business in the parking lot across the street",trip_issue
why i am charged 52.50 for ride that was cancelled because of driver on 24/10/2017,billing_payment
if my driver fucking slams on the brakes again because he d rather stare at women walking i swear to god,general_query
how do i contact you about receiving a refund please.,billing_payment
"ok, sent a dm about 10 mins ago. looking forward to hearing from you.",general_query
why was i picked up in a car that had no signage at all they were with uber?,general_query
your gps system could not find the address and so we ended up going the wrong direction and through two unnecessary tolls. not the fault of my kind driver at all. but it should have been a straight shot downtown with one toll.,trip_issue
my friend was charged $150 for an uber he called for me. i did not puke so i would like it explained!,billing_payment
"i'm appalled applied to make some extra cash on uber but given runaround on my app. few male friends got approved, applying after me",general_query
"can you please justify this, 11 km of distance 129rs was the fare in uber pool amp here come the final bill of 1046 rs. url",billing_payment
ok so 15 min after being charged for a 6 min wait.,billing_payment
so suspended my account because i bitched about them for double charging me and calling me a liar.,account_access
don t me with that dm us so we can fix this,general_query
"sucks. 1st time order 30m after delivery was due, the apps says sorry couldn't find a driver, order cancelled .",delivery_order
in #houston why do you keep sending drivers who don't speak english and don't know houston. will use in the future. #idiots,general_query
how much would i have to pay uber eats to bring me a polar pop,delivery_order
how fair is charging a person twice for the same trip and not refunding the amt. despite several msgs? ise apni gadi kaise samjhu??,billing_payment
"hi is it a way change a address of a delivery, i had someone put in a wrong address and had to go about 7 miles out the way?",delivery_order
love feeling unsafe in an uber. love being hit on in a small space with a stranger i can't escape,safety_incident
i just want to delete my account how can i do that?,general_query
"why you guys alwyas try to pull complaints dm, inbox, in your app.. why not replying the resolution here in public?",general_query
no one is responding to me. this is ridiculous,service_complaint
". , i'm digging the ride passes, but the newest option in dallas won't let me pick home-to-work as a destination pair. kinda defeats the purpose for me. anyone i can talk to about that? i can't find a contact uber anything, anywhere?!?!",trip_issue
"really slow guys. this is not the first time it s taken over an hour and a half to get food, but it is the last. deleting the app. tired of cold food.",delivery_order
need to request invoices but i get a page not found error in some cases. help please!,billing_payment
lost an item in an uber tried to contact the driver and uber support no luck. need help!,general_query
"trying to get an invoice and your instruction do not correspond to what shows on the website, how do i get it? in mexico city",general_query
"4 drivers cancelled on us with no reason! stranded at home, late for a party. can we not trust uber anymore?",trip_issue
can yall please help me. my pass isnt working and i need to renew it. your form of contact really needs an improvement if i have to do all this.,general_query
how do i find my referral code on uber eats?,delivery_order
can i use an gift card for ?,general_query
"hey , for peace of mind can you add check to never be selected for a driver again. my heart dropped so many times today",general_query
how about a tipping option at the end of every ride. at times you really want to tip but offering in cash seems embarrassing.,trip_issue
my order was cancelled! i was so close! why give me such false hope what a let down. it's like the star wars prequels all over again! url,delivery_order
i was charged more than half of my original fee and my receipt shows a different destination address and longer time driven.,billing_payment
this has become a norm with drivers calling to ask where you are going. uber you have to do better and take customer complaints seriously,service_complaint
and i've reported the matter but there has been no replies! i even sent my bank statement as proof of your fucken double billing! url,general_query
thanks for your prompt resolution,general_query
you should probably suspend the driver who said he picked me up but never did last night. thanks,general_query
"delivered someone else s order to us from the king s cross mcdonald s.if you re the pair that ordered a quarter pounder with cheese, a big mac, an oj, and an orange soda, hit me up #missedconnections",delivery_order
your guy ain't picking my call an if i drop the request you charge me. for the last 2 hrs waiting for 1 min. url,billing_payment
how about you start hiring reliable drivers? waiting over an hour for food that is down the street from my work is ridiculous,delivery_order
__email__. that's my girlfriends email.,general_query
extremely dissatisfied with your service. #uberpass is a scam. your drivers are not trained. and your customer support is horrible!,general_query
my driver assaulted me at the drop off point,safety_incident
"when i do follow up in app, i get canned responses.",general_query
"your driver ditched me. he showed up on the wrong side of the street, called me and hung up. i could see he was on the wrong side of the street via the app, but he cancelled the ride and left me stranded. good thing i made the airport in time!! go tara!",trip_issue
if my receipt says $0.00 why was i charged? and when i try to see my receipt it won't let me.,billing_payment
i'm so done with this driver you have representing your company right now !!,general_query
i was grossly overcharged for my cash trip. 400 rs extra! please explain why!,billing_payment
i have tried to log in but it will not let me it keeps doing this. url,account_access
the member of your team claims i had 4 other riders with me for this trip. i did not have 4 other riders with me. i was alone. you can actually see that this chrysler pacifica only has two seats in the back. very disappointed. url,trip_issue
can't scan my card what gives?,general_query
change your company name to moron.your drivers are fucking clueless and don t have their phone on so i can t reach them .,general_query
"this guy not only refused to come to location but also abuse when told that we will complain, saying will do nothing url",service_complaint
there you go,general_query
i will text or post anything after that ok i don t want to highlight anything because my experience with uber very good than other app so please make it fast,general_query
i've still not received a response to my note .. please can you sort this out as ive been charged for a trip i did not take.,billing_payment
have dm d you,general_query
is this not fraud? disgraceful service!,general_query
my account __email__. i'm not sure what happened the app came on and offered me affair when i wasn't working,account_access
we had a problem with our ubereats order from tonight. can you help?,delivery_order
driver demand customer rs100/- in cash for going to gurugram.uber has failed to stop cheating and take action inspite of information.,general_query
"are you kidding, ?! all the routes your map suggests to the drivers are longer and far away from being the best option. it's been like this for the last 4 rides i got. it can't be a coincidence!",trip_issue
hey team need some help,general_query
if you preorder your krispy kremes today do you still get them for free?,delivery_order
? url,general_query
once again. told to update the app and send a screenshot of the payments screen if that doesn't work.,billing_payment
"i have sent a message on the app last night about my shocking uber experience. please can you advise when i can expect a reply and some sort of explanation. thanks,",general_query
even is useless in paris. not fit for purpose #f4p -/ impatient driver. didn t stop at right address. unwilling to wait while we came down in the elevator. didn t speak any english,service_complaint
stuck in onboarding status! please advise.,general_query
"can't log in -- telling me my phone # isn't recognized?? then when i actually am able to move past the sign in, the code never gets sent to my number?? ive resent 6 times. i have to take a trip later and have no way of doing so because of my inability to sign in.",account_access
"worst driver ever . he stopped to pee, swerved, is spitting mucus into a cup every 2 mins, reached for meds while driving, and can't read directions. would have gotten out but tired from travels and tons of bags. he should be retired. car is dirty too. #ubercomplaint #uber",service_complaint
#ubereats can t handle it sort yourself out i want my donuts come one.,delivery_order
i am missing half of my order and i submitted your online form and haven't heard anything its been almost an hour. is anyone going to reach out to me? order #19e4e,delivery_order
"are you available in vancouver, bc now?",general_query
so after 2hrs i finally get an answer only to be disconnected unreal,general_query
url link doesn t work,general_query
my uber promo for 100 off 10 rides till 20 nov is not activating please fix this issue asap,billing_payment
your app is worthless and your support even worse.,general_query
"never using again, my driver literally told me to get out of his car because my shoes were dirty meanwhile it s raining wtf",general_query
"you should have a feature where you can add credits to your uber account, by winning stuff and drawing in giveaways you know.",billing_payment
there's no reason i should have to pay a $5.00 fee when it says your driver is 2 mins away and it ends up being 10 mins.,billing_payment
"i never revived my food, and had a super rude delivery, where he said i got my food, and you guys haven't contacted me yet! grr",delivery_order
fyi $300 taken from my account in 3 days. someone must be having a great time being chauffeured around on stolen money. url,account_access
"drivers should not accept call when there is rider. i waited more than 20mins, actually uber app says 6mins, and driver said he had to drop off the rider first before he pick me up.",trip_issue
so in an uber pool we can drive past my destination for another passenger?,general_query
when you get an order number and estimated delivery time and it gets cancelled emotional scenes in the office right now url,delivery_order
"i don't have a drivers tab, i have a profile tab but there is no option to add an additional driver?",general_query
do you have an email address to obtain reference documents?,general_query
i received a message but the issue is not being addreessed. your driver says that we left her car wet they told us this 2 hours after,service_complaint
uber please dm me so resolve an ongoing lost itel dispute. this is very urgent as i need to retrieve my phone for work.,billing_payment
why you keep me on hold for 10 minutes to hang up on me / your support line sucks,general_query
ubereats order has been over an hour now. called the support number and am getting no answer.,delivery_order
uber app not working from 2 days 9654852085,general_query
i had raised a request regarding issue with promo code not working 2 days back. i have not got any response. please expedite,billing_payment
$47 to get here. $180 to go home. i understand revenue management but you can go fuck yourself on this one. loyal customer now pissed. url,general_query
why does your app say it takes a certain time to get to the airport when it actually takes triple that time #ihopeidontmissmyflight,trip_issue
"i hv read every details, but your driver was lost amp i had a train to catch. your driver asked me to cancel, i didn't hv 2 pay for cancelation",billing_payment
- please help. constant error message on my son s app. #familyaccount #error url,general_query
hey when are you going to start charging drivers for cancelling on us? i just waited 10 minutes for a driver just to cancel on me,general_query
sorry but this page is not getting submitted!,general_query
your service is the worst ever 2 orders canceled in one week after waiting more than 1 hour. you should hire better delivery guys,delivery_order
"absolutely shocking service from you yet again driver took 30mins, our food was stone cold, he refused to take it back",delivery_order
wow i will never use your services again. they threatened to have my account permanently deactivated bc i report when food is missing,safety_incident
can you help on an account please,general_query
there is nothing here that explains the immorality in jacking up prices at times when people are most vulnerable url,billing_payment
need to contact any executive urgent please provide the number,general_query
can't add my card details in uber eats.. need assistance.. while adding its getting removed #disappointed url,delivery_order
i have already said it here. your driver's phone wasn't working. your app ddnt even show pick up time,trip_issue
please dm me back,general_query
i need to set up an uber promo code for my upcoming event. url,billing_payment
and now why my account is disable.??,account_access
really should provide a space for riders to provide feedback on the cars their picked up in. cause this one needs to be in a shop #uber #uberatl,trip_issue
"i had the worst experience today with your customer support, close call to my actual experience with your service. #fail",service_complaint
i want a full refund,billing_payment
is there any offer for my first ride with uber?registered mobile number is sent as dm.,general_query
it tells me to contact support. i m running late someone reach out to me,trip_issue
"over charged for the ride today in uber share more than double as shown on fare of 207, charged 432 totally unfair",billing_payment
"still waiting for someone to attend my query regarding my cancelled trip, you guys are too slow!",trip_issue
i just lost 25 minutes of earnings because of your app. thanks a lot.,general_query
#ubereats my drink was #missing and i clearly stated i did not want a refund but the drink i ordered. i suggest you get url,delivery_order
"hello, did you see the screenshot? so can you please add me back to that list?",general_query
you said you lifted the hold on my card but i'm still not able to use it. why?,service_complaint
"though its only been an hour from my last tweet, it has been longer since i messaged you in uber app. will someone contact me?",general_query
i was told my lost phone is at uber hq in port melbourne so why is it 50km away in mernda? this driver is a rude liar! url,general_query
"16 hours later, still can't figure out why i was delivered burgers with no patties and missing drinks.",trip_issue
i had 2 referral promo discount work total 200 taka till 28/12/17 as long as i remember but all on a sudden i see its vanished from my account. please take necessary take necessary steps to return my discount. my uber account mobile number is 88016 1313 2626.,billing_payment
my account was randomly deactivated for the third time.,account_access
how come y all don t deliver to my house in san antonio tx ? #pleasehelp,general_query
i'm about to drop y'all. all i want is to place my order but you can't because i can't update my nujmber. i'm going to use grub hub or postmatwa or walk from now. can't be bothered with this.,delivery_order
"a ride which was to cost me 58,cost me 176 coz driver changed route without informing. #uberindia",billing_payment
"today, i booked the uber from gurgaon, india.. driver name - robin.. account details.. 9036013133 .. the driver didn't stop the trip and continued to roam.. the payment which was supposed to be 80 inr.. it came to 2100 inr. what kind of illegal loot is this? please call.",billing_payment
why are you charging me before our driver has even arrived?!,general_query
"if you are sending promo code to customer then make sure they are valid. every time i enter the code, it says invalid.",billing_payment
3am amp i'm lost on the streets amp my uber didn't show up. thank god the police saved me,trip_issue
what is dm,general_query
send a car my way please i m just trying to get to the loft url,general_query
- trying to get fare detail in your web site. only getting spinning ball. what's up?,billing_payment
i took my friends phone amp checked prices simultaneously. first d refund was made after months follow up amp nw tis is he you gonna tk it back.,billing_payment
when your driver misses the exit why should i have to pay for the extra miles?!,billing_payment
why is the app taking so long to find a ride? i've done the latest update too.,trip_issue
why won t work for pickup from airport?,trip_issue
"#uber your driver cancelled the trip, why should i pay you? even after phoned him, he cancelled, we were put in to lot of trouble because of this. i am senior citizen. in fact you should compensate me. url",trip_issue
m still waiting for you to follow up there..,trip_issue
she still hasn't heard back. it's been 3 hours.,general_query
i have a question concerning a trip we took last night. we were charged 33 dollars and still had to walk 1.5 miles and cross several streets illegally.,billing_payment
tell me how it's fair that i have to pay for your drivers missing turns and being shitty drivers url,billing_payment
i was incorrectly charged for a ride i did not take. i need a refund.,billing_payment
that link is for partners? i cannot understand how we have been charged. we literally just rode. no mess. c'mon uber please help us out,billing_payment
thank you uber for the worst driver in the world #cape town #camps bay #fino url,service_complaint
"my sister made an account just a day before. she hasn't booked any ride yet, but her account has been disabled.",trip_issue
i need help with app,general_query
okay the driver took my money $46.32 for a 1 trip start to mcdonalds which is only 1 mole from my house i want my money and tip back url,trip_issue
my driver has walked off with my valuables and uber have done nothing about it,general_query
and their support is. uuggh maybe i am having incorrect expectations from their support team.,general_query
my account was hacked in the summer and ever since i keep getting locked out. can you help?,account_access
"warning ubereats does not stand behind their products. delivered spoiled, inedible food- no refund",delivery_order
my boyfriend now has to have surgery because of an idiot uber driver who caused his motorcycle accident and fled the scene,general_query
why haven t you put a language toggle button in miami where many drivers can t communicate with their riders? can you please answer that?,trip_issue
"is a joke! i was charged for a full fare instead of my pool rate, my driver drove an unnecessary route in to a sketch area way out of the way, cancelled the other pool riders and argued with. uber refunded me, apologized, then charged me again and won't refund! -__-",billing_payment
"i'm having problems with my account, could you tell me why? url",account_access
how do i remove a profile,general_query
hey! so after my last uber ride i have gone down in rating despite being friendly and polite please can you tell me why?,trip_issue
absolutely bizzare .have never seen such poor customer support,general_query
i have to say that i had the best uber experience last night! is there a way i can review more than just a note in the app?,general_query
i am not logging my acount after reset my password,account_access
thanks nothing like an upside down eggs benny in the morning url,general_query
if my account is not eligible for promocodes then why am being sent sms . this is sheer violation! url,billing_payment
here we are again. can't cash out the money i've earned. the fuck you doing? aside from huffing paint. obvee.,general_query
okay there were multiple missing or incorrect items. when i put in a ticket you responded by asking for a photo of missing items. do you see something wrong here? i m gonna let you figure it out. #logicfails #dumbisdumb #fails,general_query
"just got it, and responded already.",general_query
i need you to solveme a problem the uber app doesn't recognize mydebit card i need you to do it for me i have 2 days on this please do it for me i need my money,general_query
when are you guys coming to el paso,general_query
2 different persons are using same driver account by changing profile pictures. do you allow it? please investigate url,general_query
"really needs to learn to read the chicago traffic a little better, i ordered regular uber instead of pool to get me to my destination quicker and still ended up there at the same time, but charged 3 times more",billing_payment
"why the hell wants $17 for a 5 min ride , they really geekin",trip_issue
yr app is inaccurate. app took me to 500m from addy entered. inconvenient! yr comments,general_query
the driver was rude and unprofessional to me,trip_issue
i'm not getting an uberpool option on my app. could you help?,general_query
you guys are the worse people to work for. i can t even get instant pay because you guys won t send me the money,billing_payment
"i did so. what's odd, he cancelled on me w reason of 5 min with, when i was outside freezing my ass off, waiting for him. more odd, i've never had issue with location pikup from other uber drivers! i've never made an uber driver wait 4 me!",trip_issue
"i have to pay in full even when driver's in fault, bcz of him my train got delayed and still i've to pay for it. well served! url",billing_payment
"hi , maybe you could tell your drivers not to block bus lanes at rush hour in downtown seattle? also intersections. also crosswalks. causing gridlock to pick up one moron is not a great advertisement for your service.",trip_issue
hi can you help me with my account? i cant order any of uber driver from my account. thanks,account_access
requesting for screenshots multiple times when it's already sent. #absurd. also authorization hold is malfunctioning! #fixit url,general_query
driver almost got me killed,general_query
placed an order on friday night and half of my entire order was missing. no one has responded to my query,delivery_order
my issue was not resolved that my point you stupid idiot,service_complaint
how does every . driver have enough bullshit to talk about for 15 minute ride #uber,trip_issue
please check my last tweet for a screen shot and track me down to prove you care for your customers. if not i got it.,general_query
i submitted for help a half hour ago amp have not gotten a response.,general_query
boycott uber. worst service. ola is way better #justice,service_complaint
my account was hacked and someone took rides,account_access
"hi, i added a us promo code to my account by accident, but i live in toronto so it's not valid is there a way to switch it?",billing_payment
what is the 24/7 costumers service phone number ?,general_query
now i know uber is aware of the hundreds of driver that have been banned from detroit metro airport because it made the news i am one of the drivers that have been banned for no reason url,general_query
"will you please check the thread above? or may we move to my dm for private conversation, please?",general_query
i re-added only to once again start getting charged when drivers cancel on me. please fix your system. also 3 cancellations in a row is not ok. url,billing_payment
i need help setting up my mil's account to only get assist drivers.,general_query
got the email to get ready for ride pass but no email for the sale and nothing in app..,trip_issue
is playing games with me with the ride pass this month and i m not happy!,trip_issue
my email is __email__,general_query
i ve been trying to change the phone number in my account for weeks with no response. sent multiple emails. can t find a phone number to call either. how can i make the change?,general_query
please hurry i m starving,general_query
. righto so gt 70 mins waiting for food and now waiting in helpline queue for gt 10 mins .. not a good #first-impression,trip_issue
i am very dissatisfied with uber. they constantly mislead prices. the take extra funds from my checking account,billing_payment
why is it that everytime i use i get the worst experience ever,service_complaint
the app says my connection is unsafe,account_access
"hey! another driver just called me, asked where we re going and cancelled. not cool. you need to fix this.",general_query
i have a concern,general_query
really really?!?!,general_query
she lost it last night and no one has responded. how does making it literally impossible to login online help anybody?,account_access
i can't log into the website because it requires me to put in a sms code and i'm abroad without a phone!,billing_payment
hey your timing sucks. my fiancé requested a ride more than 30 minutes ago and your driver is just sitting there. your app says he should be home in 14 minutes and yet your driver is 10 minutes away #badcustomerservice,trip_issue
hey my 25% won t activate.,general_query
unless you are on the path to become another ola?,general_query
i'm officially done with y'all. y'all got me fucked up. gone mess up my order two days in a row,delivery_order
does not even know how to help or answer a client. y'all are wasting your time with this app that steals money and doesn't work. url,general_query
if i disappear after tonight it s because i m riding in a dangerous. and i m pretty sure this guy is more drunk than i am.,general_query
i've only been trying to go grocery shopping since 2 i thought uber would be quick but apparently not,general_query
that s what i thought? i just checked and now $150 is processing in my bank all from past orders throughout the year,delivery_order
"one of your cab driver rajappa charged me toll 130 inr, which was not supposed to charged",billing_payment
driver took a longer route and overcharged me,billing_payment
hi all of my drivers kept canceling on me and it charged me please help me asap,billing_payment
are drivers authorized to cross at the san ysidro international border ?,delivery_order
just had a driver unable to follow my instructions for picking me up cancel my ride after i waited 20m for him. i can t even leave him feedback?!,trip_issue
it was a constant redirect from url to url after submitting the otp.,account_access
i want to change my first/last name from cyrillic to latin . how can i do this?,general_query
"i logged in to the website and submitted a message, still very frustrated and hoping for a solution soon, or im ordering a cab",delivery_order
"driver just called me a f king idiot , so i cancelled ride but got charged, rebooked but missed train. no customer service number??",billing_payment
