pair_id,customer_tweet_id,customer_msg,brand_reply,created_at
uc_875043,875043,When you order @115877 instead of @2350 and Uber deliver the wrong order and then refuse to bring the right one. Never again,@327746 Sorry to hear about this. A member of our team has followed up via in-app support.,Fri Oct 20 20:44:58 +0000 2017
uc_2256096,2256096,"Are you kidding, @115873?! All the routes your map suggests to the drivers are longer and far away from being the best option. It's been like this for the last 4 rides I got. It can't be a coincidence!",@657100 Here to help. Send us a note at https://t.co/u3MyknJaaN so our team can connect.,Fri Nov 10 22:23:04 +0000 2017
uc_1836147,1836147,"@Uber_Support That link didn’t take me anywhere 2 send a note,it was a link trying to explain how prices work I don’t need that bcuz $10 increase is crazy","@550583 Sorry for the trouble, Sasha. Please DM us your email address and trip details so we can look into this for you. https://t.co/sd7yH5jmbJ",Wed Oct 18 15:34:02 +0000 2017
uc_318667,318667,@115873 I don’t feel safe in @115873 cars anymore. I’d rather ride with @115879 because at least they’ll stand up against extortion,@192021 We're so sorry about that! Can you please send us a DM with your email address so we can assist?,Sat Oct 07 10:38:53 +0000 2017
uc_2732980,2732980,@Uber_Support 24/7 my butt. You haven’t responded for more than 12 hours.,"@761578 We'll follow up with your DM, Shelly.",Mon Nov 20 16:16:54 +0000 2017
uc_1067861,1067861,So @115873 blocks my account and the ban cant be lifted manually. “Sorry for the inconvenience”. Cheers! @1143 u gain a loyal customer!,@371996 We've been in touch via DM. Please keep an eye out for our response.,Mon Oct 23 09:06:49 +0000 2017
uc_875237,875237,@Uber_Support why is there no number for ubereats? i’ve only received half my order and i’ve gotta wait 24hours for it to be solved 😡,@327802 Will you please DM us with your email address associated with your account and the order details? We'll look into it.,Fri Oct 20 18:12:48 +0000 2017
uc_1990597,1990597,@119983 @115873 @80107 @Uber_Support,"@589106 Hey, Noora. Go ahead and DM us your account email anytime. We look forward to your reply so we can assist you further.",Wed Oct 18 18:14:56 +0000 2017
uc_2028865,2028865,@115873 in #Houston why do you keep sending drivers who don't speak English and don't know houston. Will use @115879 in the future. #idiots,@599973 We're sorry to hear this was your experience. Contact us via https://t.co/fS660rQ8NQ and we'll be in touch.,Wed Oct 18 21:30:01 +0000 2017
uc_517751,517751,@115873 you have got to put a limit on how many rides a driver can pick up on uber pool. There's no reason we should pick up 5 people turning my 20 minute trip into and hour ride !!,@239390 Sorry for the trouble! Send us a note via https://t.co/593jusCquh so we can connect right away.,Thu Nov 30 00:48:58 +0000 2017
uc_1369650,1369650,@115873 3y driver 6000 pickups 0% cansel 80% exap rate gets deactivated being off line using restroom for parking spot,@426870 Here to help. Send us a note at https://t.co/hgMrF4CPiU so our team can connect.,Fri Oct 27 22:33:45 +0000 2017
uc_1413915,1413915,@115873 how do I complain about a smokey car? Yuck. I thought cars had to be non smoking,@448597 We're sorry to hear this was your experience. Contact us via https://t.co/aBEgvdNWQN and we'll be in touch.,Thu Nov 02 00:51:00 +0000 2017
uc_2963292,2963292,@Uber_Support So after 2hrs I finally get an answer only to be disconnected unreal,"@817667 Hey there, James! Two hours is an unnecessarily extensive amount of time to have to wait for assistance with your UberEATS order; not to mention the fact that you never actually received the assistance you deserve. We sincerely apologize. We'll DM you momentarily.",Wed Nov 29 22:09:54 +0000 2017
uc_2124393,2124393,@115873 support - you have the worst help section I have ever come across how hard is it to actually get in contact with someone!,@625731 Here to help! Send us a note at https://t.co/zUe0dj6yoX so our team can connect.,Thu Oct 19 06:52:32 +0000 2017
uc_2344170,2344170,@118730 Is UberRUSH available in Quebec City / Canada?,"@677937 Here to help! For more info, please click here: https://t.co/67k47usCKl",Mon Nov 13 15:29:25 +0000 2017
uc_2572681,2572681,All i want in life is for @121446 to deliver. Get on it @115877.,@729634 We're always adding more options to our menu. Make sure to check back soon to view all of our delicious new options!,Mon Oct 30 17:19:56 +0000 2017
uc_70628,70628,"@116288 @Uber_Support I took a uber pool , when i was booking ₹49 was the fare shown but after payment by paytm i see that i have been charged ₹99. This is pathetic by uber as this is happening the second time. We customers have selected Paytm as mode of payment that (1/2) https://t.co/ThmZLfX0Qk",@131837 Here to help! Send us a note via https://t.co/rkdKXGV1hT and we'll be in touch.,Thu Nov 30 09:45:43 +0000 2017
uc_1219292,1219292,@Uber_Support this has been my screen for the last 45 minutes. Meanwhile I'm watching Lyft drivers rear out left and right. What gives? https://t.co/L9ItDkkeed,@406075 Here to help! Please follow the link https://t.co/zZ6Y806fuk for more info.,Wed Oct 25 14:46:41 +0000 2017
uc_2107521,2107521,"@115877 disgusting customer services, half my order missing and cold how do I complain?",@621889 Here to help! Send us a note via https://t.co/xLLG6cfrJA to assist you further.,Sun Nov 26 12:42:37 +0000 2017
uc_1005294,1005294,.@115873 my driver just got hit by another car :/,@357946 We take this very seriously. Kindly send us your email address so our team can assist.,Sat Nov 25 17:15:35 +0000 2017
uc_676260,676260,"@Uber_Support I've been looking at this while trying to place an order for the last half hour. That, and your site doesn't have a help section. To say that I'm unhappy would be a serious understatement. https://t.co/YWXLirAoZm",@281311 Here to help! Please send us a note at https://t.co/aZ6Ktyb1LN and we'll be happy to look into this for you.,Thu Nov 23 11:21:29 +0000 2017
uc_1153328,1153328,@Uber_Support my ubereats time shot up by 40 minutes not long before expected delivery. where can I complain and get a full refund issued?,@391369 Please reach out to @131077 for further assistance.,Sat Oct 14 23:47:57 +0000 2017
uc_2269857,2269857,@Uber_Support my friend’s at my house and I just got him to sign up to UberEats for the VERY FIRST TIME but it’s saying there’s a payment issue because his “cards been shared on too many uber accounts” but it’s the first time his card is being used EVER on this app.,"@635028 According to our privacy policy, we will have to speak directly to the account holder. Please have them contact us via https://t.co/3eYc7uUEUm so our team can assist you!",Sat Nov 11 08:23:58 +0000 2017
uc_704638,704638,@Uber_Support @143073 u didnt solved my query and removed promo from my account thats shame and cheating with credentials,@270777 It seems a member of our team has reached out to you. Please check your email and follow up with them there.,Thu Nov 23 18:55:20 +0000 2017
uc_706964,706964,"@Uber_Support Hi, my email is __email__.","@289021 Please be sure to send that info in a DM, to protect your privacy. We will follow up once we've received the DM.",Wed Oct 11 23:17:28 +0000 2017
uc_1500034,1500034,@Uber_Support you act like this business is economical it should started that way now you are becoming just as bad as the cabs,@468262 We're so sorry about that! Please send us a DM with your email address with details so we can connect.,Fri Nov 03 15:02:41 +0000 2017
uc_604363,604363,@Uber_Support I have always been able to use https://t.co/3YJtQRYEpB on my BlackBerry until today. Please help me fix.,"@263671 We want to look into this with you, Sherrie. Please send a note our way via https://t.co/41EELWKjnd so we can connect.",Wed Nov 15 22:56:26 +0000 2017
uc_1197996,1197996,@Uber_Support @115873 !???? https://t.co/n4bcCwXohq,@401479 We're so sorry for the trouble. Send us a note via https://t.co/DceIRNI6kV so we can assist.,Wed Oct 25 03:24:06 +0000 2017
uc_1237179,1237179,"Hey, @115877 - why did I just get an email thanking me for a tip (that I didn’t approve) on a delivery I had over a month ago? Not cool.",@410204 We're here to help. Can you please send us a DM with your email address so we can look into this?,Thu Oct 26 01:21:56 +0000 2017
uc_2509439,2509439,@Uber_Support @115873 @118730 - its more than 90 minutes and we cannot get hold of anybody from Uber and cannot contact the Drive - HELP HELP HELP https://t.co/E6LKLHHfNm,@715362 Sorry for the trouble! Send us a note at; https://t.co/oY5vj3NqP3 so our team can assist.,Wed Nov 15 22:22:10 +0000 2017
uc_608214,608214,@Uber_Support what is dm,@264559 Thank you for sending in the requested information. A 'DM' is considered a Direct Message which we have received from you and will be following back up shortly - stay tuned!,Wed Nov 22 13:05:11 +0000 2017
uc_2422895,2422895,#ubereats can’t handle it sort yourself out I want my donuts come one.,"@695874 We've been overwhelmed by demand! Supply is limited, but please keep trying.",Tue Nov 14 14:12:50 +0000 2017
uc_1702241,1702241,@Uber_Support have sent about 5 complaints to ubereats I just want my refund u kno it's been 24 hours,@500056 We want to follow up. Please provide us with the email address to your account and a member of our team will follow up.,Mon Nov 06 21:28:40 +0000 2017
uc_91638,91638,@115873 Why was I charged more than Rs.39 for my Uber pool ride when your promotions say Rs39 only for pool rides up to 5km. My distance was only 4km. And this has been happening since last 3 days.,@135871 We're here to help! Please send us a note via https://t.co/lqVgKo4ZO3 so we can connect.,Thu Nov 30 15:02:57 +0000 2017
uc_2387485,2387485,@115873 Cape Town - Shouldnt you have a rule that drivers have change on them for cash trips.,@687980 Here to help. Send us a note at https://t.co/4DTBhCaWGV so our team can connect.,Tue Nov 14 07:32:39 +0000 2017
uc_2038438,2038438,@Uber_Support I have to sign in and make a request to complain about poor customer service. It’s easier just to download Lyft. Really inconvenienced me,"@602721 We assure you that we want to look into this trip further, Gina. Please DM us the email address linked to your account and trip details.",Thu Oct 05 04:55:35 +0000 2017
uc_2074056,2074056,So my @115873 has been 7 minites away for 10 mimutes now and the fuckers want me to pay £4 to cancel for his time? Utter bullshit,@613409 We're sorry to hear this was your experience. Contact us via https://t.co/e8HVorX5rh and we'll be in touch.,Wed Nov 08 05:37:15 +0000 2017
uc_100102,100102,"@Uber_Support Ok, sent a DM about 10 mins ago. Looking forward to hearing from you. 🙂","@137934 We just got back to you via DM, B.J.",Thu Nov 30 17:27:20 +0000 2017
uc_1266721,1266721,@Uber_Support Seems drivers in HK demanding extra cash payments yesterday bcoz of typhoon. Please see my support ticket.,@416598 Found your request! It's definitely in there and someone from our team will get back to you soon.,Mon Oct 16 00:53:31 +0000 2017
uc_1666349,1666349,@Uber_Support Will this get me a refund. I could have walked faster.,@507640 We're here to help. Can you please send us a DM with your email address so we can look into this?,Sun Nov 26 04:34:00 +0000 2017
uc_73682,73682,"@Uber_Support , hi, driver made argument and said that he will not go to Airport. After sometime, he cancelled. Plz do not deduct amount from my pocket.",@132480 We absolutely want to follow up right away. Please send us a DM with your email address so we can connect.,Thu Nov 30 10:34:16 +0000 2017
uc_2734548,2734548,@Uber_Support Your app is worthless and your support even worse.,@766410 Hi Josh! We see your outreach and a member of our team will be following up via email as soon as possible. We appreciate your patience.,Mon Nov 20 19:44:38 +0000 2017
uc_2752791,2752791,@115877 I'm about to drop y'all. All I want is to place my order but u can't because I can't update my nujmber. I'm going to use grub hub or postmatwa or WALK from now. Can't be bothered with this.,"@588752 Here to help! For more information about updating account information, please visit: https://t.co/2W3h5Y6rq0",Tue Nov 21 01:09:57 +0000 2017
uc_2596497,2596497,@Uber_Support I’ve sent it. Uber is wasting time NOW refunding discrepancy because I’m making noise. This is the 2nd time in 10 Days. Enough is enough. Fix your app/technology. Provide full refund and stop stealing from customers. #greed #incompetent,@395965 It seems a member of our team has reached out to you. Please check your email and follow up with them there.,Fri Nov 17 03:57:14 +0000 2017
uc_2354035,2354035,@Uber_Support Hi! What is the update now?,"@680170 Hi, Siam. To clarify, our team works to respond to each individual inquiry in the order which they are received. We see your outreach and a member of our team will be following up to assist as soon as possible.",Mon Nov 13 20:02:19 +0000 2017
uc_2356904,2356904,"@Uber_Support What are the car requirements in the Zip 60156, Chicago area, to be an UberEats driver?",@680859 We're here to help! Please send us a note via https://t.co/uRjsQ64qLY so we can assist further.,Mon Nov 13 19:45:24 +0000 2017
uc_1971882,1971882,@115873 don’t @ me with that “dm us so we can fix this”,@584085 Happy to take a look. Send us a DM with your email address so we can connect.,Sun Nov 26 09:59:07 +0000 2017
uc_1638870,1638870,@Uber_Support @115873 Why does the promotion code you sent me appear to be invalid? #UberPh #Uber #UberCebu https://t.co/nXNtzuEnNl,@501134 Let's take a closer look! Send us a note via https://t.co/lqVgKo4ZO3 so our team can follow up.,Sun Nov 05 18:50:22 +0000 2017
uc_2412803,2412803,when you get an order number and estimated delivery time and it gets cancelled 😔😔😔@115877 @148768 emotional scenes in the @94223 office right now https://t.co/17hkftNeRt,"@491084 We're sorry, Beth. We're working hard to sort a technical issue caused by high demand. Please doughnut worry, there will still be plenty of time to order. If you're not immediately connected, do try again.",Tue Nov 14 14:31:11 +0000 2017
uc_1069996,1069996,@Uber_Support I’d rather not. You’ll only cancel on me again! N to think I’ve rated u so much! Fuming,@372480 We'll be happy to help if you change your mind. We'll keep an eye out for your message!,Sat Oct 14 23:35:18 +0000 2017
uc_1913971,1913971,@Uber_Support https://t.co/VUfiIPoVSa,@570115 We've received your DM and a member of our team has reached out. Please review your messages for our response.,Sat Nov 25 14:29:55 +0000 2017
uc_935973,935973,This is a cautionary tale. Uber's response is to not refund me and instead give me a ride credit so I *have* to use them if I want my money. https://t.co/MpzdtYFn3k,"@337032 Hello, Nick. We've gone ahead and followed up with you via DM regarding this matter.",Sat Oct 21 17:31:10 +0000 2017
uc_734205,734205,"@Uber_Support Hi, I ordered a some manga chicken from a restraunt and once received it was all sauce with one piece of chicken in it",@295671 Let's take a further look into this. Please send us a DM with your email and phone number linked to your account.,Wed Oct 11 08:04:29 +0000 2017
uc_2241723,2241723,@115873 hi my uber account was hacked. what can i do? i can access anymore my app and i already sent a message through the website.,@653598 Oh no! We'll get this sorted. Send us a DM with your email address and phone number associated with your account so we can look in to this for you Paola.,Fri Nov 10 19:11:32 +0000 2017
uc_1599296,1599296,Uber eats kills me @115877 terrible service,@491131 That doesn't sound right. Can you please send us a DM with your email address so we can look into this with you?,Sun Nov 05 03:41:59 +0000 2017
uc_1605691,1605691,Placed an order on @115877 Friday night and HALF of my entire order was missing. No one has responded to my query @Uber_Support,@492548 We're here to help! Send us a DM (Direct message) with your email address so we can assist.,Sun Nov 05 17:10:10 +0000 2017
uc_2680768,2680768,@Uber_Support Still the story is same...#nopoint #ubersupport,@754201 We've received your DM and a member of our team has reached out. Please review your messages for our response.,Sun Nov 19 16:51:54 +0000 2017
uc_1826752,1826752,@11970 another shitty Logan experience. Driver took ride but didn't move for 10 mins. Wouldn't cancel #firehim plate #6NK473 #uberloser,@548289 We're sorry to hear your pickup did not go smoothly. Sign in and visit us at https://t.co/593jusU1lP so our team can get in touch.,Tue Oct 17 03:51:14 +0000 2017
uc_2975005,2975005,@Uber_Support Still on hold and just submitted website request will keep waiting for someone to respond https://t.co/FhNggKBAMN,@820479 Happy to take a closer look! Send us a DM with your email address so we can follow up.,Thu Nov 30 02:58:11 +0000 2017
uc_2446497,2446497,@Uber_Support I cant send any mail cause everytime i send i need to sign in but i cant cause my account is block its freaking stupid can you dm me so i can talk to somebody,@701355 We can definitely take a look! Send us a DM with your email address and details so we can follow up.,Wed Nov 15 01:19:00 +0000 2017
uc_656395,656395,"@821 @115873 you are a fake app, your customer care leaves little to desire, very disappointed with your services 🤮",@276172 We're here to help! Send us a DM with your email address and more details so we can follow up.,Wed Nov 22 22:51:38 +0000 2017
uc_1914037,1914037,@Uber_Support I need to speak to a representative not an electronic assistant.,"@570136 At this moment, we don't offer phone support for these issues. We're sorry for any inconvenience. Visit https://t.co/balq3Eyso6",Wed Oct 25 20:55:52 +0000 2017
uc_662872,662872,@Uber_Support i was sent a gift card to a wrong email that isnt my account. there is no way to ask for help on your app. HELP!,@277930 Let's look into that! Send us a note at https://t.co/zpq2qqd9a2 so our team can connect.,Thu Nov 23 01:35:06 +0000 2017
uc_2379043,2379043,"@Uber_Support Guys i lost my phone in my last ride, and i can´t get into my account to send a message to my driver, cause the 2 factor authentication. I´m prety sure he has it, or Uber in Puebla",@686053 Here to help! Please send us a note via https://t.co/rOtqyWzf0B so our team can connect.,Tue Nov 14 04:38:54 +0000 2017
uc_928895,928895,Uber Service honestly sucks there so called uber support doesn’t get back to you @115873 especially when it’s very important,@212829 It seems a member of our team has reached out to you. Please check your email and follow up with them there.,Tue Oct 10 21:36:07 +0000 2017
uc_79320,79320,@Uber_Support WhAt you do not understand I cannot log in to my account so how the hell will I used the in app support . Stupid idiots,"@133604 Thanks for reaching out, Vishaul. A copy of our support messages are also sent to your Uber account email address. You can connect with us there as well.",Thu Nov 30 16:11:23 +0000 2017
uc_752469,752469,@115873 how long does it take u guys to reply emails,@216450 Hi there! Please send us a note at https://t.co/QsI1vsvcif and we'll be happy to look into this for you.,Wed Oct 11 14:12:18 +0000 2017
uc_95710,95710,If your @115873 driver gets arrested during your trip do you still have to pay? Technically the police drove me to my destination. Still have him 5 stars.,@136832 We take this very seriously. Please send us a DM with your email address so we can connect ASAP.,Thu Nov 30 16:22:45 +0000 2017
uc_785886,785886,@McDonalds @115877 @118625 hurry up,@41061 Sorry to hear of the delay! Please reach out to us here: https://t.co/OfU5UzgGiI so we can follow up.,Mon Sep 18 17:39:39 +0000 2017
uc_2789365,2789365,"Hey @Uber_Support I think there's a glitch in your notifications. I live in downtown DC, so this makes little sense 😉 https://t.co/77CW4NXqK3",@778590 We apologize for any inconvenience. Kindly send a note here: https://t.co/e8HVorX5rh so we can connect.,Tue Nov 21 19:26:21 +0000 2017
uc_2373617,2373617,@Uber_Support Sent you a dm,@546233 Hi there! It seems a member of our team has reached out to you. Please check your email and follow up with them there. Thanks!,Sun Oct 29 13:03:46 +0000 2017
uc_2851344,2851344,@Uber_Support Can you help my sister with her account?,"@792806 We're here to help! Due to our privacy policy, we will have to speak directly to the account holder. Please have them contact us via https://t.co/QDn91HzZV0 so our team can connect right away.",Mon Nov 27 19:55:15 +0000 2017
uc_102127,102127,@Uber_Support So what is the average score &amp; what is outstanding?,@138388 For questions about our rating systems you'll need to send us note at https://t.co/t28aTM4WmD.,Thu Nov 30 21:47:09 +0000 2017
uc_773897,773897,@115873 @34452 #Uber drivers in Chicago are disappointing me,@304874 Here to help! Please contact us via https://t.co/JyzdtQmyxT so we can follow up.,Thu Oct 12 01:39:51 +0000 2017
uc_652267,652267,So i guess I’m not@gon be able to do the @115877 🙄,@138925 We're here to help! Send us a DM with your email address so we can assist.,Thu Nov 30 20:21:52 +0000 2017
uc_1187200,1187200,@Uber_Support It's just really frustrating that he asked me to cancel instead of him cancelling on his end. But thank you. I will send the note now,@289624 Perfect! Someone will be in touch via support soon! Please let us know if you need anything else.,Tue Oct 24 23:59:20 +0000 2017
uc_2103877,2103877,@Uber_Support Just had a driver unable to follow my instructions for picking me up cancel my ride after I waited 20m for him. I can’t even leave him feedback?!,@194641 Here to help! Send us a note via https://t.co/fS660rQ8NQ so our team can get in touch.,Wed Nov 08 12:14:07 +0000 2017
uc_924971,924971,Getting charged $40 for this 1. It wasn’t me 2. It’s water on a weather mat @115873 YOU SUCK https://t.co/owvsXde6iO,@339507 We're sorry to hear this was your experience. Can you send us your email address so we can connect?,Fri Oct 13 21:29:17 +0000 2017
uc_2560467,2560467,@116288 @Uber_Support i didn't get my discount for using UPI payment method and code #UPINOV17 PLEASE DO THE NEEDFUL.,"@280280 Thanks for getting in touch, Aditya, we'll certainly be happy to help! Go ahead and send us a note at https://t.co/L2aXwAc0Tb and we can connect on this.",Thu Nov 16 17:39:12 +0000 2017
uc_1913970,1913970,@Uber_Support Fuming is not the word! Ordered uber eats at 1:30 for delivery at 2pm it is now saying 2:45 &amp; rising!! It’s McDonald’s for god sake last time me &amp; my family use this service or the taxi service for that matter! #clearlydontcareaboutcustomers,@570115 We're sorry to hear this. Can you please send us a DM of your email address so we can look into this?,Sat Nov 25 14:09:12 +0000 2017
uc_168953,168953,"@Uber_Support They won’t even read or try to understand and keep on sending generic answers - so inefficient, so much time wasted - 5 days and my issue is not fixed","@144245 We apologize for any delays, Geji. Our team has received your latest response and is still reviewing your account. Please continue correspondence through in-app support to avoid confusion. Don't hesitate to reach out for anything else in the meantime.",Sat Nov 25 12:51:56 +0000 2017
uc_2855783,2855783,@Uber_Support Totally disappointed service..,"@793791 We've been in touch via DM, Hemant. Please keep an eye out for our response.",Mon Nov 27 21:59:36 +0000 2017
uc_1700104,1700104,"@115873 I was just dropped off but my app still says, “arriving.” Having network issues? Please help. https://t.co/1rXNptPFcf",@345308 Here to help! Send us a note via https://t.co/u3MyknJaaN and we'll be in touch.,Mon Nov 06 21:10:50 +0000 2017
uc_1489715,1489715,@115873 @Uber_Support pls introduce an option on cancelling y as driver denied to go to the destination. N it should affect drivers rating.,@171971 Here to help! Send us a note via https://t.co/iOszeeHZhQ so our team can get in touch.,Fri Nov 03 13:14:43 +0000 2017
uc_2382623,2382623,@Uber_Support https://t.co/0WErIqcUBC,@686867 We're here to help! Send us a DM with your email address so we can connect.,Tue Nov 14 06:11:45 +0000 2017
uc_2359047,2359047,"@Uber_Support U shitty service.. booked 3 cabs n none of thm came. 1 ws sleeping n started d trip, 2nd never showed up, 3rd ws right behind me and post knwng destination, cancelled. Have taken almost 2000 rides wid u n now, deleting ur app. Pathetic",@254458 We're here to help! Please send us a note here; https://t.co/e8HVorX5rh so our team can assist.,Mon Nov 13 20:18:20 +0000 2017
uc_318291,318291,Never use @115873 for the rides to/from the airport. They are overcharging. 2800 roubles instead of 1 k fixed price in my case. @Uber_Support https://t.co/3YuRcmZ66h,@191945 Here to help! Follow up here; https://t.co/6IqAxVj2X4 and our team will connect right away.,Fri Oct 06 21:03:14 +0000 2017
uc_1142187,1142187,"@115873 What happened to in-app tipping? Didn't ride while it was in trial. Went to tip last night, no option. Why?","@388851 Here to assist, Kristin! Please visit here: https://t.co/r8kAQthr56 for more on your inquiry.",Tue Oct 24 11:55:28 +0000 2017
uc_2631654,2631654,@115873 Mind you I was watching the map so I’m literally watching dude drive the opposite direction. I called at least 8 times on gawd 😂 When he answered he said “You’re too far I’m going to have to cancel.”But I get charged? Fuck @115873 Y’all some woes. I’m using LYFT!,@743102 We're here to help! Send us a DM with your email address so we can assist.,Fri Nov 17 18:25:21 +0000 2017
uc_1331320,1331320,@115877 What kind of restaurants u are adding. Ordered burger today bt they were one of the worst i have evr had. #UberEATS @Uber_Support https://t.co/X2QyZWIOpO,@430584 We're here to help! Send us a note via https://t.co/OWBkgXcbMl so our team can connect.,Fri Oct 27 12:02:16 +0000 2017
uc_2328537,2328537,@Uber_Support from FLL is a disaster. Your drivers are scamming users.,@322659 So sorry about the trouble! Please send us a DM with your account email and details of your concern so we can connect.,Fri Oct 20 00:13:30 +0000 2017
uc_1510925,1510925,@Uber_Support We need help with an Uber event we have tonight regarding the links/promo code. Can someone help us with that?,@470704 Happy to follow up! Contact us via https://t.co/t6jnm3ULFw so we can connect.,Fri Nov 03 17:30:59 +0000 2017
uc_2087993,2087993,@Uber_Support I was charged a cleaning fee for my driver almost hitting a car and causing me to hit my head and spill my drink smh,@617372 We've followed up via DM so please check your inbox.,Thu Oct 19 02:10:25 +0000 2017
uc_2959306,2959306,@Uber_Support check your inbox please!!,"@816764 Here to help! For more info about purchasing ride pass, please click here: https://t.co/3h8wdQ4EJK",Wed Nov 29 20:06:19 +0000 2017
uc_2665708,2665708,@Uber_Support I tried to contact this driver several times they declined my call then charged me. Is this how you run a business? This is ridiculous. How could you seriously think this could be ok? https://t.co/IApLg98hiM,@751034 That doesn't sound right! Send us a note via https://t.co/e8HVorX5rh so we can follow up.,Sun Nov 19 08:44:38 +0000 2017
uc_1408026,1408026,@Uber_Support Please tell me how to use the same phone number in different device due to the old device where stolen.,@447282 Happy to help. We've replied to your DM. Please reach out to us there for further assistance. Thanks for your patience.,Mon Oct 16 13:33:49 +0000 2017
uc_2920575,2920575,"Worst driver ever @115873. He stopped to pee, swerved, is spitting mucus into a cup every 2 mins, reached for meds while driving, and can't read directions. Would have gotten out but tired from travels and tons of bags. He should be retired. Car is dirty too. #ubercomplaint #Uber",@808317 Hi there! Please reach out to https://t.co/zUe0dj6yoX and fill out the 4 boxes at the bottom so we can get in touch.,Wed Nov 29 01:02:52 +0000 2017
uc_2395601,2395601,@Uber_Support where is maccies? Ordered two days ago why you bad? 👎🏻👎🏻👎🏻👎🏻👎🏻👎🏻👎🏻,@341042 We're here to help! Send us a note via https://t.co/kOYvdOvyd0 so our team can connect.,Sun Oct 29 07:51:02 +0000 2017
uc_1379639,1379639,@115873 @Uber_Support i have a concern,@398958 We're here to help! Send us a DM with your email address and more details so we can follow up.,Sat Oct 28 04:03:36 +0000 2017
uc_45611,45611,Trying to get to the airport but our @115873 driver keeps using multiple maps and keeps having to make uturns. #baddriver,@126101 Happy to follow up. Send us a note at https://t.co/y4EDPcVZOI so our team can connect.,Wed Nov 01 16:24:05 +0000 2017
uc_308973,308973,@uber_support why is my account disabled,@189779 So sorry about the trouble! Please send us a DM with your email address and phone number so we can connect.,Sat Oct 07 01:00:41 +0000 2017
uc_1398735,1398735,A stranger in an uber pool put his hand on my upper thigh last week &amp; I was so shocked/uncomfortable it took a whole day to tell anyone,@445272 We take this very seriously. Please send us a DM with your email address so we can connect ASAP.,Mon Oct 16 16:37:13 +0000 2017
uc_2738062,2738062,"@Uber_Support Hi, I have been charged for trips I didn't take. Theres no email form or contact. Please help me resolve this issue.",@767200 Sorry to hear that! Send us a note here: https://t.co/1xM0TILvAI so we can follow up.,Mon Nov 20 20:36:49 +0000 2017
uc_742573,742573,@Uber_Support Just did! thanks,"@297553 Thank you for the update, Andrew! Your opinion definitely matters to us. A member of our team will be following up via DM momentarily.",Wed Oct 11 16:16:36 +0000 2017
uc_2483773,2483773,@115877 I'm officially done with y'all. Y'all got me fucked up. Gone mess up my order two days in a row,@709585 We're here to help. Can you please send us a DM so we can connect?,Sun Oct 29 23:58:58 +0000 2017
uc_1148951,1148951,"Fraud alert - @115873, How these fraudulent charges are getting on my card? Don't have an account &amp;&amp; don't use service. 5 trips in 42 mins? https://t.co/FtXahnEC4e","@390382 Hi there! We're here to help. Send us a note here, https://t.co/dInR3racif and so our team will assist.",Tue Oct 24 14:17:46 +0000 2017
uc_171789,171789,@Uber_Support Sent 💯,"@156120 Hi, we've followed up with your DM.",Wed Nov 29 22:58:10 +0000 2017
uc_523575,523575,@115873 My driver just drove up to me and my boyfriend and told us that he canceled our ride because “we look too nice” and “we need to stop being cheap and order a select instead of uber X.” What in the world?!? I would like to speak to someone about this 😡😡😡,@240991 Here to help! Send us a note here https://t.co/fS660s7JFo so we can assist.,Sat Dec 02 04:31:40 +0000 2017
uc_1872546,1872546,Ubar is g8ving promo code but no option to redeem the offer.these idiots making fool @Uber_Support,"@339755 We'd like to take a closer look, Pravin! Please send us a note at https://t.co/YpFkTpQXDC and a member of our team will follow up.",Fri Oct 20 03:49:36 +0000 2017
uc_2400136,2400136,@Uber_Support no one is responding to me. This is ridiculous,@541991 We've received your DM and a member of our team has reached out. Please review your messages for our response.,Fri Oct 20 11:46:30 +0000 2017
uc_1971497,1971497,Ubereats takes so long,"@583976 We're happy to help, Kim! For more information on this, click here; https://t.co/OfU5UzgGiI. Feel free to reach out with any questions.",Wed Nov 01 04:13:16 +0000 2017
uc_1129918,1129918,.@115877 Literally just waited an hour for a delivery that was advertised to take only 10-20 minutes. Not the 1st time. Fix your shit plz,@386306 Here to help! Please visit https://t.co/OfU5UzgGiI for more info.,Tue Oct 24 10:08:00 +0000 2017
uc_2422951,2422951,@115873 my account got deleted with a giftcard on it...how do i get it back?,@695896 Here to help! Send us a note at https://t.co/R8Xm8a7StU so our team can connect.,Tue Nov 14 17:43:45 +0000 2017
uc_67590,67590,@Uber_Support It's not working. My passport is in the car and my flight leaves in 3hs,@131433 We're here to help! Send us a DM (direct message) with your email address so we can connect.,Thu Nov 30 09:27:55 +0000 2017
uc_590088,590088,Apparently it’s okay to cancel at the very last minute and not even get refunded. Super unhappy @115873,@259531 Here to help! Send us a note at https://t.co/h840Iouehc so our team can connect.,Sun Dec 03 16:48:05 +0000 2017
uc_1505211,1505211,. @115873 is there an option for a driver that isn't arguing with customer service on the phone the whole hour drive,@469340 Here to take a closer look. Send us a note via ttps://help.uber.com/h/833301f6-392f-486a-b274-4d57db2c19aa so our team can connect.,Tue Nov 07 00:56:58 +0000 2017
uc_1707111,1707111,@Uber_Support almost everyday overcharging! Two refunds dated 9thand 14th pending besides follow ups@uber,@517344 Apologies for our delayed response. We've located in your in-app inquiries end escalated them to the appropriate team to assist you.,Tue Oct 17 02:44:51 +0000 2017
uc_629871,629871,@Uber_Support @115873 I was just charged 4 times from Uber this morning. I haven't taken an Uber ride since July. #uberhack,"@116660 Hi, we're here to help. Please send us a note directly and a member of our team will be in touch shortly: https://t.co/aJtaJUwNEK.",Wed Nov 22 15:33:53 +0000 2017
uc_571991,571991,@Uber_Support I submitted for help a half hour ago &amp; have not gotten a response.,@254398 We're so sorry about that! Please DM us your email address so we can further assist.,Sun Dec 03 05:02:30 +0000 2017
uc_902899,902899,@115873 @Uber_Support @133311 does not even know how to help or answer a client. Y'all are wasting your time with this app that steals money and doesn't work. https://t.co/uRtWD0DDz3,@183129 We've received your DM and a member of our team has reached out. Please review your messages for our response.,Tue Oct 10 05:20:02 +0000 2017
uc_1275198,1275198,@Uber_Support I signed up to drive and it says I’m not registered to drive in my home town. What gives? Where can I drive?,"@418510 Hi Stephen, we see your DM and will be following up there shortly.",Thu Oct 26 15:06:39 +0000 2017
uc_1510002,1510002,@Uber_Support What are the current vehicle requirements in Pennsylvania you drive on the platform?,"@259715 Hi there! We're here to help. Send us a note here, https://t.co/O8xDqc4DQL and so our team will assist.",Fri Nov 03 14:32:47 +0000 2017
uc_95724,95724,@115877 I've been waiting for an order for almost TWO HOURS and you won't let me cancel. Absolute piss take.,@136836 Sorry for the trouble! Send us a note via https://t.co/lzIGTuu2al so our team can get in touch.,Thu Nov 30 16:15:32 +0000 2017
uc_2171736,2171736,How do you allow these @115873 clowns to drive in London? @182886 - you need to prosecute! Credit @636948 https://t.co/V8njy3igrA,@636947 Happy to take a closer look! Send us a DM with your email address so we can assist you.,Thu Nov 09 12:55:06 +0000 2017
uc_1555175,1555175,@Uber_Support After logging in it goes back to the homepage as if I didnt log in,@480946 Happy to help! Send us a note here: https://t.co/BDlHSjUF9c and a member of our team will reach out asap.,Tue Oct 17 00:56:20 +0000 2017
uc_65975,65975,"Prebooked a cab an hour ago and the driver just canceled, now I’m going to be late @Uber_Support","@131093 We're here to help! Send us a note here, https://t.co/e8HVorX5rh and so our team will assist.",Thu Nov 30 08:32:21 +0000 2017
uc_86302,86302,@Uber_Support @119983,"@134843 Hello, Kunal! Please drop us a note at the previous link. A member of our team will follow up asap.",Tue Nov 28 16:23:50 +0000 2017
uc_1656211,1656211,@115873 WE NEED 2 TALK. re: MY DRIVER ACCT 4 ISSUE THAT'S UR FAULT THRU XCHANGE LEASE-TRYING 2 FIX 4 1 MTH. WHY WON'T U FIX #BLOCKINGMYINCOME,@505393 Here to help. Send us a note at https://t.co/tv4psVy8sr so our team can connect.,Mon Nov 06 03:11:46 +0000 2017
uc_24066,24066,@115877 you sent me 2 £5 vouchers that I tried to use but came up as expired. There is no expiry date on the email :(,@121183 We're here to help! Send us a DM with your email address so we can connect.,Wed Nov 01 08:37:18 +0000 2017
uc_2573981,2573981,@Uber_Support Can you agree that this is annoying? https://t.co/R0KlQo1V8F,"@448276 Hi, Shara. To clarify, our team works to respond to each individual inquiry in the order which they are received. We see your outreach and a member of our team will be following up to assist as soon as possible.",Thu Nov 16 20:38:05 +0000 2017
uc_2637071,2637071,@Uber_Support How do I delete a payment method and add another? You make this very difficult!,@744310 Here to help! For more info please visit; https://t.co/paDlcZi0nv,Fri Nov 17 20:25:36 +0000 2017
uc_2608627,2608627,@115877 I cannot order anything the app keeps telling me verifying payment profile,"@737871 Happy to help! Send us a note here, https://t.co/ustplGSv8H, and our team will follow up.",Mon Oct 30 21:49:38 +0000 2017
uc_95729,95729,"@115877 Are you available in Vancouver, BC now?",@136838 We're working hard to expand our service area! Stay tuned to our website for updates: https://t.co/Mf9vzZ0uru,Thu Nov 30 16:09:13 +0000 2017
uc_1034200,1034200,@Uber_Support I responded at 13:15. 1minute after your response and it’s 13:58. Can I get a response please. I’ve waited patiently.,"@364665 Hi, Hannah. We have followed up.",Sat Nov 25 13:58:57 +0000 2017
uc_2842803,2842803,@Uber_Support I already did. And no response yet. It says at least 24 hours. And my trip is in less than that,@790927 We can definitely take a look! Send us a DM with your email address so we can follow up.,Mon Nov 27 17:19:22 +0000 2017
uc_931842,931842,@Uber_Support My account has been deactivated for no reason. 😐 I can't find a contact number anywhere. Please Help!,@245016 Here to help! Contact us via https://t.co/Md7v036OoC so we can connect.,Tue Nov 07 21:22:55 +0000 2017
uc_2413087,2413087,@Uber_Support my account was randomly deactivated for the third time.,"@693701 We're currently looking into this and will be in touch via email, Gabriella. Please hang tight and keep an eye out for an update.",Thu Oct 19 16:30:59 +0000 2017
uc_2876839,2876839,@Uber_Support Sent my complaint.,@798600 We've followed up via DM!,Tue Nov 28 06:41:28 +0000 2017
uc_2437334,2437334,@Uber_Support hey I was charged double the times for each uber I took last night. Could you pls DM me,@699179 Here to help! Can you please contact us via https://t.co/DceIRNI6kV so our team can assist?,Sun Oct 29 15:24:04 +0000 2017
uc_1914008,1914008,@115873 A close friend of mine just had the scare of his life after this uber driver drove off with his girlfriend and child RT this please ! https://t.co/HXLyjTjbYb,"@570127 Due to our privacy policy, we will have to speak directly to the account holder. Please have them contact us via https://t.co/balq3Eyso6.",Wed Oct 25 20:26:11 +0000 2017
uc_967331,967331,@Uber_Support can I get some help Uber? Thanks,"@349596 Thanks for reaching out to us, Tommy. How can we help you today?",Sat Oct 21 22:05:02 +0000 2017
uc_403497,403497,"@Uber_Support Need to request invoices but I get a ""Page not found"" error in some cases. Help please!",@211499 Sorry to hear about this. Please check this link https://t.co/OjAWqd0jBp for more info on invoices.,Mon Oct 02 09:54:05 +0000 2017
uc_2782116,2782116,@115873 pool is so annoying like you really have to take the longest ride and ride with strangers and be annoyed. also the driver loses out on a tip because thats just ridiculous i refuse to tip on a long ass ride,@718424 Hi there! Please reach out to https://t.co/zUe0dj6yoX and fill out the 4 boxes at the bottom so we can get in touch.,Tue Nov 21 17:13:54 +0000 2017
uc_2849972,2849972,@Uber_Support https://t.co/RSWbVkIxZI,@792485 Here to help! Send us a note via https://t.co/ydxz890795 to assist you further.,Mon Nov 27 19:20:28 +0000 2017
uc_536935,536935,"@Uber_Support yesterday I had availed the cab service for around 40km under go option &amp; cab was WagonR i have charged Rs.670 nearby(₹8.40 per Km), can I know why even u charged toll but there is no toll charges between my destination.",@244447 Sorry to hear that. Please send us a note here; https://t.co/1xM0TILvAI and our team will get in touch to assist.,Sat Dec 02 13:36:06 +0000 2017
uc_1088974,1088974,@Uber_Support I have tried to log in but it will not let me it keeps doing this. https://t.co/x5tbHpyo1j,@376891 Sorry to hear about the trouble! Send us a note here https://t.co/FF2YGTGjuA and a member of our team will be in touch asap.,Sat Nov 11 21:41:35 +0000 2017
uc_283700,283700,@Uber_Support My account email is __email__,@183574 Sorry to hear about the trouble - please go to https://t.co/OhfgxSjmGy for additional assistance.,Fri Oct 06 13:29:58 +0000 2017
uc_724307,724307,"@115873 I have this issue of payment!Before I could reach to car,rider said ride has been cancelled &amp; im still charged!i even didn’t use it! https://t.co/sBeGyf5qLz",@293467 We're sorry to hear about the trouble! Can you please contact us via https://t.co/76zx6Rm1i6 so our team can connect.,Wed Oct 11 03:44:38 +0000 2017
uc_1023671,1023671,"@115877 Warning: UberEATS does not stand behind their products. Delivered spoiled, inedible food- no refund","@362240 That doesn't sound right, Lesley! Please DM us the email address linked to your account so we can review your order.",Sun Oct 22 19:11:18 +0000 2017
uc_1293167,1293167,@119983 Hello @Uber_Support #india .. been 4 days and u guys haven't done anything about this issue!! #sad #uber #nohelp time to say bye to Uber,"@422411 Sorry for the delay, Shray. It seems a member of our team has reached out to you. Please check your email and follow up with them there.",Thu Oct 26 20:32:46 +0000 2017
uc_1283127,1283127,Dear @133052 ji how long this cancellation charges loot will continue even if cab driver cancel himself @115873 &amp; @1143 ?,@420169 Here to help. Kindly send a note at: https://t.co/h840Iouehc so our team will get in touch.,Thu Oct 26 17:41:24 +0000 2017
uc_1844523,1844523,@115873 your system keeps on booking cars which is too far from us instead of those that are near. Ugh. This consumes too much of our time.,@552595 We apologize for the trouble! Please contact us via https://t.co/e8HVorX5rh so our team can connect.,Wed Nov 08 03:25:40 +0000 2017
uc_2912262,2912262,FUCK YOU UBER POOL BITCH HAVE A NIGGA WITH A VAN PICK UP 8 people BITCH I️ Paid 20 dollars for my ride you should’ve gave them all a free ride @115873,@806172 Here to help. Kindly send a note at https://t.co/K05RdmK3t4 so we can connect.,Tue Nov 28 22:12:04 +0000 2017
uc_1949956,1949956,@Uber_Support I need to talk to someone about a fraudulent charge on my acct.it said 40.00 to clean the person's https://t.co/rIRXmnxYTv,@491024 Here to help. Send us a note at https://t.co/k0r0Fj18wo so our team can connect.,Wed Nov 08 04:31:14 +0000 2017
uc_142489,142489,@115873 Why can’t I schedule a ride in advance on my app? The car icon in the “Where to?” portion is NOT there. Is it going to be an @115879 day ☠️,"@148154 Happy to help, Brent. The schedule ride feature is not guaranteed in all areas for all trips, please send us a DM with your account email address so we can take a closer look.",Fri Nov 24 12:50:07 +0000 2017
uc_1682782,1682782,Why when I go under Your trips - Family - none of my daughter's trips show up? @Uber_Support,@511538 Hey there! We'll follow up with your DM.,Mon Nov 06 16:40:07 +0000 2017
uc_2237808,2237808,@115873 do you also deal with UberEATS queries?,@652565 Here to help! Send us a DM with your email address with more info so we can assist.,Fri Nov 10 18:09:40 +0000 2017
uc_1434756,1434756,".@115877 has NO support in the US. Got our order wrong, reordered thru the app &amp; didn't go thru. Called, got suppt in Phillipines.No help",@453128 Sorry to hear about this! Send us a DM with your email address so we can take a look.,Mon Oct 16 17:58:32 +0000 2017
uc_2085567,2085567,"@115873 I on uber right now, there is no phone icon to call for help about changing destination",@616691 Happy to help! Please reach out to https://t.co/zUe0dj6yoX and fill out the 4 boxes at the bottom so we can get in touch.,Sat Nov 04 01:25:55 +0000 2017
uc_1202920,1202920,.@115873 super pissed of with ur service. Driver denied duty coz I have paid trip and then abusing https://t.co/uyYJN027cR,"@402608 We're sorry to hear this was your experience. Send us a note here, https://t.co/z8NNR56eyf, and our team will be in touch.",Wed Oct 25 13:14:16 +0000 2017
uc_1299623,1299623,"@115873 infuriating, I want a refund not a credit.","@423752 Here to help, Lauren! Send us a note at https://t.co/hr88X1ZGuG so our team can connect.",Thu Oct 26 23:06:09 +0000 2017
uc_2323301,2323301,@Uber_Support Thanks how will I be informed . Driver agreed I was wrongly billed GPS was not working well .this happened second time during Offcie hours,"@673155 Thanks for your patience, Avishek. Our team has followed up with you via email regarding this matter. If you have further questions or concerns, please reply to the email thread and we'll be sure to follow up with you.",Mon Nov 13 14:03:20 +0000 2017
uc_1470920,1470920,C’MON @115873 ! Twice I schedule an Uber in advance. 1st times late. 2nd time way too long; have to cancel,"@461430 Here to help! Send us a note here, https://t.co/593jusCquh, and our team will follow up.",Fri Nov 03 00:46:09 +0000 2017
uc_2552582,2552582,"@Uber_Support I have filled both forms but the problem is, there is no procedure for STOLEN ITEMS. My Arduino is not lost, he deliberately stole it, ended the trip halfway and is not answering his phone through any of the channels provided by Uber. Waiting 24 hours is nonsense.",@725047 We take this very seriously! Please send us a DM with your email address so we can connect ASAP.,Thu Nov 16 15:22:41 +0000 2017
uc_2194164,2194164,"@Uber_Support hi is it a way change a address of a delivery, i had someone put in a wrong address and had to go about 7 miles out the way?",@642065 Hi there! Please visit; https://t.co/g3BPInAqf6 for more info. Please let us know if you have any other questions or concerns.,Thu Nov 09 20:51:13 +0000 2017
uc_1435003,1435003,@Uber_Support Any update on this?,"@422181 Hi, Lucy. Any applicable updates will be sent via your support message. Thanks!",Thu Nov 02 13:24:16 +0000 2017
uc_1854181,1854181,@115873 what happened with my wife unacceptable from Uber's driver and this is the second time without any reaction from your side 1,"@554777 Due to our privacy policy, we will have to speak directly to the account holder. Please have them contact us via https://t.co/balq3Eyso6.",Thu Oct 19 05:43:40 +0000 2017
uc_2925027,2925027,@115873 I have an idea to create a new division for your business how can I contact somebody to speak about it?,"@809349 Send us a note here; https://t.co/QDn91HzZV0, and our team will connect.",Wed Nov 29 02:54:34 +0000 2017
uc_2595612,2595612,@734950 @115877 That’s what I thought? I just checked and now $150 is processing in my bank all from past orders throughout the year,@731092 Happy to further assist you. Can you please send us a DM (direct message) with your email address and additional details?,Fri Nov 17 03:02:23 +0000 2017
uc_2828988,2828988,@Uber_Support since 5min https://t.co/pKHOQgF20Q,"@787834 That's not what we like to hear, Tony. Please DM us your email address so we can follow up immediately.",Mon Nov 27 12:21:55 +0000 2017
uc_578797,578797,@Uber_Support WHY THIS DRIVER SO FUCKING RUDE?! GO CONTACT HIM N TEACH HIM TO RESPECT HIS PASSENGERS https://t.co/Pi2P6is9so,@256280 Here to help! Send us a note via https://t.co/fS660rQ8NQ to assist you further.,Sun Dec 03 10:27:19 +0000 2017
uc_2684413,2684413,@Uber_Support How can I order an Uber for my mother at another location with my account?,@755003 Hi there! Find out more info about requesting rides for others here; https://t.co/oPsmsdUCX5.,Tue Oct 31 16:36:41 +0000 2017
uc_313515,313515,"@Uber_Support We had booked a cab for the airport, and are now late for our flight. On finally reaching him, the driver proceeded to abuse us over phone.",@190860 Happy to help! Please send us a note here: https://t.co/zUe0dj6yoX so we can look into this asap.,Sat Oct 07 05:15:54 +0000 2017
uc_1717680,1717680,@Uber_Support How i verify its all pics of car and street from another country??,@520110 We're here to help! Send us a DM with your email address and more details so we can follow up.,Sat Oct 28 23:31:52 +0000 2017
uc_1579211,1579211,@Uber_Support Sent you the note. I need the refund ASAP. This is ridiculous. !!,@486306 We can definitely take a closer look! Please send us a DM of the email address connected to your account so we can further assist.,Sun Nov 05 07:27:04 +0000 2017
uc_2787941,2787941,@115873 #Kenya why are your drivers in #JKIA refusing to pick up?,@187483 We're sorry to hear about your experience! Can you please contact us via https://t.co/iOszeeHZhQ so our team can connect.,Tue Nov 21 19:17:17 +0000 2017
uc_2066019,2066019,"@115873 She was in a uber with Daniel Tyrell, but because it wasn't her account no one will help her. What can we do?","@472427 Due to our privacy policy, we will have to speak directly to the account holder. Please have them contact us via https://t.co/rOtqyWzf0B.",Sun Oct 08 02:32:57 +0000 2017
uc_1158106,1158106,@Uber_Support I can't screenshot the transaction because I'm using a TV phone thing and it doesn't have a camera or screenshot,"@392432 We just got back to you via DM, Raven.",Thu Oct 26 13:00:49 +0000 2017
uc_972878,972878,@115873 so I've been waiting on this driver out in the rain for the past 20 minutes and you guys wanna charge me for cancelling?,@350735 Here to help. Send us a note at https://t.co/h840Iouehc so our team can connect.,Sun Oct 22 08:44:36 +0000 2017
uc_2241620,2241620,@Uber_Support Sent a follow up hope to hear back soon,"@653556 Please follow up via your existing support message either in-app or via email with any further communication about this inquiry. This is to ensure there is no loss of communication. Once you reply, a member from our team will follow up.",Fri Nov 10 20:28:59 +0000 2017
uc_1830892,1830892,@Uber_Support Already did so which is why I resorted to Twitter!,@549394 Let's take a look. Please send us a DM with the email linked to your account and we'll follow up.,Wed Oct 18 05:27:30 +0000 2017
uc_1783853,1783853,My boyfriend now has to have surgery because of an idiot Uber driver who caused his motorcycle accident and fled the scene 💔,"@214989 Hey Linda, we are very sorry to hear this. We have responded to you through DM given the nature of this issue. Please follow up there.",Wed Oct 11 06:15:13 +0000 2017
uc_704614,704614,"@115873 @uber_support First of all I’m being overcharged and second, all these trips were cancelled on me. https://t.co/Z4shdY9IlW","@288389 Here to help! Follow up here; https://t.co/SjsQQ8ofRq, and our team will connect right away.",Thu Nov 23 19:13:06 +0000 2017
uc_2885345,2885345,@115877 @148768 Why did I only receive half my order ref - #EAEF5 !? REFUND OR REPLACE NOW!,@800309 Here to help. Send us a DM with your email address so we can follow up.,Tue Nov 28 11:40:53 +0000 2017
uc_598519,598519,No choice but to switch to @115879 because @115873 is unable to stop people from hacking my account.,@261921 Here to help! Please send us a DM with your email address so our team so our team can connect.,Sun Dec 03 20:06:53 +0000 2017
uc_151609,151609,@118730 @150630 Hi i am muneer from india i have some questions for u,@150629 Here to help! Can you please provide more details regarding your concern and email address associated with your account and we will look into this for you.,Fri Nov 24 15:41:51 +0000 2017
uc_1860904,1860904,"@115877 hello, we r creating G3 Delivery by working with local farmers and wanted to see how we could use u to deliver our fresh food?",@556235 Happy to help. Drop us a note at https://t.co/qHI8xcWfiW and a member of our team will follow up.,Wed Oct 18 07:19:00 +0000 2017
uc_2803513,2803513,This fuckstick was parked in the bike lane during rush hour and was rude and abusive when I let him know. @115873 @Uber_Support @115879 @AskLyft where can I submit a complaint? https://t.co/bv75MYe6VX,@782007 Here to help! Please send us a DM with your email address with details so we can follow up.,Wed Nov 22 01:27:42 +0000 2017
uc_2554061,2554061,@Uber_Support My email is __email__,@725351 Hello! We recommend deleting your previous tweet with that info. All promo emails available to you will be sent via email. Keep an eye out for updates.,Thu Nov 16 15:28:24 +0000 2017
uc_418452,418452,@Uber_Support Is there a W10M driver app? Hola from Lima!,@214836 Happy to help! Please send us a note here https://t.co/FF2YGTGjuA so we can follow up.,Tue Oct 10 02:23:48 +0000 2017
uc_185311,185311,"@115873 just installed app on clean device, no option for user/pass in app. SMS code never arrived. Used lyft, their sms came in :(.",@159578 Here to help! Send us a note via https://t.co/dwDjAokZht so our team can connect.,Tue Oct 24 17:26:30 +0000 2017
uc_1024956,1024956,Wow. Really @115877 very disappointing! Frustrating doesn’t even begin to describe the back &amp; forth with your customer service! https://t.co/J2knqYhGyq,"@362533 Sorry to hear that, Lindsay! Please DM us the email address linked to your account and we'll take a look.",Sun Oct 22 19:25:54 +0000 2017
uc_2627880,2627880,@742211 @115873 😡😡 ultra pissed this morning! You don’t play with people’s airport travel!,@738491 We're here to help! Send us a DM with your email address so we can assist.,Fri Nov 17 16:45:22 +0000 2017
uc_2048025,2048025,@Uber_Support I’m aware of that. What I’m saying is I had a September ride pass that ended yesterday.. I’ve yet to hear anything about October?,@605673 Sorry for the confusion! Ride passes are city specific and not always offered every month. Stay tuned for more offers in the future.,Thu Oct 05 14:39:34 +0000 2017
uc_1141145,1141145,Really @115873 @2006 @Uber_Support Really?!?!,"@388613 Hey there, Hector! Please let us know if there is something we can assist you with. We're here to help.",Tue Oct 24 12:18:52 +0000 2017
uc_2799550,2799550,@36158 Looking for some Uber stats on number of drivers and monthly rides for Arizona and specifically Tucson if possible.,@781066 Here to help! Please contact us via https://t.co/ZKt0NHVs3P so we can follow up.,Tue Nov 21 23:32:00 +0000 2017
uc_2746267,2746267,DEAR @115873 CAN YOU PLEASE STOP GIVING ME DEAF DRIVERS .. ITS REALLY HARD TO GIVE DIRECTIONS !!! AND IM TRYING MY BEST ! I LITERALLY WAS IN THE CAR FOR 1hr 1/2 !,@769046 We apologize for any inconvenience. Kindly send a note at https://t.co/fS660rQ8NQ so our team will get in touch.,Mon Nov 20 22:12:18 +0000 2017
uc_1353007,1353007,".@115873 My driver picked another passenger up and I got charged, can I get assistance on this please :)",@435545 Here to help! Send us a note here; https://t.co/e8HVorX5rh and our team will be able to help.,Fri Oct 27 18:15:42 +0000 2017
uc_2816661,2816661,"@Uber_Support Hi, my friend might of left her phone, wallet, and glasses on uber last night. How do I go as to finding out if the driver found them? Thanks.","@785187 Due to our privacy policy, we will have to speak directly to the account holder. Please have them contact us via https://t.co/rOtqyWzf0B",Mon Nov 27 03:28:08 +0000 2017
uc_2607078,2607078,"@Uber_Support howdy, do you do Uber Motorcycles in NYC?","@737521 Hello, Jane! Learn more about Uber in New York City by visiting us at https://t.co/vW6CpdA5Gj.",Mon Oct 30 20:26:06 +0000 2017
uc_452027,452027,@Uber_Support @115873 @115877 @Uber_Support I have tried to reset password but cannot. I have also completed the form provided.,@222210 We're here to help! Send us a DM with your email address so we can assist.,Thu Nov 30 22:41:55 +0000 2017
uc_729579,729579,@Uber_Support DM done 👍,"@294741 We just got back to you via DM, Rony.",Mon Nov 06 16:53:20 +0000 2017
uc_2560503,2560503,@Uber_Support driver asked me to cancel the ride as I didn't he threatened me to start the ride and he did. I was charged and also he is keep on threatening me,@656299 We absolutely want to follow up right away. Please send us a DM with your email address so we can connect.,Thu Nov 16 17:22:10 +0000 2017
uc_2241753,2241753,"@Uber_Support Just got an email for the ride pass this month, but there image doesn't link to anywhere.","@653607 Hi, James! Please visit; https://t.co/3h8wdQ4EJK for more info. Please let us know if you have any other questions or concerns.",Fri Nov 10 19:25:49 +0000 2017
uc_457951,457951,"@Uber_Support I still see zero payment at the end of each trip. I’m scared to take anymore rides and not get paid for it. And it’s so slow, there’s gotta be something wrong with that to! When will I see the payments and when will it get fixed! #Frustrated","@225872 So sorry for the trouble! Our team is aware of the issue, and we're working to get back up and running as quickly as possible.",Fri Dec 01 03:19:23 +0000 2017
uc_2361969,2361969,"@115873 - total confusion at DXB as to where the pickup area is... No sign, drivers trying to explain over the phone where they are when English isn't their first language...","@682019 Here to help! Send us a note here, https://t.co/e8HVorX5rh and our team will follow up.",Mon Nov 13 21:13:00 +0000 2017
uc_2283233,2283233,A week into the issue-there is an issue with my paytm!What happens to my paytm money?@Uber_Support has no answer! 750?,"@528154 Our team works hard to ensure every outreach is thoroughly investigated and handled with the severity it entails. Rest assured, a member of our team will review your information and get back to you ASAP. We appreciate your patience while we take a look into this.",Sat Nov 11 12:39:36 +0000 2017
uc_939495,939495,So last night one of yo drivers @115873 basically robbed me by not picking me up but still charged me so from now on I’m with @115879,@342704 Here to help! Follow up here; https://t.co/e8HVorX5rh and our team will connect right away.,Sat Nov 25 16:30:51 +0000 2017
uc_808283,808283,@Uber_Support has gotten worse in NCR over time. Sucks big time. Switching to Ola,"@131094 Happy to hep, Ashwini. Please reach out here so we can do so: https://t.co/K05RdmK3t4",Thu Oct 12 14:21:23 +0000 2017
uc_344168,344168,"@Uber_Support @115873 Wow. LOTS more reports of poor service, illegal driving, etc on @115873's 2nd account than they can muster jokes on their main account. https://t.co/aYwsGE3yk3","@197852 We've followed up with you via DM, be on the look out for our response.",Sun Oct 08 02:48:17 +0000 2017
uc_783838,783838,@115873 my driver has been “on the way” for the past 20 minutes dropping someone else 😤 am I really getting charged if I cancel ?,"@307086 Here to help! For more information if there's a cancellation fee if you cancel, please visit; https://t.co/5H3EZtUBkZ .",Thu Oct 12 07:32:38 +0000 2017
uc_146839,146839,@Uber_Support OK I did that and have yet to receive a response from anybody and I kind of need this resolved ASAP. @115873,@149338 We're here to help! Send us a DM with your email address and more details so we can follow up.,Fri Nov 24 17:28:55 +0000 2017
uc_1990589,1990589,my uber eats driver didn't bring me my gatorade:(,"@589105 Sorry to hear about this, Haley. Please connect with our team here; https://t.co/xLLG6cfrJA, so we can sort this out.",Wed Oct 18 17:39:05 +0000 2017
uc_1573131,1573131,@Uber_Support I am not able to use my account. When I try to book it says https://t.co/jMnXPXgCvC,@484909 We can take a look on these. Kindly send a note here: https://t.co/xMxswVLBKT so we can connect.,Sat Nov 04 14:07:39 +0000 2017
uc_2885349,2885349,@Uber_Support just had 9 Uber codes or confirmation codes sent by text to my mobile which I did not request. Is someone trying to hack my account? #urgent,@800310 Here to help! Send us a note via https://t.co/J1AzB6DDDr to assist you further.,Tue Nov 28 11:47:35 +0000 2017
uc_748006,748006,@Uber_Support What if I’m using a promo code and I don’t have any of the eligible payment types but my ride is free,@298808 Here to help! For more info please visit; https://t.co/F4gl61PcTq.,Sat Nov 25 08:40:31 +0000 2017
uc_538019,538019,@Uber_Support Ride booked by Kirti Shenoi,@244729 Sorry to hear about that. Can you please send us a DM with your email address? From there we'll be able to assist further.,Sat Dec 02 14:57:13 +0000 2017
uc_1399969,1399969,@Uber_Support What’s that going to help? I always get a automated message. Fuck off!!,@445521 We apologize for the trouble! Send us a DM with your email address and we'll connect.,Sat Oct 28 16:46:30 +0000 2017
uc_2141083,2141083,@Uber_Support You have his license plate and the time I tweeted. You should be able to track him down using your systems.,@236846 Thank's for following-up. Please contact us via https://t.co/QDn91HzZV0 so we can connect you with our team directly. Thanks!,Wed Nov 08 22:19:34 +0000 2017
uc_1258579,1258579,@Uber_Support Yr app is inaccurate. App took me to 500m from Addy entered. Inconvenient! Yr comments,"@414899 Here to help, Michael! Send us a note here, https://t.co/u3MyknJaaN, and our team will follow up.",Thu Oct 26 08:16:41 +0000 2017
uc_184139,184139,@Uber_Support the Uber driver picked up someone else for the ride I’m paying for! he won’t cancel and I’m not paying for two Uber’s! Help!,@159330 We've been in touch via DM!,Sat Oct 14 20:54:30 +0000 2017
uc_50632,50632,@Uber_Support I did send a DM and all you do is point me to your worthless help page on how to use a 'gift' credit? We already know how to do that but we can't use a gift that has not be sent! Done wasting time. I'll take it up w/ @AskAmex - protest charge,"@127360 Hi, we have followed up with your DM.",Wed Nov 22 23:02:49 +0000 2017
uc_2072582,2072582,@115873 what's the name of this dish. Hungry want to eat exactly this https://t.co/K4NCOaB2HT,@613013 Happy to help! Please reach out to https://t.co/zUe0dj6yoX and fill out the 4 boxes at the bottom so we can get in touch.,Sat Nov 25 14:32:02 +0000 2017
uc_858040,858040,@175881 @115873 @Uber_Support I need to set up an Uber promo code for my upcoming event. https://t.co/fbfij0I3Ql,"@269027 Here to help! Send us a note here, https://t.co/Ql7LmK5BV3, and our team will follow up.",Fri Oct 20 16:46:09 +0000 2017
uc_2626697,2626697,"@Uber_Support hey i need help , i cant order any trip",@741917 Here to help. Send us a note at https://t.co/xMxswVLBKT so our team can connect.,Tue Oct 31 00:25:10 +0000 2017
uc_2638528,2638528,@Uber_Support @744656 is that my email __email__,@536997 We see your outreach and a member of our team will be following up via email as soon as possible. We appreciate your patience.,Fri Nov 17 21:10:57 +0000 2017
uc_2919222,2919222,How is stopping @115873 good for consumers? 4-5x price ! https://t.co/7UyW4z0J5v,@807978 Happy to help. Please https://t.co/kkAwlbpH4B regarding with your concern. Let us know if you have any other questions.,Wed Nov 29 00:49:35 +0000 2017
uc_2913673,2913673,"@115877 Been waiting over a day now for a proper response from Ubereats after numerous items were missing from an order I have paid for. So far the worst customer service in existence. Take a look at Trustpilot, the worst ever seen for a large company, https://t.co/4N9kSV3i2C",@806571 We see your outreach and a member of our team will be following up via email as soon as possible. We appreciate your patience.,Tue Nov 28 22:43:00 +0000 2017
uc_2503967,2503967,@Uber_Support I have and no one has gotten back to me. How long is the response time?,@714121 We're so sorry about that! Please send us a DM with your email address so we can follow up.,Wed Nov 15 20:36:02 +0000 2017
uc_1625098,1625098,when are you guys coming to El Paso @115877 🙁🙁,@497687 We're working hard to expand our service area! Stay tuned to our website for updates: https://t.co/Mf9vzZ0uru,Sun Nov 05 17:32:39 +0000 2017
uc_667896,667896,@115873 SOS I accidentally gave my driver a bad rating when he was rly good HELP,@279214 Here to help! Check out https://t.co/M1RhRwgiRE for more information.,Thu Nov 23 03:30:56 +0000 2017
uc_2810768,2810768,@115873 Extremely dissatisfied with your service. #UberPass is a scam. Your drivers are not trained. And your customer support is horrible!,@783841 Happy to take a look! Send us a DM (direct message) with your email address so we can connect.,Wed Nov 22 07:20:29 +0000 2017
uc_1645181,1645181,Wow @115877 sucks. Don't ever use their service. Their drivers like to steal your food and put it on your bill and leave you hungry.,"@502731 Sorry for the trouble! Send us a note here, https://t.co/hVMgTsth35, and our team will be in touch.",Mon Nov 06 01:19:52 +0000 2017
uc_2891183,2891183,@Uber_Support I've still not received a response to my note .. please can you sort this out as ive been charged for a trip I did not take.,@801503 Please send us a DM with your account email address and details and we'll connect.,Wed Nov 29 11:41:56 +0000 2017
uc_2901161,2901161,@Uber_Support __email__,"@803618 We'd like to look into this, Dan. Please send us a note at: https://t.co/ZKt0NHVs3P and we'll follow up shortly.",Tue Nov 28 18:08:48 +0000 2017
uc_912995,912995,My @115873 driver had bullet holes in their windshield and car. But apparently you don’t car enough to do background checks.,@336819 We're here to help! Please send us a note via https://t.co/aBEgvdNWQN so we can connect.,Sat Oct 21 07:57:21 +0000 2017
uc_518870,518870,"@Uber_Support how to report a driver? I booked earlier and he canceled on the last second, and now i have to pay 100???",@239711 Here to help! Follow up here; https://t.co/yhwqQKN2L3 and our team will connect right away.,Sat Dec 02 02:16:09 +0000 2017
uc_950653,950653,@Uber_Support @345494 __email__,"@324939 We've followed up with a DM, Ann! Please check there for further assistance.",Sun Oct 15 01:19:55 +0000 2017
uc_428773,428773,"@116288 @115873 @119983 (3) here is another excuse, for just no reason and its your system you can over ride it any time you want. Stop excusing &amp; start acting https://t.co/S01yHuMJJZ","@216985 Hey, Manthan. Please DM us for an update regarding your concern. We're here to help. https://t.co/sd7yH5jmbJ",Tue Oct 10 10:08:53 +0000 2017
uc_2076242,2076242,@Uber_Support I cannot verify my account because my phone number doesn't work in the country I am in . account ID __email__,"@614047 We're here to help, Raymond. Please DM us with the phone number linked to your Uber account, so we can connect. https://t.co/sd7yH5jmbJ",Tue Oct 10 11:21:26 +0000 2017
uc_2127033,2127033,@Uber_Support Sent. Thanks!,@626282 We've been in touch via DM. Please check your inbox for updates! Thanks.,Wed Nov 08 19:14:21 +0000 2017
uc_2694081,2694081,"@Uber_Support hi,can you please guide me on how to delete credit card as my payment?the card doesnt belong to me anymore so that's why..","@757179 Hi, here to help! For more info on updating your payment method, kindly visit this link; https://t.co/paDlcZi0nv",Sun Nov 19 17:31:35 +0000 2017
uc_1605149,1605149,@Uber_Support My food was never delivered. Is there a support number at which I may provide further details?,@492406 We're here to help. Can you please send us a DM with your email address so we can look into this?,Sun Nov 05 01:59:57 +0000 2017
uc_728166,728166,"Did the math tonight &amp; it makes me sick. @115873 is taking 45% of my fares, plus the booking fee. They make more than me &amp; I do all the work.",@116268 Here to help. Send us a note at https://t.co/F7yFN7gC20 so our team can connect.,Wed Oct 11 07:26:19 +0000 2017
uc_2477748,2477748,@115877 isn’t the driver supposed to deliver to my door? https://t.co/ZFHolLUGP3,"@267783 That's completely unacceptable, Greg. Contact us via https://t.co/G6utFs8cUp so we can assist.",Wed Nov 15 14:17:57 +0000 2017
uc_2975029,2975029,@Uber_Support I'm not an idiot @115877 under tried that in ur app didn't work had to call the restaurant to cancel it they can't remove it from ur system.,@820487 We're here to help! Send us a DM with your email address so we can assist.,Thu Nov 30 02:37:24 +0000 2017
uc_156084,156084,@Uber_Support My phone number is 213***4858 just said on the DM.,@151837 Thank you for providing that information. It looks like a member of our team has reached out to you about this via email support. Please check your inbox and spam folder for the response.,Sat Nov 25 23:10:07 +0000 2017
uc_1544210,1544210,"@Uber_Support DM sent... once again, would love to speak to an actual human.","@478335 Hey, Keith. We've received your DM and a member of our team will be following up shortly.",Sat Nov 04 04:40:10 +0000 2017
uc_2880911,2880911,@Uber_Support Still didn't get any help. Highly disappointed with your service,@799418 Our team is currently reviewing your email and will follow up. Thanks!,Tue Nov 28 09:05:04 +0000 2017
uc_490673,490673,@Uber_Support https://t.co/ShNEWOVtfL,@207846 Thank you for sending a note our way. Our team will be following up there. Please be sure to keep an eye on your inbox for our reply.,Fri Dec 01 17:00:16 +0000 2017
uc_786190,786190,@115877 Why no way to call the driver? Food never delivered and no recourse to call or check on it but I still paid? Never again.,"@307548 Happy to help, Dr. Pennell. Please send us a note here https://t.co/o056uE8sfv, and a member of our team will reach back out.",Thu Oct 12 00:43:59 +0000 2017
uc_889641,889641,@Uber_Support @115873 Your guy ain't picking my call an if I drop the request you charge me. For the last 2 hrs waiting for 1 min. https://t.co/e5vyOJtkn2,"@331208 We can look into this with you, Moses. Can you please send a note our way via https://t.co/593jusCquh?",Fri Oct 20 23:29:46 +0000 2017
uc_412222,412222,I can not login into uber account..said already registered..said not connected with gmail account ..how can i get my account???.. disgusting service and app.@115873 @Uber_Support,@213347 We're here to help! Please send us a note via https://t.co/BDlHSjUF9c so we can connect.,Sat Nov 25 05:44:45 +0000 2017
uc_305344,305344,@Uber_Support Thank you. Where would I find the trip number for the report? Is it avail. through the app? I am unable to find it on the email receipt..,"@188903 We can review a fare for you. DM us your Uber email, phone #, and trip details so we can assist. https://t.co/sd7yH5jmbJ",Mon Oct 09 18:50:17 +0000 2017
uc_2220851,2220851,"@Uber_Support @390 complained about lack of service, told to engage in more lack of service for more service. #carculture #convenience https://t.co/LIu6MxOQmR","@648652 Here to help, Jordan. Please share email address in DM and we'll connect. https://t.co/sd7yH5jmbJ",Thu Oct 19 15:44:00 +0000 2017
uc_1018350,1018350,@Uber_Support Yeah 2 hours is not 2 days. It's a simple license renewal. Im losing hundreds missing uga homecoming,"@360950 Uploaded documents generally require 1-5 days for review, for more information, please visit: https://t.co/VpfGkt6d1V.",Sat Oct 14 17:45:05 +0000 2017
uc_2567171,2567171,@Uber_Support Sent the note. Thanks!,"@728213 Perfect, a member of our team will be in touch as soon as possible.",Thu Nov 16 19:28:15 +0000 2017
uc_1096038,1096038,@Uber_Support I tried doing what you asked howere it didn't work because the phone I was using didn't match what I have on my uber account.,@378640 We're so sorry for the trouble you're having. Send us a DM with your email address so we can follow up.,Mon Oct 23 22:21:55 +0000 2017
uc_1089332,1089332,This is ridiculous... why do y’all play so much?! @115877 https://t.co/QkySYLTTUv,@376993 Send us a note at https://t.co/uqkboJBiJd and a member of our team will follow up soon.,Sat Oct 14 23:44:44 +0000 2017
uc_2477777,2477777,@Uber_Support 🤔 What should I do? I'm unable to request any rides ☹ https://t.co/aokE3jAgCH,@156172 Sorry to hear about that! Can you please contact us via https://t.co/xMxswVLBKT so our team can connect?,Wed Nov 15 14:11:38 +0000 2017
uc_184550,184550,"@Uber_Support See, I HAVE RECEIVED ONLY ONE SO CALLED FOLLOW UP AND THEY SAY THAT WE ARE CLOSING IT DOWN. how clean that be a ""Follow Up""","@159442 Please be sure to get back to us via the open support thread we have with you so we can follow up further, Negi.",Mon Nov 06 15:09:26 +0000 2017
uc_2424698,2424698,@Uber_Support Already replied with the story and email. Awaiting your response,@696296 We have followed up via DM.,Tue Nov 14 19:26:32 +0000 2017
uc_2810789,2810789,Trust @115873 to hide behind emails and DM rather than call customer to understand the concern. So much for customer support.,@116274 Here to help. A member of our team has followed up via DM.,Wed Nov 22 06:08:21 +0000 2017
uc_2555516,2555516,@Uber_Support Your Driver Rana Pratap car no. UP14FT5662 is being abusive and threatening me and family at the Delhi airport Terminal 1 arrival. Please take control of the situation ASAP. https://t.co/emVK0sAEMK,@725664 We take this very seriously. Please send us a DM with your email address so we can connect ASAP.,Thu Nov 16 16:02:28 +0000 2017
uc_2961980,2961980,"@Uber_Support My phone was left in a driver's car. He was supposed to meet me today @ 10am and didn't show, won't answer. It has been 36 hours and there is no way to speak to a live rep. Please get back to me ASAP. !!!!!!!!!!!!!!!!!!!!!!!!!!!!!!!!!!!!!!!!!!!!!!!!!!!!!!!!!!!!!!!!!",@817374 We're here to help! Send us a DM with your email address so we can connect.,Wed Nov 29 20:48:53 +0000 2017
uc_1311378,1311378,"@Uber_Support I've had to now place a whole call! If you system was not as ridiculous as charging me for a prepared order, I would have cancelled it",@426432 We can definitely take a look! Send us a DM with your email address and details so we can follow up.,Sun Nov 05 12:47:23 +0000 2017
uc_2505134,2505134,@115873 I’ve been trying to change the phone number in my account for weeks with no response. Sent multiple emails. Can’t find a phone number to call either. How can I make the change?,@714373 We're sorry to hear this was your experience. Please send us a DM (Direct Message) with your email address with details so we can follow up.,Wed Nov 15 21:36:37 +0000 2017
uc_2627869,2627869,@Uber_Support I've already shared with you but no resolution yet!! https://t.co/PfDB0fKdA3,@742207 Here to help! Please send us a DM with your email address so we can follow up.,Sun Nov 19 10:59:36 +0000 2017
uc_929907,929907,@Uber_Support you said you lifted the hold on my card but I'm still not able to use it. Why?,"@340629 Happy to look further into this, Ja'Nell! Please reach out to us here: https://t.co/OhfgxSAY58 so we can follow up.",Fri Oct 13 19:11:45 +0000 2017
uc_1944440,1944440,@115877 failed 😏😒😔😔😟 https://t.co/8RpGQgCEwG,@249175 Hi there! We're here to help. Can you please provide specific details of your concern? From there we'll be able to assist further.,Mon Oct 30 05:22:21 +0000 2017
uc_2368094,2368094,@Uber_Support can't log into the app as driver w/ my newly added vehicle. please assist!,"@683460 Sorry to hear about this, Jose! Please send us a note here: https://t.co/KzEt33o5OK so we can connect.",Mon Nov 13 22:55:17 +0000 2017
uc_1750594,1750594,@115873 unethical practice by charging surge x2 for no reason and in scheduled ride.,@527549 Thanks for reaching out about this! Please check your DM for more information.,Tue Nov 07 18:00:05 +0000 2017
uc_1473870,1473870,Can't drive for a month...@115873 do you guys offer some kind of membership where I can get one month of unlimited rides to work?,@462147 Not at the moment! But you can always share your referral code with friends so you can rack up free rides when they sign up.,Fri Nov 03 01:46:33 +0000 2017
uc_2419539,2419539,@Uber_Support i am not seeing a place where i can put in the specific complaint i had,@186443 Please send us a note at https://t.co/y5DusN6y4E so a member of our team can follow up with you.,Mon Oct 30 00:12:36 +0000 2017
uc_578808,578808,@Uber_Support I need an Uber rn and I was ready to wait for the 28 minutes initially shown but the app now says that I'll get my ride around 5:07 and I'll have to pay for cancelling? Please look into this. https://t.co/KY27mX2HJu,@256284 Here to help! Send us a note via https://t.co/h840Iouehc so our team can connect.,Sun Dec 03 10:20:19 +0000 2017
uc_1018342,1018342,@Uber_Support Miss you,@360947 Let's look into this - please check out https://t.co/RY2a0oDSbF for additional assistance.,Sat Oct 14 13:54:08 +0000 2017
uc_1961473,1961473,@115873 your drives suck!,"@581704 We're here to help! Send us a note here, hhttps://help.uber.com/h/88b47516-35f0-4084-9455-96b7e1374463 and our team will be in touch.",Mon Oct 30 22:41:47 +0000 2017
uc_485485,485485,@Uber_Support I think you've routed me to someone completely inappropriate. The person did not even bother reading my msg and just closed the issue. This is the most pathetic customer service I have seen in my life.,@230501 Our team has located your support inquiry and will be following up there. Please be sure to keep an eye on your inbox for our reply.,Fri Dec 01 16:23:33 +0000 2017
uc_1050938,1050938,"@116288 @Uber_Support @368361 UPI option not available in payment section, @116329 Airtel money option also not available, https://t.co/8bZpHe8ePR","@363767 Happy to help! For further assistance, please reach out through in app support or here: https://t.co/OhfgxSAY58",Sat Oct 14 17:47:26 +0000 2017
uc_704228,704228,@Uber_Support @115873 dis morning I added ₹1350 2 uber Paytm n that money is not showing in d updated amount.#ubersucks #uberharassment,"@181121 Hi, Smita. We have just reached out in-app, please check the ""Help"" section for our reply.",Fri Oct 06 02:21:22 +0000 2017
uc_2846359,2846359,"@Uber_Support Look, I was charged TWICE (different amounts) for ONE trip. How is that possible? Both amounts were deducted from my account.",@791671 We can definitely take a closer look! Please send us a DM with your email address so we can follow up.,Mon Nov 27 21:23:53 +0000 2017
uc_168917,168917,@115873 support I received my p endorsement approval txt from uber but my app is not activated yet even though uber message saying. Uberx have been enabled,@155309 Happy to take a closer look. Connect with us through https://t.co/tv4psVy8sr and we'll be in touch.,Fri Nov 24 21:17:43 +0000 2017
uc_2133347,2133347,"#Uber @115873 @Uber_Support your driver cancelled the trip, why should I pay you? @84794 @84795 even after phoned him, he cancelled, we were put in to lot of trouble because of this. I am senior citizen. In fact you should compensate me. https://t.co/bAH4ZqNXg6",@627704 Here to help! Please send us a note here; https://t.co/JyzdtQmyxT so our team can assist.,Sun Nov 26 13:15:07 +0000 2017
uc_1249751,1249751,How did a $4.46 ride which I DIDN'T TAKE turn into $74.46 @115873 Y'all not gon pimp me https://t.co/WIuz7Lenad,@413224 Here to help! Please send us a note via https://t.co/1xM0TILvAI so our team can connect.,Thu Oct 26 02:16:39 +0000 2017
uc_517732,517732,@Uber_Support fucking really? is this the fucking best you can do? 42 minutes and cant get a ride on your shitty as fuck service hope you go brankrupt https://t.co/8XX7bLTWMv,@239384 Here to help! Please send us a note at https://t.co/u3Myko0L2l and we'll be happy to look into this for you.,Sat Dec 02 01:43:53 +0000 2017
uc_1760636,1760636,@115873 This driver is horrendous and unprofessional! How you hire people like this is beyond me! https://t.co/BwB4C8wHGc,@529885 We're sorry to hear this was your experience. Contact us via https://t.co/e8HVorX5rh and we'll be in touch.,Tue Nov 07 20:12:08 +0000 2017
uc_1822711,1822711,@115873 @Uber_Support unprofessional drivers &amp; worst service received with the driver..!!,"@541736 We're ready to look into this, Naveen. Please send us a message with details of the trip here: https://t.co/biBCTHpjMe so we can follow up.",Sun Oct 15 15:36:05 +0000 2017
uc_1600766,1600766,@115873 why u people dont provide Coupon code to Motivate us to take ur rides😉,@491482 Happy to help! Find out more info here; https://t.co/FQNTfKa7k0,Sun Nov 05 04:34:35 +0000 2017
uc_50932,50932,@Uber_Support Got the email to get ready for ride pass but no email for the sale and nothing in app..,"@127433 Happy to help clarify, Drew! Please reach out here: https://t.co/zUe0dj6yoX for more info on ride passes.",Wed Nov 01 17:12:48 +0000 2017
uc_128978,128978,@Uber_Support Meanwhile can you email me the travel receipt of 12 Nov 17 at __email__,"@145029 Hi Arun! We're unable to locate an account under that email, can you please DM us the phone number on your account? For getting a trip receipt, please visit this link: https://t.co/mHNQLPUf5T",Fri Nov 24 05:12:37 +0000 2017
uc_703148,703148,"@Uber_Support @119983 Hi, I booked a ride on 18-11-17 from my app with registered number +91-9695813082. But the driver cancelled the ride without my consent and i was asked to pay the amount via my account,which i didn't took. Now i cant book further rides. Plz Help!",@287973 Here to help! Send us a note via https://t.co/e8HVorX5rh so our team can connect.,Thu Nov 23 17:35:59 +0000 2017
uc_1820555,1820555,@Uber_Support need an appointment for onboarding .. 07834236337,"@546555 Hi, Mohammad. You can schedule an appointment for the closest Greenlight Hub here: https://t.co/VKyi3eRBxE. Enjoy the rest of your day!",Mon Oct 16 12:59:54 +0000 2017
uc_2367689,2367689,@115873 @Uber_Support The member of your team claims I had 4 other riders with me for this trip. I did not have 4 other riders with me. I was alone. You can actually see that this Chrysler Pacifica only has two seats in the back. Very disappointed. https://t.co/yiUFvNMgQi,@663249 We're sorry to hear you're experiencing some trouble! Please check your in-app support inquiry for a recent update on this.,Sun Nov 26 16:43:15 +0000 2017
uc_844400,844400,@Uber_Support Can I prearrange a ride to Ford Airport in Grand Rapids MI?,"@320749 Happy to follow up, Sheik. Please visit https://t.co/avOql7o416 for more information on scheduling a ride.",Fri Oct 20 14:02:23 +0000 2017
uc_2733001,2733001,Is there a petition I can start to let @115873 drivers drop off at arrivals in @116147 cause holy crap this traffic is insane.,@766062 Hi there! Happy to help. Please reach out to https://t.co/FF2YGTGjuA so we can get in touch.,Mon Nov 20 16:03:15 +0000 2017
uc_348413,348413,@Uber_Support @Uber_Support m still waiting for you to follow up there..,"@191686 Hello, we did receive your latest message, and we will be contacting you directly through that thread moving forward.",Sun Oct 08 05:26:14 +0000 2017
uc_2893877,2893877,@Uber_Support There must be something went wrong with the system. May be the app was showin the amount to the driver even after the payment via paytm. It will be helpful if you will cross check the same from diver as well.,"@802034 Thank you for reaching out, Isha. If you can, please follow up with any additional information or concerns through your established message thread via the in app support or through your email",Tue Nov 28 16:25:10 +0000 2017
uc_1864018,1864018,Thanks to @115873 @Uber_Support my friend is lost !,@556928 Oh no! Please send us a DM with your account information and details of what happened so we can help right away. https://t.co/sd7yH5jmbJ,Fri Oct 20 13:52:50 +0000 2017
uc_2253923,2253923,"@656553 @Uber_Support girl i still have random charges from the beginning of this yr that they didnt credit me back for, they owe me more than $360 and no one answers me 🙃🙃🙃","@660437 Hi, Marissa! We want to follow up on this, please send us a note here https://t.co/IkmGv8vEZk.",Sat Nov 11 10:45:05 +0000 2017
uc_959802,959802,@Uber_Support check your message. i just did,@347726 We apologize for the trouble! We're currently reviewing your email and will connect right away.,Sat Oct 14 02:39:21 +0000 2017
uc_1121375,1121375,"#quote from Uber app. @115873, Are you planning to push News, Music and Videos also which suits my mood..?? #open_ideas https://t.co/q5mFevP7tb",@384524 Here to help! Please reach out to https://t.co/zUe0dj6yoX and fill out the 4 boxes at the bottom so we can get in touch.,Tue Oct 24 06:20:10 +0000 2017
uc_1062429,1062429,@Uber_Support I booked a ride to the airport this morning and it did not show. Does your request system work or should I revert to Taxi's?,@370862 Oh no! Thanks for bringing this to our attention. DM us your account email along with details for assistance.,Sat Oct 14 21:59:45 +0000 2017
uc_426767,426767,@Uber_Support App downloaded in Canada. Won’t accept US payment source after ride. Tried multiple cards &amp; PayPal. Any fix?,"@216500 Happy to help, Tammy. Sign in and visit us at https://t.co/EbMvJOAMRB and our team will follow up as soon as possible.",Tue Oct 10 11:23:48 +0000 2017
uc_2858911,2858911,"Hey @116276 as you work on fixing @115873 culture &amp; take care of drivers, do let us riders know if you think we are your customers! Because right now the app, mapping, GPS &amp; passenger safety makes cable companies look like Santa Claus!",@989 We're here to help! Please send us a DM with your Uber account email so we can connect further with you. https://t.co/sd7yH5jmbJ,Mon Nov 27 21:48:31 +0000 2017
uc_2933186,2933186,@115877 why can an Uber driver just opt out of delivering our food and canceling our order. Leaving us with dinner. For 4 people. Waited one hour to have it canceled and charges twice. Scam and a half!!!,@811131 Here to help. Send us a note at https://t.co/EGiaYE5JMU so our team can connect.,Wed Nov 29 09:20:39 +0000 2017
uc_637591,637591,@Uber_Support does saferideli Work even if you’ve used uber before??,@271176 Here to help. Kindly send a note here: https://t.co/QDn91HzZV0 so we can connect.,Wed Nov 22 19:43:06 +0000 2017
uc_1303344,1303344,"@116276 I'm appalled: applied to make some extra cash on Uber but given runaround on my app. Few male friends got approved, applying after me","@424568 We're happy to connect, Lisa. Please DM us the email on your account and we'll be in touch shortly.",Fri Oct 27 00:57:26 +0000 2017
uc_1881497,1881497,I am really sorry to say @115873 But your slogan of “Isey Apni Hi Gaadi Samjho” was not served right. Driver was frustrated because of traffic and was not willing to wait. I had a senior citizen climbing down from the fourth floor and the driver did not have the coutesy to wait. https://t.co/iBaKhlOD8M,"@561485 We're sorry to hear about any trouble! Please reach out to our team here; https://t.co/593jusCquh, so we can further assist.",Sat Oct 21 17:02:06 +0000 2017
uc_2610004,2610004,"@115873 once again, I spend lost of money on your company. I was mistreated by one of your drivers tonight",@228243 Here to help! Can you please send us a DM (direct message) with your email address so we can follow up.,Fri Nov 17 11:00:52 +0000 2017
uc_2882282,2882282,"@Uber_Support When I do follow up in app, I get canned responses.","@364681 We would like to take a closer look at this matter, Kia. If could please DM us with more information of this trip such as the driver's name, the time and place of the trip, etc. With this information, we can follow up with you and further assist.",Tue Nov 28 12:49:28 +0000 2017
uc_2537540,2537540,@Uber_Support I haven't been able to book a cab for two months and your support bots are extremely unhelpful - is there a human who can read my messages?,@721771 We're here to help! Send us a DM with your email address so we can assist.,Thu Nov 16 08:46:01 +0000 2017
uc_552580,552580,@Uber_Support i have mentioned my problem over the link kindly resolve it as soon as possible.,@248855 We can definitely take a look! Send us a DM with your email address so we can follow up.,Sat Dec 02 20:04:58 +0000 2017
uc_2519527,2519527,@Uber_Support my uber account won’t work unless i verify it but says the code is invalid whenever i put it in?,@717684 We're here to help! Send us a DM with your email address so we can assist.,Thu Nov 16 00:42:05 +0000 2017
uc_2332079,2332079,@Uber_Support I have to keep emailing you guys to reactive my account so I can drive and deliver food. But I can never order food for myself,@675051 Happy to help! Please DM us the email on your account so we can take a look. Thanks!,Fri Oct 20 01:00:10 +0000 2017
uc_2957815,2957815,"@Uber_Support I've been trying to buy my LA ride pass since I got the email for about an hour and a half, but it says they're all out! I don't understand when I tried checking right after I got the email. Are they really sold out in like 3 seconds?","@176329 We're here to help! Find more info about ride pass via https://t.co/3h8wdQ4EJK thanks. If there's anything else, don't hesitate to reach us back.",Wed Nov 29 19:26:38 +0000 2017
uc_1595381,1595381,@Uber_Support PFB image: Vishal( driver) :+91 97638 57368 complaint from: __email__ 7675091660 Contact me on: __email__ https://t.co/XJ6Df78NbQ,"@490187 Thanks for that info, Neha. We've been in touch with Samant. Please reach out to the account holder for further details.",Tue Oct 17 09:41:42 +0000 2017
uc_754773,754773,"@Uber_Support sorry, already got the email! thank you! https://t.co/4cQXePTfEl",@300431 Glad we could help! Let us know if we can assist in the future.,Sat Oct 07 05:28:05 +0000 2017
uc_1338894,1338894,Wow my Uber driver just crashed guys,@432303 We hope everyone is ok. Please DM us your email address so we can follow up immediately.,Fri Oct 27 13:58:09 +0000 2017
uc_1763355,1763355,@115873 your driver left my friends phone on the side of the street without us knowing instead of returning it face to face. Please help,"@530507 Due to our privacy policy, we will have to speak directly to the account holder. Please have them contact us via https://t.co/balq3Eyso6.",Tue Nov 07 20:48:18 +0000 2017
uc_111041,111041,@Uber_Support plss see the screenshot!!standing at the same place n widout eveb boarding the cab i get a trip completion reciept n paymnt gets deducted!! https://t.co/gLWjXHvVAI,"@140708 Hey, Riyanti. We've followed-up with you via DM.",Thu Nov 23 19:56:06 +0000 2017
uc_820702,820702,"@Uber_Support so much in name of services, ur driver doesn't show up at pick up point even after 7mins n cancels ride. U guys charge me cancellation fee. Gr8. Won't use @115873 until money refunded n driver thrown out. https://t.co/Ee6wI8DVsE",@315485 We'd be happy to review any cancellation fees. Please contact us through in app support or here: https://t.co/h840Iouehc,Thu Oct 12 17:55:28 +0000 2017
uc_486873,486873,@Uber_Support i have complain how should i talk to ?,"@178429 At this moment, we don't offer phone support for these issues. We're sorry for any inconvenience. Visit this link https://t.co/balq3Eyso6 so our team can assist.",Fri Dec 01 15:54:57 +0000 2017
uc_1569330,1569330,@115873 @255462 waited nearly 30 minutes for my Uber. How does Uber justify charging its clients for their service?,@484076 We can take a look! Send us a note via https://t.co/e8HVorX5rh so our team can get in touch.,Tue Oct 17 05:54:48 +0000 2017
uc_18218,18218,@Uber_Support: my account __email__. I'm not sure what happened the app came on and offered me affair when I wasn't working,"@120045 Here to help! Send us a note here, https://t.co/n6ZEHTMzP2, and our team will follow up.",Wed Nov 01 05:08:34 +0000 2017
uc_1240202,1240202,@Uber_Support +919505012053 this is the cell number of your driver who cheated me and i called him twice but he just fooled me &amp; abused me,@366976 Sorry to hear that! Please send us a DM with the details of your concern so we can look into that for you. https://t.co/sd7yH5jmbJ,Sun Oct 29 15:22:16 +0000 2017
uc_2818800,2818800,$113 for a 35 minute @115873 ride. This is ridiculous,@785723 Here to help! Send us a note here https://t.co/1xM0TILvAI so we can assist.,Mon Nov 27 05:10:33 +0000 2017
uc_2562426,2562426,"@Uber_Support I have done that as soon as I found it, and have been sent many notes via this link for many times, but no reply so far, I left my email, my mobile phone number with notes, but so far no respond from Uber. And hackers are still trying to call rides by changing the phone number..","@727185 We want to help, Teddy! Please DM us the email and phone number that was associated with your account and we will follow up. https://t.co/sd7yH5jmbJ",Thu Nov 16 18:02:42 +0000 2017
uc_1599799,1599799,"@Uber_Support This wasn't ""my driver."" I shouldn't have to sign in to file a complaint. I sent the license plate. That's all you need to discipline them.",@490906 We have taken the appropriate action regarding this report. Thank you for your feedback.,Sun Nov 05 04:06:37 +0000 2017
uc_2154846,2154846,"@115877 really slow guys. This is not the first time it’s taken over an hour and a half to get food, but it is the last. Deleting the app. Tired of cold food.",@633091 Can you please send us a DM with the email on your account so we can take a look? We're happy to help.,Thu Nov 09 02:09:21 +0000 2017
uc_1906035,1906035,@116288 I need customer care number please give it to me,"@567955 We're sorry for any trouble. At this moment, we don't offer phone support for these issues. Visit https://t.co/zUe0dj6yoX for more info.",Wed Oct 25 13:39:24 +0000 2017
uc_557149,557149,"@116276 possibly your reputation would improve if you treated your customers with more respect and had any system to deal with *current* customer issues, let alone past transgressions. just figured i'd send a quick tweet while trying to navigate your byzantine customer support.",@250092 Will you please DM us with your email address associated with your account and the details of your inquiry? We'll look into it.,Sat Dec 02 19:17:47 +0000 2017
uc_2834942,2834942,@Uber_Support A colleague left her phone in her Uber this morning. She’s tried contacting you guys through one of our colleagues and heard nothing back. How can she get in touch with you?,"@136298 Due to our privacy policy, we will have to speak directly to the account holder. Please have them contact us via https://t.co/rOtqyWzf0B.",Mon Nov 27 14:25:15 +0000 2017
uc_2383475,2383475,@Uber_Support I have sent you the reply. Check your DM,@687053 We just reached out via DM.,Fri Oct 20 08:24:58 +0000 2017
uc_2420919,2420919,Massive FAIL of the marketing campaign of @115877 &amp; @148768 https://t.co/8IdUrunDIl,"@695429 We’re sorry to hear that. Please try and re-order again. If you would like us to look into it, send a note through the ""Help"" section in the UberEATS app.",Tue Nov 14 14:39:22 +0000 2017
uc_1211264,1211264,@Uber_Support how can I make sure my Uber driver gets paid because he was nice but also get refunded because I was charged waaaay too much?,@404299 Hi there! Please reach out to https://t.co/zUe0dj6yoX and fill out the 4 boxes at the bottom so we can get in touch.,Wed Oct 25 11:36:01 +0000 2017
uc_2720064,2720064,"According to the @115873 app, the taxi I'm (still) waiting for is doing donut spins on platform 14 of Manchester Piccadilly. #Monday",@763268 Here to help! Send us a note here: https://t.co/e8HVorX5rh and our team will follow up.,Mon Nov 20 09:08:48 +0000 2017
uc_672132,672132,"@115873 Lost my Juul in ur Uber in SGF, MO. I have X numbers set up on my account. When I tried to put them in, the numbers I provided on google said these numbers were not acceptable. That is BS! I WANT THE NUMBER OF MY UBER OR REIMBURSED FOR MY JUUL OR I WILL START USING LYFT!",@280358 Happy to help! Please reach out to https://t.co/QDn91HzZV0 and fill out the 4 boxes at the bottom so we can get in touch.,Thu Nov 23 09:05:30 +0000 2017
uc_463455,463455,@115877 If someone could help me and cancel order #4FF82 this extremely pregnant and starving woman would really fucking appreciate it.,@225168 We're sorry to hear about the trouble! Please contact us via https://t.co/c9N2qvXx4Q so our team can connect.,Fri Dec 01 03:14:18 +0000 2017
uc_104066,104066,@uber_support The app continues to freeze for voiceover users when cancelling a pool trip. this bug has still not been addressed even though I've reported it numerous times. Why is this so difficult?,"@138936 Happy to help, Tasha. It sounds like you may be having some technical issue with your app. We recommend restarting the app or even uninstalling/reinstalling the app to ensure you receive all the new necessary updates you may have missed.",Wed Nov 29 12:56:21 +0000 2017
uc_1761501,1761501,@Uber_Support I was charged more than half of my original fee and my receipt shows a different destination address and longer time driven.,"@530074 We're happy to review this fare, Niko. Please drop us a note at https://t.co/G0vctTtwlQ and a member of our team will follow up.",Tue Nov 07 20:20:25 +0000 2017
uc_1605682,1605682,Thanks @Uber_Support nothing like an upside down eggs benny in the morning https://t.co/3qU2eCbIN2,@492545 We're here to help! Send us a DM with your email address so we can assist.,Sun Nov 05 17:11:34 +0000 2017
uc_2424835,2424835,@115877 Where's my free doughnuts and why have I been charged £1 for a supposedly 'free' promotion?,"@696350 We'd like to look into this ASAP, Richard. Please send us a DM with your UberEATS account email address and phone number.",Tue Nov 14 15:56:09 +0000 2017
uc_1064998,1064998,"@115873 my account __email__ , mob number 8699047413 not accepting promo code which i receive in massage from uber. Help https://t.co/IbkDSgkXQS",@371446 Sorry for the trouble! Kindly send us a note via https://t.co/L2aXwAc0Tb so we can help.,Mon Oct 23 14:10:25 +0000 2017
uc_1821859,1821859,@Uber_Support my friend was charged $150 for an Uber he called for me. I did not puke so I would like it explained!!!!,@546918 Thanks for reaching out. Please have the account holder send us a message with details here: https://t.co/k0r0Fj18wo so we can follow up.,Mon Oct 16 15:57:24 +0000 2017
uc_844433,844433,Has the @Uber_Support fares increased. 7min drive = R253 Badimo 😷 https://t.co/6EChgGkEfL,@320758 Here to help! For more info please visit; https://t.co/UYuIveoHXo.,Sat Nov 25 10:03:06 +0000 2017
uc_463460,463460,"@Uber_Support Cannot settle outstanding payment. For some reasons, my payment is not getting accepted. The app gives me ""can not collect on this charge"" message. Due to this, I can't request any ride.","@225169 Thank you for bringing this to our attention. Our team is currently reviewing, and we hope to get this resolved shortly.",Fri Dec 01 03:09:25 +0000 2017
uc_1564166,1564166,@Uber_Support Ggn to delhi..Rs547- 23km but time in app was 1 hr 44 mins... Wow.... Drivr close the ride after 1 hour...So fare ws incrsd,@483000 Sorry to hear about that! Can you please contact us via https://t.co/1xM0TILvAI so our team can connect?,Sat Nov 04 14:51:54 +0000 2017
uc_2801544,2801544,@115873 why is there no option to delete my account? #Uber https://t.co/Vmpdqu3xw8,@169510 Here to help! Follow up here; https://t.co/T9QCqACqox and our team will connect right away.,Wed Nov 22 00:29:11 +0000 2017
uc_1353745,1353745,@Uber_Support Once again. Told to update the app and send a screenshot of the payments screen if that doesn't work.,"@374492 Thanks for reaching out, Trystan. We see your response within our support system and a member of our team will be in touch.",Fri Oct 27 18:56:22 +0000 2017
uc_2478465,2478465,"UberEats done man dirty, didnt accept either of my orders https://t.co/y8slfRRbNV",@708349 We're so sorry about that! Please DM us your email address so we can further assist.,Sun Oct 29 21:08:56 +0000 2017
uc_2561006,2561006,@115873 quick question. Why can we not share uber eats orders like we share rides?,@726881 Hi there! Please reach out to https://t.co/SjsQQ8ofRq and fill out the boxes at the bottom so we can get in touch.,Thu Nov 30 21:51:16 +0000 2017
uc_1353716,1353716,Don't think there's anything more heartbreaking than ordering an UberEats McDonald's and it turning up covered in coke. Moment of silence.,@435692 Sorry to hear about that! Send us a DM with your email address so we can follow up.,Fri Oct 27 18:34:25 +0000 2017
uc_1710625,1710625,@Uber_Support Where in the setting tabs ?,"@518220 We're sorry for the miscommunication, Vassileia. We'll be sending you a message shortly, so keep an eye out in-app for updates!",Thu Nov 30 21:20:50 +0000 2017
uc_2066191,2066191,@Uber_Support Sir my father is admitted in a hospital at Kolkata. We need to visit him regularly. As a frequent Uber user it is my request so that you provide me some ride offers which will be helpful in this hour of need. Thank you,@611017 Hi there! Please reach out to https://t.co/zUe0dj6yoX and fill out the 4 boxes at the bottom so we can get in touch.,Sun Nov 26 12:15:01 +0000 2017
uc_135663,135663,"@Uber_Support @115873 Worst service, showing different price charged almost double. No support useless help center. Pathetic service.",@146576 Here to help! Send us a note at https://t.co/wW2bTlNcsR so our team can connect.,Fri Nov 24 09:20:54 +0000 2017
uc_2338028,2338028,@Uber_Support Can you somehow remove my promo codes except for the 22 off your first ride code if i gave you my account email?,@676402 Promos can't be manually removed once applied. You can learn more about how promos work here; https://t.co/DjTwJTVsSb,Fri Oct 20 06:01:59 +0000 2017
uc_258698,258698,@Uber_Support __email__ This is my account email......,@177528 Hey Jimmy-- we recommend deleting this tweet containing personal information and instead send us a Direct Message containing that info.,Thu Oct 05 19:50:28 +0000 2017
uc_2062502,2062502,"@Uber_Support Some major issues with your booking, it doesn't show as confirmed but the driver is waiting &amp; driver and me are charged for it",@609978 We're currently experiencing issues with our scheduled rides feature. We've sent you a message with further details so please check in-app.,Fri Oct 06 14:17:14 +0000 2017
uc_390849,390849,"@Uber_Support I did, twice. Still waiting for a response...","@208535 Hi there, Elnaz. It seems we've responded to your in-app support request. Please see the ""Help"" section of the app or your email to reply.",Tue Oct 10 18:00:45 +0000 2017
uc_1378764,1378764,@115873 @Uber_Support Stop showing me this count. I hv used my card for 40 times. Haven't got discount even once. https://t.co/zkiSd24dCs,@440978 We're sorry to hear this was your experience. Contact us via https://t.co/OhfgxSAY58 and we'll be in touch.,Sat Oct 28 03:10:23 +0000 2017
uc_1864210,1864210,@Uber_Support Cannot delete this way. It says cannot remove your only default payment method . plz help @120788,"@556971 You must have at least one valid payment method on your account. To delete this card, you'll need to add another payment method first.",Fri Oct 20 14:44:45 +0000 2017
uc_2846390,2846390,@Uber_Support @115873 @116288 @119983 I have done this But my problem was not mentioned there. First on my Uber app the price showed 199 But at the end of the trip it showed 288.,@791678 We can definitely take a closer look! Please send us a DM with your email address so we can follow up.,Mon Nov 27 18:07:23 +0000 2017
uc_245627,245627,"3 orders, 2 delivery partners, and 1hr 45m later, my cold @115877 breakfast finally arrives 😅 Totally use my promo code though: eats-yeuos",@174344 Sorry to hear about the trouble! Please DM us your Uber account email address so we can follow up on this.,Thu Oct 05 14:13:01 +0000 2017
uc_1928297,1928297,So @115873 customer service sucks,@573862 Sorry to hear about that. Can you please send us a DM with your email address and more details? From there we'll be able to assist further.,Fri Oct 27 19:38:17 +0000 2017
uc_767187,767187,Hey #Uber My wife left her phone in the car yesterday. The driver was supposed to bring the phone back tonight. He did not. Help.,"@303360 Here to further assist you, Justin! Send us a DM with your email address so we can follow up.",Sun Oct 29 05:50:21 +0000 2017
uc_332109,332109,"@Uber_Support Send u details. Plz take closer look, hope u too won't do much delayed research n support to relieve me. Mail n msg of Uber irritates badly",@195072 We followed up with you via DM.,Sat Oct 07 19:06:21 +0000 2017
uc_1761583,1761583,"@Uber_Support should I show you the automated responses I keep getting from your ""helpful"" customer service people or can you actually help?",@394958 If you would like to dispute the results of your background check please visit https://t.co/ctv8Cm9A8w and follow the links.,Tue Oct 17 21:02:48 +0000 2017
uc_2528306,2528306,@Uber_Support @115873 charged 237 for a 1 hour 15 min trip ? Support time says I took a different route but surcharge also added #uberloot https://t.co/oRhHijEdH1,@719863 Happy to further assist you. Can you please send us a DM with your email address and additional details so we can follow up?,Thu Nov 16 05:38:57 +0000 2017
uc_1389159,1389159,@116288 @3560 how the fuck is it possible that you show Rs 179 for pool ride and then ask to pay Rs 418???,@401196 Happy to help! Our team is currently reviewing your email and will follow up directly.,Sat Oct 28 10:46:34 +0000 2017
uc_1874127,1874127,I can't login to Uber drivers app to upload some missing document . All these issues because of my phone no has been change. Help,@559500 Here to help! Please send us a note at https://t.co/takeVjAR2G and we'll be happy to look into this for you.,Fri Oct 20 08:54:25 +0000 2017
uc_258154,258154,@Uber_Support why u keep me on hold for 10 minutes to hang up on me :/ ur support line sucks,@177404 Hey Aaron! Can you please provide your account email so we can further connect? Thank you,Thu Oct 05 20:06:30 +0000 2017
uc_2420838,2420838,@115877 and @148768 do you have the resources/drivers to deliver on this free giveaway? Saddened by my rejected order and have clocked that Krispy Kreams is no longer coming up on the app...anyone else noticed this? 😒,@695402 We're so sorry you didn’t your FREE Original Glazed Dozen box. Demand was through the roof and stocks ran out! Stay tuned for more fun promotions soon!,Tue Nov 14 14:44:39 +0000 2017
uc_2207768,2207768,Why have the @115873 gods forsaken me? We always get a crazy! 😩,@119122 Here to help! Send us a DM with your email address with more info so we can assist.,Fri Nov 10 02:35:31 +0000 2017
uc_2931073,2931073,"Yeah right, I've been fight with those stupid agents for nearly 10 days in app already. It's really baffling how a company like @115873 @11590 can get their customer support so wrong. https://t.co/94N1e59Tc4",@281317 We can assure you a member of our team will be in touch via in app support asap. Thank you again for your patience.,Wed Nov 29 07:30:35 +0000 2017
uc_1467832,1467832,hey #Uber second time i've been charged a wait time when i was in right spot and driver was in wrong place. THIS IS BS @Uber_Support,@460709 Here to help! Send us a note here https://t.co/e8HVorX5rh and our team will be in touch.,Thu Nov 02 23:47:27 +0000 2017
uc_2663425,2663425,"Over charged for the ride today in uber share more than double as shown on fare of ₹207, charged ₹432 totally unfair @115873 @116288",@750573 We're here to help! Send us a note at https://t.co/6IqAxVj2X4 so we can assist.,Tue Oct 31 07:23:18 +0000 2017
uc_2254045,2254045,".@115873 , I'm digging the ride passes, but the newest option in Dallas won't let me pick home-to-work as a destination pair. Kinda defeats the purpose for me... Anyone I can talk to about that? I can't find a ""contact Uber"" anything, anywhere?!?!",@420540 Thanks for reaching out to us about this. Please reach out to us directly using this link https://t.co/UaoQoxF7I9. We look forward to your reply.,Sat Nov 11 02:58:41 +0000 2017
uc_1936654,1936654,"@576172 @115873 I ended up getting a black cab! But thank you, will ask next time! Xxx",@576171 We're sorry to hear this was your experience. Contact us via https://t.co/SjsQQ8ofRq fill out the boxes at the bottom and we'll be in touch,Fri Oct 27 22:25:24 +0000 2017
uc_545889,545889,Im really getting tired of @115873 taking like double the amount of the charge. Fuck you @115873 and fix this fucking shit. I want my money,@246911 Happy to take a look! Send us a note via https://t.co/lumvU8mBTz so our team can connect.,Sat Dec 02 17:21:31 +0000 2017
uc_1615026,1615026,@Uber_Support This is the jerk who was dropping his friends and kept me waitign https://t.co/CYFrX0APfX,@495364 Let's look into this! Please share your email in DM and we'll follow up. https://t.co/sd7yH5jmbJ,Tue Oct 17 11:04:59 +0000 2017
uc_2477722,2477722,Why won’t @115873 work for pickup from airport?😳🙄😞,@708194 Happy to help! Please reach out to https://t.co/zUe0dj6yoX and fill out the 4 boxes at the bottom so we can get in touch.,Wed Nov 15 14:27:38 +0000 2017
uc_1738910,1738910,@Uber_Support I am also waiting for your revert Mr. Panda 🐻,@401619 We're here to help. Please DM us the email address linked to your Uber account and we'll follow up.,Tue Oct 17 19:53:35 +0000 2017
uc_2194083,2194083,"Hey @Uber_Support I’m receiving a text message every few minutes to confirm my mobile number, im not even trying to use Uber at the moment. Help! https://t.co/pp7kIWuL0G",@642045 Here to help! Send us a note at https://t.co/kGIXas5Cxg so our team can connect right away.,Thu Nov 09 21:16:25 +0000 2017
uc_443038,443038,@Uber_Support Mail id: __email__ Mob:7975463499,@219999 It seems a member of our team has reached out to you. Please check your email and follow up with them there.,Wed Nov 22 09:12:51 +0000 2017
uc_949766,949766,1/3 No wonder @115873 is failing and executives are fleeing. A driver changed my destination after I got out . . . #Uber,@345259 Happy to help! Please contact us via https://t.co/fS660rQ8NQ so we can follow up.,Sat Oct 21 19:43:40 +0000 2017
uc_1219313,1219313,"@Uber_Support Can you follow up to my reply there, please? If I die walking home tonight, I'm blaming you",@301337 We've located your message through in app support and will be following up with you there shortly.,Thu Oct 26 00:18:05 +0000 2017
uc_629824,629824,"@Uber_Support I have DM you, please have a look.",@269212 We see your outreach and a member of our team will be following up via email as soon as possible. We appreciate your patience.,Wed Nov 22 16:31:19 +0000 2017
uc_1000248,1000248,Changed my number and @115873 blocked my account for the second time. I should sue for emotional distress.,@356808 We're sorry to hear this was your experience. Contact us via https://t.co/Md7v036OoC and we'll be in touch.,Sun Oct 22 17:19:24 +0000 2017
uc_592778,592778,@Uber_Support - Had raised two issues - 1) Unable to add payment methods 2) Overcharged on a Pool Trip. Haven't recieved any response for either of the two.,@260309 We're here to help! Please send us a DM with your email address so our team can connect right away.,Wed Nov 29 17:44:46 +0000 2017
uc_1272485,1272485,@Uber_Support how do I contact you about receiving a refund please.,@417869 We're happy to help! Please send us a DM with your email address and more details so we can assist further.,Thu Oct 26 14:45:19 +0000 2017
uc_1719733,1719733,@Uber_Support how do I get a refund on a cancellation fee since I waited 20 minutes for a ride that never showed up?,"@434111 Happy to help! Send us a note here, https://t.co/h840Iouehc, and our team will follow up.",Tue Nov 07 05:46:00 +0000 2017
uc_1614225,1614225,@Uber_Support another over charge from Uber .. can this please be fixed https://t.co/RfwvB0wnhd,@495161 Let's take a closer look! Send us a note via https://t.co/zJ6aIZinzb so our team can follow up.,Sun Nov 05 12:57:42 +0000 2017
uc_1035758,1035758,@Uber_Support If my account is not eligible for promocodes then why am being sent sms’. This is sheer violation! https://t.co/WZGROeHfop,"@363620 Hello Chandini, please DM us the email and phone number associated with your account to look into this. https://t.co/sd7yH5jmbJ",Sat Oct 14 15:28:56 +0000 2017
uc_2557483,2557483,@Uber_Support UberEATS order has been over an hour now. Called the Support number and am getting no answer.,@726077 We apologize for any inconvenience. Kindly send a note here: https://t.co/aZ6Ktyb1LN so our team will connect.,Thu Nov 16 16:22:51 +0000 2017
uc_1092388,1092388,My @115873 drivers car smells like someone took a shit and tried to cover up the small with lemon pledge.,"@377778 Here to help, Aiden! Please connect with us here; https://t.co/cV94v5303R so we can follow up right away.",Sun Oct 15 01:36:45 +0000 2017
uc_896559,896559,@Uber_Support I have got two promo codes expired just a day back. Pls extend!,"@332931 Here to help! Unfortunately, once a promo code passes the expiration date, we will be unable to honor it.",Tue Oct 10 03:53:41 +0000 2017
uc_1417288,1417288,@Uber_Support My issue was resolved. Thank you. I was confused on the quest promo. Tier 1 &amp; 2 completed. only received $75 when I thought it would be $135,"@313325 No problem, Joseph. We're happy to help!",Mon Oct 16 20:09:11 +0000 2017
uc_2202649,2202649,Green Bay needs @115877 😩😩,@644080 We're working hard to expand our service area. Stay tuned to our website for updates: https://t.co/Mf9vzZ0uru,Thu Oct 19 13:52:19 +0000 2017
uc_998787,998787,@6980 @115873 This has become a norm with drivers calling to ask where you are going. Uber you have to do better and take customer complaints seriously,@356502 Here to help! Contact us here; https://t.co/e8HVorX5rh so we can take a closer look.,Tue Oct 31 01:15:57 +0000 2017
uc_2036557,2036557,"@115873 hey look!!! 2 door uber car!!! What happen to ""must be a 4 door?"" https://t.co/o6rXjzvCe8","@602121 ,We're here to help! Please fill out the bottom of this page: https://t.co/SjsQQ8ofRq and one of our team will be in touch with you.",Mon Nov 06 22:59:49 +0000 2017
uc_984332,984332,Hey @Uber_Support - you keep charging the wrong card for my trips - I select my personal one but the receipt always shows the business one,@353341 Here to help! Send us a note via https://t.co/OhfgxSAY58 and we'll be in touch.,Sat Oct 14 09:53:02 +0000 2017
uc_1554315,1554315,@115873 can y'all fix your gps and stop telling your drivers that pick up locations are in alleys. Experienced this 3 times this week,@138405 We'll be happy to take a closer look. Send us a note via https://t.co/PWVkQvrcL1 so our team can connect.,Sun Nov 26 02:54:26 +0000 2017
uc_486904,486904,@Uber_Support I need to add a second car to my profile how can I do that?,@230855 Find out more info about how to add a vehicle here; https://t.co/HkYF0x9gk8.,Fri Dec 01 15:41:15 +0000 2017
uc_2434433,2434433,@115873 forgot a purse in the back of our uber last night and have been trying repeatedly to contact our driver! Worst customer service ever!,@698575 We're here to help! Send us a note via https://t.co/oY5vj3NqP3 so our team can connect.,Sun Oct 29 13:46:05 +0000 2017
uc_481032,481032,@Uber_Support that isn't the issue I need dealt with. I need a refund of R103. How can I get hold of you?,@229336 We're so sorry about that! Please send us a DM with your email address so we can connect.,Fri Dec 01 13:46:35 +0000 2017
uc_2283276,2283276,Why has @115873 been taking more out of my account than my receipts say??,@663578 Here to help. Send us a note at https://t.co/zJ6aIZinzb so our team can connect .,Sat Nov 11 12:18:13 +0000 2017
uc_346546,346546,@Uber_Support Even more trips https://t.co/nThfFukpfc,@198499 Here to help. So we can further investigate this please DM us the email address linked to your Uber account.,Sun Oct 08 08:33:46 +0000 2017
uc_1776454,1776454,"@Uber_Support I paid for an UberX but halfway thru my ride my driver stopped and picked up another passenger. I don’t think that I should have to pay the full X rate, which was $20+ more than the Pool fare...",@309222 Here to help! Send us a note via https://t.co/1xM0TILvAI so our team can connect.,Tue Nov 07 23:49:58 +0000 2017
uc_2963321,2963321,@115873 @2006 why was I not offered to purchase a ride pass for nyc? I’m a consistent and loyal user!,@253963 Here to help! Follow up here; https://t.co/3h8wdQ4EJK and our team will connect right away.,Wed Nov 29 21:31:18 +0000 2017
uc_2170100,2170100,@Uber_Support unsubscribe me from promotional sms,@636612 Here to help! Follow up here; https://t.co/fyn3pRpCG3 and our team will connect right away.,Thu Nov 09 04:28:48 +0000 2017
uc_1767595,1767595,@Uber_Support I can't log into the website because it requires me to put in a SMS code and I'm abroad without a phone!!!,@531490 We're here to help! Send us a DM with your email address and more details so we can follow up.,Tue Nov 07 22:33:51 +0000 2017
uc_2407263,2407263,@Uber_Support Do we really have nothing better to do? Tried a few times through the 4 hours - didn’t work. My first and last time with an Uber promotion!,"@692289 We're so sorry you didn’t get your free Original Glazed Dozen box. Demand was through the roof and stocks ran out, leading to difficulty for some users trying to get theirs. Stay tuned for more fun promotions soon!",Tue Nov 14 18:02:45 +0000 2017
uc_1230984,1230984,"@Uber_Support Though its only been an hour from my last tweet, it has been longer since I messaged you in Uber app. Will someone contact me?","@202826 Hi, Karen. Our team works to respond to each individual inquiry in the order which they are received. We see your outreach and a member of our team will be following up to assist as soon as possible.",Sat Nov 25 19:50:52 +0000 2017
uc_1485456,1485456,@Uber_Support pls respond to my DM it’s very urgent! no one has helped me and it seems that this is the only way to get your attention,"@464954 Hi, Kristie. Our team has just responded to your in-app support request, please follow up with us there.",Fri Nov 03 03:46:19 +0000 2017
uc_2726048,2726048,@115877 In my uberEats Account only Paytm is showing as a mode of Payment. Please help me with this issue.,"@764497 Hi, Shiv. Please send us a quick message here: https://t.co/hr88X1ZGuG.",Mon Nov 20 13:24:12 +0000 2017
uc_2552325,2552325,"#Uber @132177 @115873 @Uber_Support worst service , waste the client time I just fed up with ur continuous Apologies 👎driver cancel no issue",@467836 Hi Salma! It seems a member of our team has reached out to you. Please check your email and follow up with them there.,Mon Oct 30 15:30:08 +0000 2017
uc_767193,767193,I’m such a entitled cunt that I had to roast my Uber eats driver cuz he Wundt come to my house which btw doesn’t appear on the uber eats map https://t.co/0FTWYOGjbc,@303362 We're here to help! Send us a DM with your email address so we can connect.,Sun Oct 29 08:21:38 +0000 2017
uc_2703298,2703298,"@115877 @Uber_Support I always come back to ordering from uber eats, but for some reason every time I do, my order is messed up in one way or another. I guess this time it’s the restaurants fault (hopefully) but still!! #frustrated",@656551 We apologize for the trouble! We're currently reviewing your email and will connect right away.,Sun Nov 19 21:21:14 +0000 2017
uc_225941,225941,@Uber_Support I am enable to pay some Rs.47.,@169946 Sorry to hear about the troubles. Please DM us the email address linked to your Uber account and more details so we can look into this.,Wed Oct 11 09:11:30 +0000 2017
uc_951062,951062,@115877 food arrived stone cold as you didn't put house number on order. Ordered from the exact same place with same account before.,@345603 Will you please DM us with your email address associated with your account and your order details? We'll look into it.,Sat Oct 21 18:51:09 +0000 2017
uc_2917758,2917758,It’s honestly a joke! Last time I used @115877 the sauce they sent is one I’m hugely allergic too and this time half my order was missing and it was freezing when it got here! Every time I’ve used @115873 the drivers have been ever so rude! Avoiding in future. https://t.co/RljhMUaBcA,@724001 We're here to help. Can you please send us a DM with your email address so we can connect?,Tue Nov 28 23:54:42 +0000 2017
uc_1796218,1796218,@Uber_Support can't add my card details in Uber eats.. need assistance.. while adding its getting removed #disappointed https://t.co/qEWLj9ds4c,@539721 Sorry to hear about the trouble. Send us a note at the following link and a member of our team will follow up - https://t.co/PwMnPVp5yK,Thu Oct 12 13:18:18 +0000 2017
uc_920665,920665,"Tried @115877 for the first time. No easy cancellation button for order errors, meal was mixed up, bad CS. prob won't use again.",@317986 Oh no! Please DM us the email linked to your account so we can look into this for you. We look forward to your response.,Sat Oct 21 03:54:26 +0000 2017
uc_2967072,2967072,".@115873 @Uber_Support It's just above freezing 36 w/o wind chill and the sunset while im chilling at a local forest preserve, one of your drivers just wasted 20 mins of my time and now it is pitch black and i am alone thank you for this nightmare fuel i just wanted to visit trees",@818523 We apologize for the trouble! Please contact us via https://t.co/e8HVorX5rh so our team can connect.,Wed Nov 29 23:16:21 +0000 2017
uc_2893846,2893846,"@Uber_Support Will you please check the thread above? Or may we move to my DM for private conversation, please?",@136852 We're here to help! Send us a DM with your email address and more details so we can follow up.,Tue Nov 28 15:48:54 +0000 2017
uc_2392772,2392772,@Uber_Support You gotta be kidding me!!!! You have again charged me the full amount!!!!!! I can't be doing this tweeting you and messaging you to refund me every single day,"@233261 Sorry for the trouble! Send us a note here, https://t.co/ue84RGNpRP, and our team will be in touch.",Wed Nov 15 04:45:41 +0000 2017
uc_954952,954952,@Uber_Support Ok I just added a debit card and it's still doing what it was doing before. It won't accept gift card or credits as payment:(,@225871 Thanks for reaching back out to us about this. Can you please DM us the error message you're seeing so we can further assist. We look forward to your reply.,Fri Nov 10 22:29:39 +0000 2017
uc_1099782,1099782,Planning a trip to Lansdowne from Delhi with office frnds. Does @116288 @Uber_Support provides cab? Wht abt @1143 ? Which is better?,"@379519 Happy to help! For more information on scheduling a ride, please visit us here; https://t.co/avOql7o416",Mon Oct 23 22:35:47 +0000 2017
uc_2609567,2609567,@Uber_Support Is it possible 2 block uber/eats from servicing an area? I work @ a school &amp; we'd like to restrict access 4 security reasons,@738074 Happy to help! Please reach out to https://t.co/zUe0dj6yoX and fill out the 4 boxes at the bottom so we can get in touch.,Mon Oct 30 22:06:11 +0000 2017
uc_1410877,1410877,@115877 ridiculous,@447925 Here to help. Send us a note at https://t.co/P4hKbfQBbP so our team can connect.,Thu Nov 02 00:21:51 +0000 2017
uc_2177698,2177698,"One of your cab driver Rajappa charged me Toll 130 INR, which was not supposed to charged @Uber_Support",@638291 We're here to help! Send us a DM with your email address and more details so we can follow up.,Thu Nov 09 14:52:07 +0000 2017
uc_304925,304925,@Uber_Support @188802 hello sir,@188801 Hi Noman! We see your outreach and a member of our team will be following up via email as soon as possible. We appreciate your patience.,Mon Oct 30 21:27:59 +0000 2017
uc_1363974,1363974,@Uber_Support Sorry to say on being charged for cancellation of trip by the driver and not by me.A kind of extortion by the company.Uber becoming hopeless,"@437600 Hello, Radha. If you could please DM us with the email address linked to your Uber account, we can connect. https://t.co/sd7yH5jmbJ",Mon Oct 16 16:50:00 +0000 2017
uc_2410854,2410854,@Uber_Support please update the release notes in the iOS app when you push an update. I’m sure it’s not just control changes for location ;) https://t.co/vItp5UAisK,"@693170 We appreciate your feedback, we'll be sure to escalate this to our team.",Tue Nov 14 16:11:40 +0000 2017
uc_515335,515335,@Uber_Support I need to speak to someone immediately. I have an emergency situation and need someone get back to me.,"@238707 At this moment, we don't offer phone support. You can send us a DM with your email address and more details so we can connect.",Sat Dec 02 00:53:11 +0000 2017
uc_2776104,2776104,@Uber_Support so...no ETA then?,"@775696 We just followed up via your in-app support inquiry. Please check your messages in the ""Help"" section of your app for further assistance.",Tue Nov 21 16:01:19 +0000 2017
uc_703709,703709,I was stranded for almost 2 hours at ATL @122828 and had to take a taxi home due @115873 not working,@288121 Here to help! For more info please visit; https://t.co/iDjUz7Uutg,Fri Oct 06 02:06:35 +0000 2017
uc_1540670,1540670,"@Uber_Support @115877 It's 9 pm. Been waiting for txt verification code from y'all since 3 pm. Resending is no go. Starving, here.....",@477478 We're so sorry for the trouble. Send us a note via https://t.co/OtyWJkxVia so we can assist.,Sat Nov 04 01:58:14 +0000 2017
uc_2016895,2016895,My UberEATS not working 😡,"@596452 Hi! Please let us know the email address associated with your account, and more info about the issue you're having. Our team will follow up.",Sun Nov 05 21:16:29 +0000 2017
uc_238700,238700,@Uber_Support @144886 We had a problem with our UberEats order from tonight. Can you help?,"@172777 We can certainly help, Jason! Send a note via the 'Help' section in the UberEATS app + order details and we'll be more than happy to assist.",Fri Sep 29 01:42:37 +0000 2017
uc_2678288,2678288,Drake was AMAZING(!!!!!!) tonight but holy fuck my @115873/@Uber_Support app being broken tonight and making me wait 2hrs for a taxi highkey RUINED THE NIGHT FOR ME. In such a terrible mood right now.,@753682 Sorry to hear about that! Can you please contact us via https://t.co/u3MyknJaaN so our team can connect?,Sun Nov 19 13:15:53 +0000 2017
uc_2420935,2420935,@115877 @148768 I just put in an order for your #freedonut deal for my hard-working office and you cancelled my order last minute and now I have unhappy staff... what's the point of an offer if firstly the app can't handle and then stores can't deliver #nothappy,"@695435 We're sorry, Rachel. We're working hard to sort a technical issue caused by high demand. Please doughnut worry, there will still be plenty of time to order. If you're not immediately connected, do try again.",Tue Nov 14 14:42:04 +0000 2017
uc_419940,419940,"@uber_support ur driver was supposed to b thr in 3min,he made me wait for 15min,kept takin wrong roads,made me run arnd in the(cont)(1/2)",@215113 Sorry to hear about the troubles. Please send us a note at https://t.co/z3CPPtLGoq so we can look into this for you.,Tue Oct 10 03:08:45 +0000 2017
uc_1763365,1763365,"Never using @115873 again, my driver literally told me to get out of his car because my shoes were dirty meanwhile it’s raining wtf","@530509 We're here to help! Send us a note here, https://t.co/fS660rQ8NQ and our team will be in touch.",Tue Nov 07 20:45:09 +0000 2017
uc_17938,17938,@Uber_Support my driver went 10 minutes out of the way adding more money to my ride than it was originally,@119979 Here to help! Contact us here; https://t.co/y4EDPcVZOI so we can take a closer look.,Wed Nov 01 05:10:27 +0000 2017
uc_2857356,2857356,This just blows my mind. @115873 you’re a disgusting company you have lost so many customers because of this. Go to #lyft friends! https://t.co/Gn0r7pGyVK,@305336 Here to help! Please send us a note here; https://t.co/1xM0TILvAI so our team can connect.,Mon Nov 27 21:41:47 +0000 2017
uc_120716,120716,@Uber_Support Sure but your team says the issue is too old older than 48 hrs hence they can’t do much. This is appalling if you don’t respond yes it will become an old issue in matter of time.,"@142841 We definitely understand the sense of urgency here, however we will continue communications via in-app support. Keep an eye out for a member of our team to follow up with an update. Have an awesome rest of your day!",Fri Nov 24 08:27:33 +0000 2017
uc_2720626,2720626,"Dear @9240, why does it take over 30 minutes to book a ride even if there are grabcar/grabshare vehicles around? And dear @115873, why is my payment method invalid even if I want to pay in cash? Bakit ang hirap?",@763387 Here to help! Send us a note via https://t.co/OhfgxSAY58 so we can help.,Sun Nov 26 22:53:38 +0000 2017
uc_440182,440182,@115873 kinda pissed with you guys. Can’t use my Uber credits.no help when I ask why! Thinking about not using Uber again.,@219468 Sorry to hear that! Send us a note via https://t.co/tv4psVy8sr so that our team can connect.,Tue Oct 17 00:07:07 +0000 2017
uc_1339120,1339120,@Uber_Support It was a constant redirect from https://t.co/gweDYFV3NG to https://t.co/ipwPXfqoOm after submitting the OTP.,"@432365 We're happy to help out if you have an issue, Giridharan. Please DM us here so we can connect. https://t.co/sd7yH5jmbJ",Mon Oct 16 13:32:16 +0000 2017
uc_156087,156087,"@Uber_Support Unfortunately, his email address is wrong...","@151837 At this time we don't offer phone support for issues like this, as communication is streamlined via email. Please have your friend follow up with us via in-app or email support.",Sun Nov 26 03:08:34 +0000 2017
uc_126488,126488,@115873 your response stating that you will not refund me the incorrect fare is not OK. This is fraud. I did not authorize this payment. Refund immediately.,@144388 Sorry to hear about the trouble. Please DM us your email and the details on the trip so we can look into this for you.,Fri Nov 24 02:58:59 +0000 2017
uc_1667825,1667825,@Uber_Support you guys are the worse people to work for. I can’t even get instant pay because you guys won’t send me the money🖕🖕🖕,"@377505 Hi Marybeth, we're here to help! Send us a note via https://t.co/GrLCavhzla so our team can connect.",Mon Nov 06 11:09:43 +0000 2017
uc_518909,518909,"@Uber_Support Hi I am trying to schedule a ride tomorrow morning but it says ""There was an error processing your request."" Can you help me out?",@239721 Here to help! Please send us a note at https://t.co/xMxswVu0mj and we'll be happy to look into this for you.,Sat Dec 02 02:02:13 +0000 2017
uc_1967394,1967394,@Uber_Support U have cheated me and instead of refund u r making excuses.,@582995 Here to help! Our team has recently responded via email. Please reply there if you have additional questions.,Tue Oct 31 13:46:06 +0000 2017
uc_1559400,1559400,@Uber_Support Ok. Will they contact with me?,@481898 This issue seems to be resolved as you've been refunded. Can you please clarify what you're asking?,Sat Aug 19 19:43:01 +0000 2017
uc_2920561,2920561,"@Uber_Support Hi, I was wondering how to select vehicle that can fit 3 adults and 2 children? Any option? Thanks",@808311 Hi there! Find more info here; https://t.co/WkYB3Wt9xd. Please let us know if you have any other questions or concerns.,Wed Nov 29 01:22:50 +0000 2017
uc_31494,31494,"@Uber_Support Why you guys alwyas try to pull complaints DM, inbox, in your app.. Why not replying the resolution here in public?","@122948 Hi, Bhaskar. To give this matter the attention it deserves, please send us a DM so we can address this concern.",Wed Nov 01 12:29:42 +0000 2017
uc_2433708,2433708,@115873 @Uber_Support passenger should be allowed to cancel without charge if driver gets lost 3x trying to get to a popular pickup spot 🙄,@698395 We're here to help! Please send us a note via https://t.co/e8HVorX5rh so we can assist further.,Sun Oct 29 13:21:02 +0000 2017
uc_560872,560872,@115873 @156128 Can yall please help me. My pass isnt working and i need to renew it. Your form of contact really needs an improvement if i have to do all this.,@820193 Find out more info about auto-renewing for ride pass here; https://t.co/1fyML2Nor6.,Thu Nov 30 02:07:56 +0000 2017
uc_1227330,1227330,@115873 why does it say oops something went wrong every time I request a ride? Is it because of the promo code?,@407918 Here to help! Contact us via https://t.co/xMxswVLBKT so we can connect.,Wed Oct 25 19:53:13 +0000 2017
uc_667142,667142,@Uber_Support Hi can you help me with my account? i cant order any of uber driver from my account. Thanks,@278981 Here to help. Send us a note at https://t.co/41EELWKjnd so our team can connect.,Thu Nov 23 03:13:31 +0000 2017
uc_2826826,2826826,@Uber_Support They can’t be billed accurately after a trip?,@122818 Please visit the link previously provided for more info.,Mon Nov 27 10:48:04 +0000 2017
uc_527813,527813,@Uber_Support your driver app is telling drivers there's a football game here in AZ today. The game is really Sunday. May want to update that for the drivers here https://t.co/f5Qt0Jj3Nb,@242174 Happy to help! Please reach out to https://t.co/zUe0djo9gv and fill out the 4 boxes at the bottom so we can get in touch.,Sat Dec 02 08:00:34 +0000 2017
uc_956437,956437,@Uber_Support Had left something in the cab a long atime ago. We got driver's number from Uber but he has been avoiding our calls.,@346940 Sorry to hear about the trouble! Please send us a message at https://t.co/VRGZX0s7tO with the details and we'll follow up.,Wed Oct 11 11:20:23 +0000 2017
uc_314078,314078,@Uber_Support my account has been hacked. What is the customer service # to fix it,@190983 Sorry to hear that! Please connect with us here; https://t.co/J1AzB6DDDr so we can follow up right away.,Sat Oct 07 06:05:47 +0000 2017
uc_409405,409405,"@Uber_Support Ehhh, already handled it via the app chat and got a generic copy paste response. Gonna be using Lyft instead from now on.",@212613 Please send us a DM with your account email address + details and we'll connect.,Tue Oct 10 08:30:02 +0000 2017
uc_1666399,1666399,"Uber canceled on me as I walked up to the car , wow @115873 Mahabubul in the silver Chevy Malibu is a DISGRACE",@507653 Here to help. Send us a note at https://t.co/593jusCquh so our team can connect.,Sun Nov 26 04:27:11 +0000 2017
uc_2924041,2924041,@115873 @Uber_Support #ridiculous #NPR #CustomerService #CustomerSuccess #suck #negative you guys suck. Unnecessarily deductions MF customers money to fill your bank balance,"@623680 We would like to help you and look into this issue for you, however we will need for you to DM us with your email and more information about the trip. We look forward to hearing from you.",Wed Nov 29 02:16:29 +0000 2017
uc_148313,148313,"@115873 today, I booked the Uber from Gurgaon, India.. Driver Name - Robin.. Account details.. 9036013133 .. The driver didn't stop the trip and continued to roam.. The payment which was supposed to be 80 INR.. It came to 2100 INR. What kind of illegal loot is this? Please call.",@149748 We're sorry to hear this was your experience. Contact us via https://t.co/WFtPA6RjWt and we'll be in touch.,Fri Nov 24 14:43:10 +0000 2017
uc_2784794,2784794,@Uber_Support where is my food at? It's says delivered but yet my coworker and I go hungry.,@777546 Here to help. Send us a note at https://t.co/nFTc4ODH3P so our team can connect.,Mon Nov 27 00:28:38 +0000 2017
uc_2206359,2206359,@115873 will this fix itself? I do not want to be charged passed 6:33pm EST https://t.co/vaVw2GYDZR,"@645107 We're happy to help, Megan! Please connect at https://t.co/PWVkQvrcL1 and a member of our team will be in touch shortly to review further.",Thu Nov 09 23:53:29 +0000 2017
uc_1405541,1405541,@115873 my uber account has been blocked and now forgot pass Link is not working. Even I entered the otp received at my mob no. For pass reset,"@405290 We can definitely take a closer look! Contact us here; https://t.co/Md7v036OoC, so we can help.",Sat Oct 28 18:06:19 +0000 2017
uc_2426079,2426079,Why does Krispy kremes not come up on my Uber eats???? @115877,@696659 We’re sorry for the troubles. It looks like you are outside of Krispy Kreme’s delivery area. Stay tuned for more fun promotions soon!,Tue Nov 14 16:31:21 +0000 2017
uc_1469393,1469393,Hey @Uber_Support my driver was flirting with a female passenger and had an actual bottle of wine in the car he was drinking...:,@461047 We take this very seriously. Please send us a DM with your email address so we can connect ASAP.,Fri Nov 03 00:18:19 +0000 2017
uc_1136798,1136798,my @115873 driver was just so fucking homophobic to me I had to get him to pull over so I could get out.,@387799 We take this very seriously. Please send us a DM with your email address so we can connect ASAP.,Sat Oct 28 17:42:48 +0000 2017
uc_1622152,1622152,@115877 @121182 4outOf5 of our meals were COLD/wrong/missin&amp;all we got was a $16cred on a $50bill?? #WorstCustomerService,@478190 Sorry to hear that. We just sent you a DM.,Sun Nov 05 15:40:54 +0000 2017
uc_2786510,2786510,@Uber_Support any green light/activation centers in Louisville where I can get my vehicle inspected for free?,@777955 Happy to help. You can find more information here; https://t.co/OVgNid1wOE to help you have your vehicle inspection based in your city.,Tue Nov 21 18:53:49 +0000 2017
uc_422790,422790,"@Uber_Support Thank you for replying. It get way complicated to use X with a motorized ♿, XL is much better. However your drivers are kind &amp; helpful🙏",@215675 Not a problem! Let us know if there is anything else we can do for you.,Tue Oct 10 07:17:42 +0000 2017
uc_2939685,2939685,@Uber_Support i want to change my first/last name (from cyrillic to latin). How can i do this?,@812492 Simply follow the link for more info in updating account settings; https://t.co/ACn231rQL4.,Wed Nov 29 12:54:54 +0000 2017
uc_2221368,2221368,@Uber_Support Hi thanks for ur message however I have been wsiting for over 24 hours and no one has got back to me. A lady called June messaged me and wanted to.speak to me but I havent hesrd anything from her and said wanted to speak with me eagerly.,@642064 A member of our team is on top of this and will be following up with you via in app support. Keep an eye on this update coming your way. We appreciate your patience.,Fri Nov 10 14:28:19 +0000 2017
uc_1715705,1715705,@Uber_Support FYI $300 taken from my account in 3 days. Someone must be having a great time being chauffeured around on stolen money. https://t.co/P14qxZdsHz,"@519594 We can definitely take a closer look! Contact us here; https://t.co/kGIXas5Cxg, so we can help.",Tue Nov 07 03:31:10 +0000 2017
uc_2221448,2221448,"@Uber_Support @648812 still waiting for someone to attend my query regarding my cancelled trip, you guys are too slow!",@648811 We're here to help! Send us a DM with your email address so we can connect.,Fri Nov 10 11:25:54 +0000 2017
uc_129988,129988,@115873 why all my rides waiting time is more than 10min ? Uber in Brazil is getting pretty bad quickly even for uber vips,"@145301 Hi there! We're here to help. Send us a note here, https://t.co/e8HVorX5rh and so our team will assist.",Fri Nov 24 06:02:49 +0000 2017
uc_596292,596292,@Uber_Support how long till I can expect a reply after I had missing items and cold food for my delivery today? 😡,@261312 Here to help! Send us a DM with your email address so we can follow up.,Sun Dec 03 19:13:53 +0000 2017
uc_803583,803583,@115873 it's really not cool when your drivers kick someone who's DISABLED from their car because they need extra time/help closing the door!,@311506 We take this very seriously. Please send us a DM with your email address so we can connect ASAP.,Thu Oct 12 12:35:01 +0000 2017
uc_2496116,2496116,@115873 I am very dissatisfied with uber. They constantly mislead prices. The take extra funds from my checking account,@712368 Here to help! Please send us a DM with your email address and more info regarding your concern so we can assist.,Mon Oct 30 01:36:49 +0000 2017
uc_2759090,2759090,@116276 @115873 I want to go home and I CANT afford a taxi that’s why I use your service and it’s not safe walking at night when you are deaf and can’t hear anything please can you fix this faster!!!,@271774 We've responded to your DM.,Tue Nov 21 03:51:20 +0000 2017
uc_1387189,1387189,@Uber_Support I already filled this out though. Twice. 😔,@442774 Please send us a DM with the email linked to your account and we'll follow up.,Thu Oct 19 10:48:40 +0000 2017
uc_2427597,2427597,"Got my heart broken by @115877 and @148768 today. My fat, broke ass got scammed.","@697031 We're sorry we couldn't get to everyone, but stay tuned for more fun promotions soon!",Tue Nov 14 17:01:58 +0000 2017
uc_2448470,2448470,@Uber_Support WILL U PLEASE CONTACT ME. YOU GUYS NEED TO GET IT TOGETHER. ITS A FUCKING JOKE HOW BAD YOUR SERVICE IS.,"@225968 At this moment, we don't offer phone support for these issues. We're sorry for any inconvenience. Please contact us via https://t.co/zUe0dj6yoX so our team can connect.",Wed Nov 15 02:18:23 +0000 2017
uc_2858925,2858925,Me when I order maccy D’s from @115877 and they don’t include the dips......again 😫#canteatdrynuggets 😤 https://t.co/TMvVbRD0bu,"@403685 Sorry to hear about this, Nadia. Please DM us your account email and we'll follow up. Thanks!",Mon Nov 27 21:52:15 +0000 2017
uc_497644,497644,@Uber_Support My registered contact contact number is 9664219166 and my email id is __email__,"@233760 We recommend not posting your private account information to the public, Taher. Please DM us and confirm if the trip has ended so we can review. https://t.co/sd7yH5jmbJ",Fri Dec 01 18:59:26 +0000 2017
uc_272265,272265,@Uber_Support my driver app isn’t receiving requests what do I do,"@180974 Happy to help! Please send us a note here https://t.co/LHP08Qw04q , and a member of our team will reach back out.",Fri Oct 06 02:43:03 +0000 2017
uc_1329377,1329377,@Uber_Support I need help with an order. I've been getting talked in a circle for a hr and I'm considering closing my acct with you all.,"@430179 Oh No! We want to help, please DM us your email and the issue details so we can take a deeper look.",Mon Oct 16 05:59:02 +0000 2017
uc_54485,54485,@Uber_Support how long does it normally take to get support?,@126357 We see your DMs and we'll be following up there. Thanks for your patience!,Wed Nov 01 17:51:32 +0000 2017
uc_2621316,2621316,"@Uber_Support I’ll do that, thanks. I’ve just received a reply to a wait time complaint I had sent. There was no waiting time! I shouldn’t have been charged. And I can’t even reply to the email. Can you please have a customer service number? This is frustrating.",@740666 Here to help! Send us a DM with your email address so we can connect.,Sun Nov 19 07:30:08 +0000 2017
uc_2367399,2367399,When you order a Big Mac from @115877 and this is what’s meant to be the Big Mac burger.... https://t.co/1Rt35rR3HR,@683353 Here to help! Kindly send us a note at; https://t.co/qLzKaGQcAg so our team can follow-up.,Sun Nov 26 17:16:52 +0000 2017
uc_620285,620285,"@Uber_Support I asked to be transferred from Pennsylvania to Delaware. I’m not sure if that has taken place. Also, why can’t I drive in Maryland? Do I have to take additional steps to drive there?",@267221 Happy to help! Send us a DM with your email address and our team will follow up.,Wed Nov 22 17:04:33 +0000 2017
uc_1141170,1141170,@115873 How about a tipping option at the end of every ride. At times you really want to tip but offering in cash seems embarrassing.,@388619 We're always looking for ways to improve. We appreciate your feedback!,Tue Oct 24 11:51:27 +0000 2017
uc_1501927,1501927,"@Uber_Support A certain route has been giving drivers trouble, what can I do besides sending a text to every driver?","@468612 We'd be happy to look into this for you, Alex. Please send us a note at https://t.co/u3MyknJaaN so we can connect.",Mon Oct 16 22:57:36 +0000 2017
uc_2560469,2560469,"@Uber_Support can't log in -- telling me my phone # isn't recognized?? then when I actually am able to move past the sign in, the code never gets sent to my number?? Ive resent 6 times. I have to take a trip later and have no way of doing so because of my inability to sign in.",@348526 Here to help. Kindly send a note at: https://t.co/dwDjAokZht so our team will connect.,Thu Nov 16 17:33:13 +0000 2017
uc_543074,543074,@Uber_Support done and DM'd you 2 pix that show the issue,"@246099 We have received your DM, Ed, and will be in contact with you there shortly.",Sat Dec 02 16:47:05 +0000 2017
uc_57533,57533,@115873 @Uber_Support left my purse in ride. Help!!!! #strandedinDC,@129056 We're here to help! Please send us a note here; https://t.co/rOtqyWzf0B so our team can connect.,Wed Nov 01 19:52:57 +0000 2017
uc_2559619,2559619,Fucking @115873 driver on Exec fee just decided that £59 wasn't worth his while for an hour's work and kicked us out. Twat.,@726560 Here to help. Send us a note at https://t.co/fS660rQ8NQ so our team can connect.,Thu Nov 30 21:34:12 +0000 2017
uc_1728098,1728098,@Uber_Support horrendous experience after 10 .ins wait you give driver another booking and cancel my booking plus charge me 154 rupees,"@165102 Sorry to hear about this! Please share trip details here; https://t.co/593jusCquh, so our team can further assist.",Tue Oct 17 17:07:03 +0000 2017
uc_1424942,1424942,@Uber_Support help! a few weeks ago my uber driver canceled on me and it wasn't my fault! I called on my phone not using the #s account.,@451053 We can take a look! Send us a note via https://t.co/e8HVorX5rh so our team can get in touch.,Thu Nov 02 03:36:05 +0000 2017
uc_2714084,2714084,@Uber_Support Restaurant accepted my order then cancelled. Money was taken and I need to to make another order. I will dm email address,@130757 We have followed up via DM.,Fri Dec 01 21:02:41 +0000 2017
uc_2786531,2786531,@Uber_Support Thanks. You can reach me at __email__. Do you need any of my account information?,@777960 We're currently reviewing your email and will be in touch shortly. We appreciate your patience!,Tue Nov 21 18:49:17 +0000 2017
uc_979450,979450,"@Uber_Support Tried that, but I received no help whatsoever","@352281 Here to help, Ash. Please DM us the email address linked to your Uber account so we can look into this for you. https://t.co/sd7yH5jmbJ",Sun Oct 22 05:42:30 +0000 2017
uc_662865,662865,@115873 send a car my way plz I’m just trying to get to the loft https://t.co/MK5FOIYCxn,@277927 We're here to help. Send us a note at https://t.co/xMxswVLBKT so our team can connect.,Thu Nov 23 01:43:50 +0000 2017
uc_930475,930475,@Uber_Support and now why my account is disable.??,"@340733 We've reach out regarding this, Pankaj. Please check your email inbox and reply there with any additional questions or concerns.",Thu Oct 19 11:03:21 +0000 2017
uc_2813944,2813944,Screw You @115877 after 2hrs of waiting and still no food! #done #sonichereicome,@784560 Here to help! Send us a note here https://t.co/pqZPVbpZRI so we can assist.,Mon Nov 27 02:03:09 +0000 2017
uc_177085,177085,@118730 what type of service do you guys provide. Horrible experience. You guys are thieves. Your driver canceled our order and we didn't get our money back. We've been waiting forever for our food. We have a young child waiting to eat. And no contact number to sort this out,@150866 We're sorry to hear this was your experience. Contact us here https://t.co/P4hKbfQBbP so we can further assist.,Sat Nov 25 00:26:28 +0000 2017
uc_1015728,1015728,1.3 x surge fee due to increased demand and the first driver is 6mins away. Really @115873 ?,@360327 Here to help! Please contact us via https://t.co/e8HVorX5rh so we can follow up.,Sun Oct 22 18:59:05 +0000 2017
uc_2355355,2355355,"@Uber_Support Hey! Can you please define ""We match riders in a way that does not significantly increase total trip time""? How many minutes or kilometers are added max?",@680466 Here to help! Send us a note via https://t.co/ZKt0NHVs3P and we'll be in touch.,Mon Nov 13 19:18:34 +0000 2017
uc_2412790,2412790,@Uber_Support how do I find my referral code on uber eats?,"@459586 Hi, Clare. We see your DM and will follow up there shortly!",Tue Nov 14 14:45:38 +0000 2017
uc_1435110,1435110,Now I'm going to have to reorder my stuff and hope that I get a driver who can read BRIGHT WHITE NUMBERS ON A BLACK POST @115877,"@448851 Hey, Joshua. DM us your account email along with details for assistance.",Sat Oct 28 20:06:24 +0000 2017
uc_165843,165843,Disgusted at the @115873 driver who made me get out of the Uber that I jumped into to escape the scare at Oxford Street #unimpressed,@154507 Sorry to hear what happened. You can send us a note here; https://t.co/fS660rQ8NQ and our team will connect to assist you further.,Fri Nov 24 20:22:55 +0000 2017
uc_2776122,2776122,@115873 drivers fail to use their intelect &amp; largely dependent on @135616 they forget to think #UserExperience #badservice #CustomerService,@775698 Here to help! Send us a note via https://t.co/fS660rQ8NQ so our team can connect.,Tue Nov 21 15:13:29 +0000 2017
uc_1072795,1072795,@Uber_Support @373142 The service is bad. May Allah help you to deal with the driver. I stop my account without a scientific knowledge @115873,@364691 Hi there! We see your outreach and a member of our team will be following up via email as soon as possible. We appreciate your patience.,Mon Oct 23 16:28:41 +0000 2017
uc_715546,715546,Is there a way that you can set your @115873 settings to only get drivers over a certain rating? Asking for a concerned rider.,@291212 Here to help! Check out https://t.co/PvJvVAXmJC to learn more about requesting a specific driver.,Tue Oct 10 23:11:30 +0000 2017
uc_114529,114529,@Uber_Support I have sent several emails in response to your decision. I don’t understand the push back after you saw I requested another driver right after the cancellation. This is not what I expected after being a regular customer.,@141465 We're here to help! Send us a DM with your email address so we can connect.,Thu Nov 23 21:33:11 +0000 2017
uc_902840,902840,"@Uber_Support I hv read every details, but ur driver was lost &amp; I had a train to catch. Ur driver asked me to cancel, I didn't hv 2 pay for cancelation",@334326 So sorry about the trouble! Please send us a DM with your email address and phone number so we can connect.,Sat Oct 14 02:29:24 +0000 2017
uc_1094497,1094497,@Uber_Support Please check inbox. I've already been sending all the details and your team and spoken to me. But left the matter in between. Please assist,@378303 Sorry for the delay. Our team is currently reviewing your email and will follow up shortly.,Sun Oct 15 04:56:11 +0000 2017
uc_1906105,1906105,@Uber_Support what happened to $6.32 of my money this morning? When I ordered Uber this morning it took $6.32 https://t.co/iojvh62G9s,@158665 Please provide the details at the link previously provided so we can follow up.,Wed Oct 18 13:32:49 +0000 2017
uc_176068,176068,@115873 lost an item in an Uber tried to contact the driver and Uber support no luck. Need help!,@157408 We’re here to help! Send us a note via https://t.co/oY5vj3NqP3 and we'll be in touch.,Sat Nov 25 00:04:12 +0000 2017
uc_1261389,1261389,@115873 how fair is charging a person twice for the same trip and not refunding the amt. Despite several msgs? Ise apni gadi kaise samjhu??,@415493 We apologize for the trouble! Send us a DM with your email address and we'll connect.,Thu Oct 26 14:37:49 +0000 2017
uc_727144,727144,@Uber_Support When should I see the credit? I don’t see them in the payment tab.,@294177 We followed up with you via DM.,Wed Oct 11 15:08:57 +0000 2017
uc_2005630,2005630,"@Uber_Support Welp. You guys didn’t really help me at all. So if there’s a way to give you guys a 1 star, I’d like to do that.",@593103 We've been in touch via DM!,Thu Oct 19 00:05:31 +0000 2017
uc_2756228,2756228,Anyone wanna tell me why the fuck there’s a $20 delivery fee on @115877 ??? That’s fucked up guys. Absolutely outrageous,"@418539 Here to help! Send us a note here, https://t.co/NcKEnQDmxQ and our team will follow up.",Tue Nov 21 02:03:49 +0000 2017
uc_1640369,1640369,@Uber_Support DM?,"@501506 Hi, Faheem! Please direct message (DM) us your Uber account.",Sun Nov 05 23:30:46 +0000 2017
uc_2432941,2432941,@115877 @148768 where are the donuts you promised! Your website ironically shut down at 4! 🤬 I am deleting the app and leaving a bad review unless you get me those donuts you promised! 🤯,@152235 We're so sorry you didn’t get your free Original Glazed Dozen box. Demand was through the roof and stocks ran out. Stay tuned for more fun promotions soon!,Tue Nov 14 18:25:01 +0000 2017
uc_2213401,2213401,@115873 tell me how it's fair that I have to pay for your drivers missing turns and being shitty drivers 😡 https://t.co/Yd5AfaZFyV,"@646863 Sorry for the trouble! Send us a note here, https://t.co/XijNMfvSmO, and our team will be in touch.",Fri Nov 10 04:46:26 +0000 2017
uc_267444,267444,"@Uber_Support Already sent a note, but I haven't received any emails yet.",@179760 We're unable to locate a recent support inquiry from the email on your account. Can you please confirm the email you used to contact us?,Thu Oct 05 01:03:56 +0000 2017
uc_1788617,1788617,@115877 - This is what I get when I tried ordering from your app!? Any explanation to this? https://t.co/of8EcV3qPM,@537291 It appears that you are just outside of our service area. We're working hard to expand. Stay tuned for updates: https://t.co/Mf9vzZ0uru.,Thu Oct 12 16:43:07 +0000 2017
uc_2384187,2384187,"Hey @115873. Where's my cash for your driver cancelling on me? First driver arrived in my street, saw the road was blocked by a lorry and... https://t.co/zYoUVLfJiS",@146797 Here to help. Send us a note at https://t.co/e8HVorX5rh so our team can connect.,Fri Oct 20 08:19:44 +0000 2017
uc_724081,724081,@115873 why does my tip no longer show up WITH the fare in the same email? Putting them together made expense reports easier.. what happened??,@293405 Please send us a note at https://t.co/qHI8xcWfiW so we can follow up.,Fri Oct 06 16:17:38 +0000 2017
uc_1402982,1402982,@115873 I m deleting it tonight.,@446195 We're so sorry for the trouble. Please send us a note here; https://t.co/xMxswVLBKT so our team can connect.,Sat Oct 28 17:13:48 +0000 2017
uc_1398140,1398140,@115873 - please help. Constant error message on my son’s app. #familyaccount #error https://t.co/ZvCss6x5ap,@445140 We're here to help! Send us a note via https://t.co/xMxswVLBKT so our team can assist.,Sat Oct 28 15:39:36 +0000 2017
uc_673295,673295,"@Uber_Support @266463 @280600 @Uber_Support you ppl will never change you don find a proper solution on this filling forms doesn’t make changes, uber service is a lust",@280596 So sorry about that! Send us a DM with your email address so we can connect right away.,Thu Nov 23 10:09:19 +0000 2017
uc_65987,65987,@Uber_Support @115873 HELLO UBER??? my driver was the one who cancelled the trip but why did you charge me RM5 for the cancellation trip??????? HELLLLO??,@131096 We're sorry to hear about the trouble! Please contact us via https://t.co/h840Iouehc so our team can connect.,Thu Nov 30 02:14:31 +0000 2017
uc_1824008,1824008,Lol @Uber_Support a drivers time is not as valuable as mine. Especially if the driver doesn't know the area. Why should I have to pay? https://t.co/m6Cj2xeq9t,"@290576 Thanks for reaching out! If you believe a cancellation fee is charged incorrectly, you can send us a note here https://t.co/QsI1vsvcif.",Sun Oct 15 18:20:52 +0000 2017
uc_2456811,2456811,@Uber_Support I have to say that I had the BEST Uber experience last night! Is there a way I can review more than just a note in the app?,@703742 Happy to help! Find out more info here; https://t.co/KcUoL3QRto,Sun Oct 29 18:01:57 +0000 2017
uc_2883725,2883725,hey @Uber_Support can you please not to keep connecting me with driver who have such a bad ratings? i cancel my order for more than three times bc you connect me to the same drive who have bad ratings and you suspend me then !!!! what is this ?????????,@799988 Hi there! Please reach out to https://t.co/SjsQQ8ofRq and fill out the boxes at the bottom so we can get in touch.,Tue Nov 28 10:27:44 +0000 2017
uc_1067690,1067690,"@Uber_Support My account has been disabled without even a single use, newly registered",@371960 We've been in touch via DM - Please see our most-recent message for more information and next steps.,Fri Oct 13 05:16:26 +0000 2017
uc_460143,460143,@Uber_Support I need you to solveme a problem the Uber app doesn't recognize mydebit card I need you to do it for me I have 2 days on this please do it for me I need my money,@222579 We can definitely take a look! Send us a DM with your email address and details so we can follow up.,Fri Dec 01 01:27:22 +0000 2017
uc_1781530,1781530,@115877 Can you bring UE to Kamloops BC Canada? Most fast food companies have recently installed express lanes for quick pickup services.,@534693 We're here to help. Can you please send us a DM so we can connect?,Sat Oct 28 23:59:41 +0000 2017
uc_1464399,1464399,Someone in the UK has been paying for their @115873 w/ my bank card. I’m not even in the UK and my card is here with me.Thanks a lot stranger🙃,@459909 We can take a look! Send us a DM with your email address so we can follow up.,Thu Nov 02 19:06:33 +0000 2017
uc_2054004,2054004,@Uber_Support plz update ur app..it doesnt show the correct location of the cab,"@607480 We absolutely want to follow up, and appreciate your feedback on this. Please send a note at https://t.co/balq3Eyso6 so we can connect.",Fri Oct 06 05:58:20 +0000 2017
uc_2884483,2884483,@Uber_Support what does the reset button do on the trip preferences page?,@376896 Here to help! Send us a note via https://t.co/ZKt0NHVs3P to assist you further.,Tue Nov 28 11:11:18 +0000 2017
uc_323459,323459,"@Uber_Support I don't have a drivers tab, I have a profile tab but there is no option to add an additional driver?",@193033 Please send us a DM with your Uber partner account email address so we can follow up. https://t.co/sd7yH5jmbJ,Sat Oct 07 14:01:06 +0000 2017
uc_2517173,2517173,@Uber_Support Please refund (not uber credit) cancellation fee resulting from driver error - app not helpful for complaint,@717041 Here to help! Please send us a note via https://t.co/h840Iouehc so our team can connect.,Thu Nov 16 00:02:34 +0000 2017
uc_2947593,2947593,@Uber_Support mh02cr4733 driver is super late then scheduled time on calling ...he said he will take 10 to 15 mins more... so I asked him to cancel as I am getting super late to reach destination... he said he will not and added that I can go and complaint if I want..,@814104 Here to help! Send us a note via https://t.co/e8HVorX5rh so our team can get in touch.,Wed Nov 29 16:12:44 +0000 2017
uc_2445316,2445316,@Uber_Support I used the help tab already. It said someone would contact me shortly and I still haven’t received a call for a refund.,@701084 So sorry about that! Send us a DM with your email address so we can connect right away.,Wed Nov 15 00:58:17 +0000 2017
uc_2397330,2397330,@Uber_Support If you preorder your Krispy Kremes today do you still get them for free?,@689960 We've responded to your DM.,Tue Nov 14 11:29:40 +0000 2017
uc_1683665,1683665,Why do @115873 charge you when they cancel the trip that’s such bullshit,"@511753 Hi there, we're here to help! Please send us a note via https://t.co/h840Iouehc so our team can assist you with this.",Mon Nov 06 16:49:48 +0000 2017
uc_2756206,2756206,"@Uber_Support I'm pretty tempted to never use Uber again after this. Ever since ya'll got rid of phone support, the support is terrible.",@420199 We're sorry for the trouble! We're currently reviewing your email and will follow up shortly.,Tue Nov 21 02:15:44 +0000 2017
uc_1190349,1190349,@Uber_Support Yeah have done. But rude Exec drivers destroy your reputation all brand. Will get a black cab next time.,@399779 Happy to help! Send us a DM with your email address and our team will follow up.,Sat Nov 25 19:22:44 +0000 2017
uc_1520530,1520530,@Uber_Support hi! I left my phone in my uber but the ride was split and I don't have the driver's # - please help! I'm traveling currently!,@299463 We're here to help! Send us a note via https://t.co/rOtqyWzf0B so our team can assist.,Fri Nov 03 17:04:05 +0000 2017
uc_2115930,2115930,@Uber_Support when you are gonna start eat service in Annanagar??,@623738 We're always trying to expand! Keep an eye on your e-mail and in-app messages for updates on our availability there.,Thu Oct 19 05:30:52 +0000 2017
uc_1406314,1406314,@Uber_Support What is the 24/7 costumers service Phone number ?,"@446882 At this moment, we don't offer phone support for these issues. We're currently reviewing your email and will connect shortly. Thanks!",Thu Nov 02 02:42:26 +0000 2017
uc_2306563,2306563,@Uber_Support what’s a contact phone number my account is on a wait list for two months,@431554 Happy to help! Send us a message here; https://t.co/balq3Eyso6 and we'd be happy to take a look.,Thu Oct 19 21:04:33 +0000 2017
uc_1698769,1698769,@Uber_Support sure its __email__ . now what?,@237025 A member of our team sent you a message via in-app support. You can view your in-app support messages through your account email address.,Tue Nov 07 00:12:40 +0000 2017
uc_126422,126422,@Uber_Support I have sent a DM with my email address.I hope you would connect with me.,@144378 Here to help! Send us a note via https://t.co/vZ2zCuaLbs to assist you further.,Fri Nov 24 04:38:45 +0000 2017
uc_2315990,2315990,@115873 @Uber_Support do you guys have a rewards program? Or is there a way I can pay a flat rate monthly for unlimited rides?,@671529 Keep an eye out in your email for the ability to purchase a ride pass. You can get more info here: https://t.co/7HDCJkqO3i,Thu Oct 19 22:36:53 +0000 2017
uc_1295818,1295818,@Uber_Support Not really okay is it?,@422890 We're here to help! Send us a DM with your email address so we can assist.,Thu Oct 26 21:27:50 +0000 2017
uc_851960,851960,"@115873 still haven't received $300 promotion, and having account trouble. Nobody is contacting me in regards to this ongoing issue.",@322378 Here to help! Please send us your email address with details so we can follow up.,Fri Oct 20 15:21:49 +0000 2017
uc_253157,253157,@119983 @115873 @Uber_Support No action yet on this complaint made on your FB page inspite providing details!! VERY DISSAPOINTED https://t.co/t90P9ceiL6,"@176180 So sorry to hear that! For a specific concern, please send us a note at https://t.co/balq3Eyso6 to let us know.",Thu Oct 05 16:14:46 +0000 2017
uc_1417431,1417431,@115873 your food delivered to my house killed my dogs... I want you to hospitalized my dog or else I will sue you.. contact me now,@449459 That's completely unacceptable. Send us a DM with your email address so we can follow up ASAP.,Thu Nov 02 02:39:23 +0000 2017
uc_2841084,2841084,@Uber_Support I can sign in but not book rides,@790556 Sorry for the confusion! Send us a note via https://t.co/xMxswVLBKT so our team can get in touch.,Mon Nov 27 16:32:19 +0000 2017
uc_1064977,1064977,@115873 why your drivers accept the ride when they’ve not even drop the previous ride ? Waiting for the pickup from last 20 minutes https://t.co/oZzvuVp4aI,@371441 We see your outreach and a member of our team will be following up via email as soon as possible. We appreciate your patience.,Mon Oct 23 14:16:54 +0000 2017
uc_566241,566241,@Uber_Support It appears the problem may be with confirming my email not the promo with @115877 it says i havnt when i got a confirmation saying i did,@252733 Here to help! Send us a DM with your email address so we can connect right away.,Sun Dec 03 01:15:37 +0000 2017
uc_1603151,1603151,@Uber_Support no offer and free ride received ever and rate are always higher than ola by 80 to 90 Rs. Isn't better to switch ola than uber,@492012 Here to help. Send us a note at https://t.co/FQNTfKa7k0 so our team can connect.,Sun Nov 05 07:11:12 +0000 2017
uc_2881618,2881618,@Uber_Support why does it say on my profile that it's rejected? I can't complete a profile because it asks me questions like I'm a driver. I have a passenger profile. It says 66% full. Also can I see how a driver rated me? Suggestion: I'd like to see a pictures of drivers cars. https://t.co/8wHEfGBRfz,@799570 Hi there! Please reach out to https://t.co/zUe0dj6yoX and fill out the 4 boxes at the bottom so we can get in touch.,Tue Nov 28 09:01:40 +0000 2017
uc_412228,412228,@115873 You have multiple drivers registering as XL that aren’t..... called 2 different cars that lied about being XL and then said we couldn’t get in — trying to change more,@213349 Here to help! Send us a note via https://t.co/q9nTle9M0B to assist you further.,Sat Nov 25 05:37:46 +0000 2017
uc_1379198,1379198,@Uber_Support @115873 Wow your drivers are so unprofessional. Nicholas arrived 15 minutes after I requested him and he arrived here drunk https://t.co/5ZqIowJFG6,@441093 We take this very seriously. Please send us a DM with your email address so we can connect ASAP.,Sat Oct 28 03:22:16 +0000 2017
uc_1435122,1435122,@Uber_Support @453206 car last night &amp; we need help calling them please,@453205 -We've been in touch via DM!,Sat Oct 28 20:55:04 +0000 2017
uc_2603264,2603264,"A ride which was to cost me ₹58,cost me ₹176 coz driver changed route without informing. @Uber_Support #UberIndia",@296027 We're so sorry to hear about the trouble! Send us a note at https://t.co/XijNMfvSmO so we can help.,Fri Nov 17 08:48:00 +0000 2017
uc_448826,448826,@Uber_Support No point. We don’t get to eat. Just know this will be shared far and wide. Uber are a totally crap company in every respect.,"@221334 Sorry to hear that, Tula. Should you change your mind, we're still happy to connect with you via DM. Please let us know if we can assist.",Thu Nov 30 20:49:01 +0000 2017
uc_2338270,2338270,"@115873 drivers should not accept call when there is rider. I waited more than 20mins, actually uber app says 6mins, and driver said he had to drop off the rider first before he pick me up.","@676455 Happy to help! Send us a note here, https://t.co/fS660rQ8NQ and our team will follow up.",Fri Oct 20 06:03:56 +0000 2017
uc_508807,508807,@115873 I need help with app,"@236859 Hi, Kevin! Kindly send us your email address via DM together with additional details of your concern so our team can assist.",Fri Dec 01 21:53:44 +0000 2017
uc_1766445,1766445,"@Uber_Support Got that.. but please clarify if I was in the car the moment it arrived, why was I charged wait fees?","@531203 Hi, our team has reached out so please check your rider app under the 'Help' section or email to see our response.",Thu Oct 19 08:12:37 +0000 2017
uc_2639825,2639825,"@115877 1. Absolutely not true, did pick up, I waited outside 7 minutes immediately after she called 2. Next level passive-aggressive customer service. Nice use of BOLD https://t.co/SX8HYh1eXT",@742508 Our team has received your response and will be following up via in-app support shortly. Thanks for your patience!,Fri Nov 17 21:08:57 +0000 2017
uc_2815004,2815004,@115873 the WORST ever. 2 drivers couldn’t find Dulles. Getting home the reliable way TAXI,@784802 We can take a look! Send us a note via https://t.co/e8HVorX5rh so our team can get in touch.,Mon Nov 27 02:35:51 +0000 2017
uc_881204,881204,@Uber_Support I am unable to book any ride ..my no +919999906916 . Please help ASAP https://t.co/OxdpSomoWO,@329242 We see your DM and will follow up there. Thanks!,Fri Oct 13 14:36:00 +0000 2017
uc_2898202,2898202,@Uber_Support Worst humans ever,@791284 We can definitely take a closer look! Please send us a DM with your email address so we can follow up.,Tue Nov 28 18:29:28 +0000 2017
uc_1022613,1022613,Why do I always get locked out my @115877 account?????? Pisses me off.,@361981 That doesn't sound right! Please fill out the form at https://t.co/BDlHSjUF9c and a member of our team will follow up.,Sun Oct 22 18:55:17 +0000 2017
uc_745180,745180,"K @115873 @115877 ""delivered"" the food we paid for to the wrong person then proceed to charge me 5 times for it when I tried to be refunded https://t.co/U6fUX3x991","@176111 Hi, we're sorry to hear about this. Please DM us the email linked to your Uber account so we can look into this for you.",Wed Oct 11 14:47:16 +0000 2017
uc_905329,905329,I’m about to start crying in @Walmart because the fucking @115873 app won’t work. I just bought 50 bucks in credits AND MY BALANCE IS 35 CENTS,@334925 We see your message and will be following up via DM.,Sat Oct 21 01:21:38 +0000 2017
uc_1141126,1141126,"@Uber_Support I'm putting in my card details, but the ""next"" box stays greyed out and I can't proceed","@301337 We'll get you sorted out, Jordan! Please drop us a note at the previous link and we'll be able to take a look.",Tue Oct 24 15:32:54 +0000 2017
uc_340004,340004,@115873 you guys keep cheating me and adding extra charges. And it's impossible to contact customer service. Switching.,@197196 We can definitely take a closer look! Contact us here; https://t.co/051afusMxw so we can help.,Sat Oct 07 23:56:57 +0000 2017
uc_1464416,1464416,"@Uber_Support @115873 #WTF my sister waiting i m tryng to book a cab fr her, but feeling #Miserable thnks 2 @459913 wo buk the cab! https://t.co/yJBaO2qZw8","@459912 We apologize for the trouble! Send us a note here, https://t.co/xMxswVLBKT, and our team will be in touch.",Thu Nov 02 18:57:45 +0000 2017
uc_2503416,2503416,Wtf! @115873 one of your drivers has our phone and refused to give it back and now turned it off so we can’t track it! #nashville,@713988 Sorry to hear about that. Can you please send us a DM with your email address? From there we'll be able to assist further.,Sat Nov 11 20:22:39 +0000 2017
uc_2466499,2466499,So I paid £20 for @115877 to deliver a single pizza last night. Arrived very late and freezing cold. Apparently no replacement or refund.,"@534202 Hey, Jason. We've received your most recent in app message and will be following up with you shortly.",Sun Oct 29 17:30:40 +0000 2017
uc_827975,827975,@45879 Can My Dad and myself with 2 diff Uber account cant drive a one Luxury car Audi Q7 SUV 4x4?,"@317242 We have replied via DM with some information, please follow up with us there.",Thu Oct 12 20:54:46 +0000 2017
uc_2523480,2523480,".@Uber_Support asked me to DM them. I received an in-app msg saying a senior member of support would contact me. 22 hours later and nothing. Not to beat the dead horse some more, but this is the reality of 180 days of change. Uber is still ignoring drivers until they give up.",@612484 Sorry to hear about the trouble! A member of our team will follow up with you soon as soon as possible. We appreciate your patience.,Thu Nov 16 01:45:12 +0000 2017
uc_1487924,1487924,#ubereats My drink was #missing and I clearly stated I did not want a refund but the drink I ordered. I suggest you get https://t.co/uhnr9orq0A,@465586 That doesn't sound right. Can you please send us a DM with your email address so we can look into this?,Fri Nov 03 05:36:37 +0000 2017
uc_351957,351957,@Uber_Support you should probably suspend the driver who said he picked me up but never did last night. Thanks,@199704 Sorry to hear about the troubles. Please send us a note at https://t.co/593jusCquh so we can look into this for you.,Sun Oct 08 12:22:48 +0000 2017
uc_19587,19587,"@Uber_Support Getting tired of rude uber drivers and drivers not showing up. Also, getting charged when they don't show up!","@303309 That's not what we like to hear, Fletch. Can you please send a note our way via https://t.co/593jusCquh?",Wed Oct 11 20:27:08 +0000 2017
uc_255888,255888,@Uber_Support And no resolution. No charges reversed and account not deactivated. Worst service ever,@176866 We've been in touch via DM!,Thu Oct 05 18:30:25 +0000 2017
uc_345500,345500,5 cancellations within 24 hours @115873 !!! Appalling service! I hope people see sense and stop using.,@198219 Sorry for the trouble! Please send us a note via https://t.co/h840Iouehc so our team can connect.,Sun Oct 08 02:51:34 +0000 2017
uc_938246,938246,@Uber_Support ... 4+ days and waiting. #urgent https://t.co/PuvsDTrHRG,"@342416 Gilberto, please DM us with your account email, and a few more details so we can get on this right away!",Sat Oct 21 17:27:00 +0000 2017
uc_1396800,1396800,@Uber_Support No Trouble! The service was great once driver got there! Just fyi to make some adjustments to your driver's route app. Needs some fixing!,@444813 We always appreciate feedback! Please reach out directly so we can further connect; https://t.co/LlerXNH4PG.,Sun Oct 29 12:28:08 +0000 2017
uc_2312630,2312630,@Uber_Support I had 2 referral promo discount work total 200 taka till 28/12/17 as long as I remember but all on a sudden I see its vanished from my account. Please take necessary take necessary steps to return my discount. My uber account mobile number is +88016 1313 2626.,"@670666 Happy to help! We just followed up via your in-app support. Please check your messages in the ""Help"" section of your app for further assistance.",Sun Nov 26 15:23:25 +0000 2017
uc_2077915,2077915,"@Uber_Support You are the worst kind of service provider that someone can relay one, you are a model for terrible customer service !!!!!","@614552 We can help with whatever is troubling you, Ahmed. Please DM us with the email address linked to your Uber account, so we can connect.",Mon Oct 09 13:43:57 +0000 2017
uc_249448,249448,@Uber_Support thank you for your reply __email__,"@175278 Here to help. For more info regarding your concern, please visit: https://t.co/DrZbbL6ZFv",Sat Nov 25 03:02:02 +0000 2017
uc_2560472,2560472,@115877 it takes your drivers 45 mins to cycle 1 mile? Foods frozen! Ri off shit service. Could of walked faster.,@726745 Here to help! Send us a note here; https://t.co/tjzs8znMIW and our team will be able to help.,Thu Nov 16 17:34:42 +0000 2017
uc_2671170,2671170,"@213960 I have been charged for a trip I did not take, what is up with your billing on cards? KES 374.00 was successful at UBER TRIP QD","@620801 Sorry to hear about the troubles, Allan. Please send us a note at https://t.co/IvN5pSr9DV so we can look into this for you.",Tue Oct 31 09:25:22 +0000 2017
uc_1473411,1473411,@Uber_Support Your reply was to rate @McDonalds badly for your mistake. All this over a coupon request after u guys messed up. What a waste of time. https://t.co/jsPJodqQUe,@462020 We've received your most recent in app support message and will continue working with you there.,Fri Nov 03 01:28:50 +0000 2017
uc_2481825,2481825,@115873 y'all be having some stupid ass drivers yo none of these bitches speak English &amp; I'm finna splack the next Spanish driver‼️‼️‼️,"@709108 Sorry for the trouble! Send us a note here, https://t.co/fS660rQ8NQ and our team will be in touch.",Sun Oct 29 22:18:08 +0000 2017
uc_1778566,1778566,Time to delete @115877 Worst food delivery ever! Litterally 80% of orders are incorrect. #basic,@338883 We're so sorry about that! Please send us a DM with your email address with details so we can connect.,Wed Nov 08 00:49:35 +0000 2017
uc_1003011,1003011,"@Uber_Support We already have emailed. Trying to locate a lost item, and we can't get in touch with driver.","@357425 Hi, Eve. We've followed up via DM.",Sun Oct 22 15:59:11 +0000 2017
uc_947952,947952,@115873 @Uber_Support,@344807 Happy to further assist you. Can you please send us a direct message with your email address and additional details?,Wed Sep 27 21:30:53 +0000 2017
uc_1059793,1059793,@Uber_Support @11716 Here we are again. Can't cash out the money I've earned. The fuck you doing? Aside from huffing paint. Obvee.,"@370239 Let's look into this. DM us your Uber email and phone #, so we can review your account. https://t.co/sd7yH5jmbJ",Mon Oct 23 03:07:57 +0000 2017
uc_309307,309307,@115873 @Uber_Support how is this possible? Taking a client on a 25 mile trip and earn nothing! https://t.co/Vdf9Uox0eV,@159211 Will you please DM us with your email address associated with your account? We'll look into it.,Sat Oct 07 00:40:04 +0000 2017
uc_2558799,2558799,Thank you uber for the worst driver in the world @115873 #Cape Town #Camps Bay #Fino https://t.co/Zrc3Iyd4ff,@584523 Here to help. Kindly send a note at: https://t.co/fS660rQ8NQ so our team will get in touch.,Thu Nov 16 16:54:19 +0000 2017
uc_341041,341041,"I think our Uber driver is drunk , we gunna die",@197478 We take this very seriously. Please send us a DM with your email address so we can connect ASAP.,Sun Oct 08 00:54:31 +0000 2017
uc_347617,347617,@115873 I left my work phone in Uber and I politely asked the driver to return the phone to me but he tried to charge me $20. What do I do ?,@198782 Here to help! Send us a note via https://t.co/rOtqyWzf0B to assist you further.,Sun Oct 08 05:39:01 +0000 2017
uc_2046753,2046753,@3390 @Uber_Support really should provide a space for riders to provide feedback on the cars their picked up in... Cause this one needs to be in a shop #uber #uberatl,"@226101 Your feedback is valuable, and we appreciate you bringing this to our attention. Please provide more details here, https://t.co/z8NNR56eyf.",Wed Oct 04 23:07:33 +0000 2017
uc_611401,611401,"My @115873 driver is not behaving well and refusing to come pick me up. On top of it, you're charging me to cancel my pool! Help! #CustomerExperience","@265371 We apologize for the trouble! Send us a note here, https://t.co/593jusCquh, and our team will be in touch.",Wed Nov 22 13:01:28 +0000 2017
uc_2466826,2466826,"@Uber_Support @137362 also there was no traffic at all, it was a travel at 2:30 AM! all the way was clear...",@705853 We can take a look! Send us a note via https://t.co/oEOANqFpjc so our team can get in touch.,Sun Oct 29 20:21:32 +0000 2017
uc_483923,483923,@Uber_Support I didn't get my £5 off my first delivery on ubereats please tell me how I get it back,@230122 Here to help! Contact us via https://t.co/h3vAjBLlBH so we can connect.,Fri Dec 01 14:36:44 +0000 2017
uc_2538207,2538207,@115873 PPPLEEEAASEEEE add a do not disturb button to journeys. Some people just wanna get in a taxi and get to the destination and don’t like talking to people or hearing drivers moan about traffic lights. Thankyou.,@721918 Hi there! Please reach out to https://t.co/zUe0dj6yoX and fill out the 4 boxes at the bottom so we can get in touch.,Thu Nov 16 09:24:54 +0000 2017
uc_414649,414649,"@Uber_Support I did provide feedback via the app and got a carefully worded, boilerplate reply. Not the care I expect from Uber.",@213901 That doesn't sound right! Please send us a DM with your email address so we can follow up.,Wed Oct 25 18:38:35 +0000 2017
uc_1667266,1667266,"@115873 I have sent a message on the app last night about my shocking Uber experience. Please can you advise when I can expect a reply and some sort of explanation. Thanks,","@507823 Hi Lucy, we're here to help! Send us a DM with your email address and more details so we can follow up.",Mon Nov 06 11:06:53 +0000 2017
uc_581504,581504,@Uber_Support 23 days and I still haven't been refunded. Thanks guys!,"@257037 We're sorry to hear you're still experiencing this issue, TC. We've followed up via DM with more info.",Sun Dec 03 06:31:01 +0000 2017
uc_1323569,1323569,Why does your app say it takes a certain time to get to the airport when it actually takes triple that time @115873 #ihopeidontmissmyflight,@428858 We're here to help! Send us a DM with your email address so we can assist.,Mon Oct 16 11:50:38 +0000 2017
uc_914239,914239,Can anyone help me with Uber customer care number immediately? I forgot my wallet.,@337097 Here to help! Contact us via https://t.co/QjlgyfYCuh so we can connect.,Sat Oct 21 08:41:09 +0000 2017
uc_1693904,1693904,"@Uber_Support Got email, they said they can’t help bc his email isn’t on the Uber account. He doesn’t HAVE one, someone stole his card to MAKE one.",@514025 Can you please provide the email you all are writing in from? We will follow up.,Mon Nov 06 17:59:18 +0000 2017
uc_181580,181580,"@Uber_Support Hi, Is there luggage restrictions in ubergo for a single passenger? I booked ubergo...uberx came and he charged me extra for luggage saying new policy? Please confirm.",@158659 Here to help! Send us a note via https://t.co/fS660rQ8NQ and we'll be in touch.,Sat Nov 25 01:38:29 +0000 2017
uc_2448502,2448502,"@Uber_Support your driver ditched me. He showed up on the wrong side of the street, called me and hung up. I️ could see he was on the wrong side of the street via the app, but he cancelled the ride and left me stranded. Good thing I️ made the airport in time!! Go Tara!!!",@701836 Here to help. Send us a note at https://t.co/593jusCquh so our team can connect.,Wed Nov 15 02:07:22 +0000 2017
uc_844392,844392,@Uber_Support Done 👍🏿,@320747 We followed up with you via DM.,Fri Oct 20 14:28:37 +0000 2017
uc_657442,657442,@Uber_Support thank you. Just sent you a DM,@276484 We'll follow up with your DM.,Thu Oct 05 13:17:51 +0000 2017
uc_1354610,1354610,"@133311 fraud, driver does not complete the trip n you end up being charged a fortune. Happened to me. Waiting for @115873 response.",@435892 We'll look into this! Please share your email address in DM and we'll follow up. https://t.co/sd7yH5jmbJ,Fri Oct 27 18:55:31 +0000 2017
uc_2797255,2797255,So how long does this take to process @115873 when suddenly you're saying I can't use my account for this reason? @115879 has double surge pricing when Uber doesn't have any and I have a flight to catch #annoyed https://t.co/ChLgyqvqoq,@329292 Hi there! We see your outreach and a member of our team will be following up via email as soon as possible. We appreciate your patience.,Tue Nov 21 22:50:56 +0000 2017
uc_2086433,2086433,"@Uber_Support Hi, what should I do if the rider pick up point is in a no standing zone in a busy street?","@616921 Hi, Terance! DM is Direct Message. Please follow up here; https://t.co/e8HVorX5rh regarding with your concern and we'll be in touch.",Wed Nov 08 05:47:24 +0000 2017
uc_910651,910651,@Uber_Support kindly inform refund status of this cancellation as the amount is not yet reflected in my account. https://t.co/04WDhoh2ls,@336046 The account credit was added and then used on the next trip. We've resent you a copy of the receipt.,Fri Oct 13 17:16:00 +0000 2017
uc_285804,285804,@Uber_Support Absolutely bizzare ...have never seen such poor customer support,"@184094 Sorry about the trouble, Salil. We'll follow up with your DM.",Fri Oct 06 13:55:40 +0000 2017
uc_2798499,2798499,@Uber_Support I have a question about a phone left behind on a ride. Problem is password forgotten and phone missing is the 2 factor device. Can you reach out to me and help to get in touch with driver or reset password?,"@780803 Hello, Greg! We've reached out to the account holder via email support. Please have them respond directly to that message.",Tue Nov 21 22:58:13 +0000 2017
uc_303615,303615,Love feeling unsafe in an Uber. Love being hit on in a small space with a stranger I can't escape 🙃,@188490 We're here to help! Send us a DM with your email address so we can connect.,Fri Oct 06 22:17:42 +0000 2017
uc_525029,525029,@Uber_Support so I ordered an uber pool that was supposed to be around $8 and got charged nearly $16 because the driver decided to take a longer route,"@241424 Here to help! Follow up here; https://t.co/y4EDPcEoq8 , and our team will connect right away.",Sat Dec 02 05:35:44 +0000 2017
uc_2746286,2746286,The fucking worst customer service ever!! @115877,@769053 We're here to help! Send us a DM with your email address and more details so we can follow up.,Mon Nov 20 21:57:30 +0000 2017
uc_2505123,2505123,@118730 Can somebody from Uber call my friend directly at 6472140786 and assist,"@__V_T__ We just got back to you via DM, Vijay.",Wed Nov 15 21:41:46 +0000 2017
uc_1850478,1850478,@Uber_Support Sent an email yesterday via this link you provided but still no response.,"@348095 We've followed up within your Direct Messages, Mel!",Thu Oct 19 12:46:26 +0000 2017
uc_2674388,2674388,"So @115873 cancelled on me at 7:15 for a 7:15 pickup, and we nearly missed the show. Then, they charged me $6. Not a good day for #Mobility https://t.co/nmoBZ6jFHS",@752865 Sorry for the trouble! Send us a note via https://t.co/JyzdtQmyxT so we can connect.,Sun Nov 19 12:53:09 +0000 2017
uc_1106702,1106702,@115873 why is the app taking so long to find a ride? I've done the latest update too.,@289624 Happy to help! Please reach out to https://t.co/zUe0dj6yoX and fill out the 4 boxes at the bottom so we can get in touch.,Tue Oct 24 00:19:22 +0000 2017
uc_1830982,1830982,@Uber_Support Hi My mobile no. Is 7838099302 and i have made two trips on 9th October 2017 but i have not received my receipt. Plz provide,"@549416 We recommend not posting your account info to the public, Tarun. DM us for an update regarding your concern. https://t.co/sd7yH5jmbJ",Tue Oct 17 16:06:49 +0000 2017
uc_1787437,1787437,@Uber_Support Done,"@536991 Thanks for reaching out. In order to further assist, can you provide us with a screenshot of your phone number from the settings in your phone? After receiving this information we will be able to proceed with the next steps.",Fri Nov 17 12:28:06 +0000 2017
uc_524316,524316,@115873 why does your new UX suck? How come I can not see what the car looks like anymore?!,@241218 Here to help! Send us a note here https://t.co/q9nTldSaC1 so we can assist.,Sat Dec 02 05:15:18 +0000 2017
uc_2665594,2665594,Hey @115873 when are you going to start charging drivers for cancelling on us? I just waited 10 minutes for a driver just to cancel on me,@751010 Sorry for the trouble! Send us a note at; https://t.co/e8HVorX5rh so our team can assist.,Sun Nov 26 22:26:23 +0000 2017
uc_2854334,2854334,@115873 my account has been hacked and i cannot access my australian account as i no longer have my mobile number to verify and query the payments. I have emailed to no response? Please help,@793458 Sorry for the trouble! Send us a DM with your email address so we can connect.,Mon Nov 27 20:25:13 +0000 2017
uc_472519,472519,@115873 @Uber_Support @1285 you have gone down on standards. Last 5 rides it has been harrasment. @151419 shifting to u today onwards,@227524 We're here to help! Send us a DM with your email address and more details so we can follow up.,Fri Dec 01 09:03:18 +0000 2017
uc_1374678,1374678,"@Uber_Support I split a ride with my friend but got charged the full ride of 5.12 instead of half, second time this happens by the way",@389843 Here to help. Send us a note at https://t.co/1xM0TILvAI so our team can connect.,Sat Oct 28 00:21:10 +0000 2017
uc_1868176,1868176,@115873 @Uber_Support Your driver misbehaved. Not only that he also denied to pick me up on my face. I want a written apology from him and action against him. Durgesh TaTa Indigo MP04TA8404,"@558060 Happy to help! Send us a note here, https://t.co/e8HVorX5rh, and our team will follow up.",Sun Nov 26 08:17:37 +0000 2017
uc_697329,697329,@115873 @Uber_Support @119983 I was grossly overcharged for my cash trip. 400 rs extra! Please explain why!,@286383 We're here to help - DM us the email address connected with your account profile so our team can look into this.,Tue Oct 10 17:09:42 +0000 2017
uc_1750579,1750579,@Uber_Support i dont need uber account delete my account,@527544 We've followed up via DM with further questions regarding your concern.,Tue Nov 07 18:48:14 +0000 2017
uc_679090,679090,@Uber_Support Sign in but not able to book ride,@282039 Sorry to hear about the trouble. We just sent you a DM.,Thu Nov 23 16:42:57 +0000 2017
uc_545874,545874,@Uber_Support I’ve done that and nothing,@246908 So sorry about that! Send us a DM with your email address so we can connect right away.,Sat Dec 02 17:23:58 +0000 2017
uc_76179,76179,@Uber_Support I received an email for SF/ Bay area ride pass and when I click on it it says all out!! I’m a college student that needs to go to school for a low price!!!,@133045 Hi there! Please visit; https://t.co/3h8wdQ4EJK for more info. Please let us know if you have any other questions or concerns.,Thu Nov 30 06:32:16 +0000 2017
uc_2852966,2852966,After how many requests or emails should I wait to get my invoice ? @Uber_Support,@793142 Here to help. Send us a DM with your email address so we can assist.,Mon Nov 27 19:57:25 +0000 2017
uc_171848,171848,"@Uber_Support Been trying to get an Uber for 15 minutes. Keep getting ""error processing your request."" Maybe I'll try @115879","@156135 We apologize for the trouble! Send us a note here, https://t.co/xMxswVLBKT, and our team will be in touch.",Fri Nov 24 21:57:20 +0000 2017
uc_2505215,2505215,@115873 my uber promo for 100 off 10 rides till 20 nov is not activating plz fix this issue asap,"@714393 We're here to help! Send us a note here, https://t.co/lqVgKo4ZO3 and our team will be in touch.",Wed Nov 15 21:09:46 +0000 2017
uc_1043294,1043294,@116288 @Uber_Support frm last 4 months I'm booking cabs in Bangalore. But I'm keep getting offers for Mumbai. You want me to go back ? https://t.co/NDZmbyrdhD,@366708 Please DM us with your email so we can take a deeper look into this.,Mon Oct 23 01:13:07 +0000 2017
uc_2162733,2162733,"My friend just got me to sign up to UberEats &amp; she gave me her valid promo code to use for my first order, but any promo code I enter, the app claims the codes as invalid when they most definitely are valid and are typed in correctly. @Uber_Support","@635028 Hi, Stacie. We'd be glad to take a look, please DM us your email address on your account and the promo code in question and we'll follow up.",Thu Nov 09 05:30:15 +0000 2017
uc_872801,872801,@115873 I found an issue with web page report of trips. How shall I claim it?I would like also to claim bad (forced by apps) pickup selection.,@327212 Here to help! Send us a note via https://t.co/u3MyknJaaN so our team can connect.,Fri Oct 20 20:28:55 +0000 2017
uc_2132176,2132176,@uber_support UberEATS rider was too lazy to buzz my apt no. so he cancelled my order 👎🏼👎🏼👎🏼,@627461 Oh no! Please reach out to us at https://t.co/0IjoFxwQvx so we can help.,Thu Oct 19 07:11:32 +0000 2017
uc_785860,785860,"Dear @115873, We agreed on a fare of $19 to take my parents from their hotel to the airport. Why did I wake up to an updated receipt of $56?😤","@190342 Hello Jadine, here to help! Send us a note via https://t.co/wW2bTlNcsR so our team can connect.",Thu Oct 12 09:11:13 +0000 2017
uc_353076,353076,@115873 @Uber_Support I want ur Mumbai driver Ashok Kumar to refund my cash payment because uber is charging me for it too via CC so i have deleted my CC option and paytm option thereafter. __email__ https://t.co/BsEPuYAjHL,@152272 Thanks for reaching out. We understand your concern and apologize for any inconvenience this may have caused. Our team has received your report and will be reaching back out to you as soon as we get the chance.,Sat Nov 25 04:37:33 +0000 2017
uc_1075657,1075657,@Uber_Support My account has the incorrect phone number. I can not change it because it wants to send a verification code to that number....,@373794 Happy to help! Send us a note here: https://t.co/qHlZSjDE9L and a member of our team will reach out asap.,Sat Oct 14 21:40:03 +0000 2017
uc_48524,48524,"@115873 driver just called me a ‘f**king idiot’, so I cancelled ride but got charged, rebooked but missed train. No customer service number??",@126806 We apologize for the trouble! Send us a DM with your email address with additional details and we'll connect.,Wed Nov 01 16:42:07 +0000 2017
uc_728830,728830,@119983 My ride still hasn't started and neither is the driver taking calls?? What is up with the @115873 service? https://t.co/4Qa2HqbIhG,@294582 Here to help! Please send us a note at https://t.co/FDTXFthjTD and we'll be happy to look into this for you.,Wed Oct 11 08:17:30 +0000 2017
uc_1029015,1029015,@115873 why does my driver accept and then drives away??!! https://t.co/4Kp9Z4nAKA,@363476 Sorry to hear about that! Can you please contact us via https://t.co/e8HVorX5rh so our team can connect.,Mon Oct 23 03:50:37 +0000 2017
uc_1454919,1454919,@Uber_Support help me order with uber eats. It will never let me checkout once I have the food in my cart!,@457684 Sorry to hear about this! Send us a DM with your email address and a screenshot of your issue so we can take a look.,Mon Oct 16 15:57:31 +0000 2017
uc_2463411,2463411,There goes our #freedonuts from @148768 The entire @115877 site has crashed... mxm.,@705110 Thanks for reaching out. We're experiencing exceptionally high traffic on the platform from all the users excited about his promotional offer. We appreciate your patience!,Tue Nov 14 14:16:11 +0000 2017
uc_2736521,2736521,Warned by @115877 for “behavior” of reporting food damaged on delivery. This is not “behavior” but unsatisfactorily service rendered. You should not accuse your customers of dishonesty when reporting issues with food delivery!!!! https://t.co/jNCKiE7pGh,@766856 We're sorry to hear this. Can you please send us a DM of your email address so we can look into this?,Mon Nov 20 20:05:17 +0000 2017
uc_2186085,2186085,"Have now tried contacting @115873 customer support via app, email, phone (spoiler alert: there isn’t one) and live chat. Trying Twitter in despair https://t.co/VDlJfAY6DM",@640182 We're here to help! Send us a DM with your email address and more details so we can follow up.,Thu Nov 09 16:45:10 +0000 2017
uc_1275811,1275811,"@Uber_Support You told me to get verification that I have drove for a year, you told me to get my driving record. Done (clean) Still no news","@418638 Here to help, Marcel. A member of our team has followed up via DM.",Mon Oct 16 02:01:51 +0000 2017
uc_2511840,2511840,@21167 heard about your monthly subscription package for UberX and UberPool. Is it for select consumers only? Haven't received an email,@715898 Hi there! Please reach out to https://t.co/QDn91HzZV0 and fill out the boxes at the bottom so we can get in touch.,Mon Oct 30 05:41:08 +0000 2017
uc_1038945,1038945,"@115873 Also, can Uber drivers change the car they’re using regularly on the app?",@365818 Sorry to hear about the trouble! Please send us a message at https://t.co/aQUc0N4pYV with the details and we'll follow up.,Wed Oct 18 09:25:54 +0000 2017
uc_1934305,1934305,@Uber_Support Did I get the cancel fee or no,"@182212 We're here to help, Lukas. If you have questions about someone else's account, please have the account holder reach out to us directly.",Sun Oct 29 03:52:05 +0000 2017
uc_454680,454680,@Uber_Support I had a glitch in the app during an uberpool ride. When I was dropping the first Rider off and I ended the trip the first Riders drop off address was still showing up so I so I ended the trip again but it turned out ending the second trip.,@120180 We can take a look. Send us a note via https://t.co/ZKt0NHVs3P so we can assist.,Thu Nov 30 23:06:17 +0000 2017
uc_1839999,1839999,"@Uber_Support Hi, I was significantly undercharged for my Uber last night. How can I fix this so my driver is paid properly?","@551435 Thanks for reaching out, Hunter. Please us the 'Sign in to get help' link on this page for further assistance: https://t.co/rMyIZ1kWhc.",Tue Oct 17 21:32:42 +0000 2017
uc_669291,669291,Okay @115877 there were multiple missing or incorrect items. When I put in a ticket you responded by asking for a photo of missing items. Do you see something wrong here? I’m gonna let you figure it out. #logicfails #dumbisdumb #fails,@279606 We're here to help! Send us a DM with your email address so we can follow up.,Thu Nov 23 04:42:26 +0000 2017
uc_1964946,1964946,"@Uber_Support Hi there, have messaged with my email address but haven't had anything through yet","@582501 Hello, Lizzy! At this time, we're not able to change driver ratings once they have been entered into the app. Thanks for your patience.",Tue Oct 31 20:36:31 +0000 2017
uc_411167,411167,I was told my lost phone is at Uber HQ in Port Melbourne @Uber_Support so why is it 50km away in Mernda? This driver is a rude liar!!! https://t.co/fIXY696bSy,"@205203 Hi, Craig. We see your DM and will follow up there shortly.",Mon Oct 09 22:05:42 +0000 2017
uc_1663959,1663959,@115873 WTF is wrong with you people? My trip took 1hr and app said we'll check and give you a credit... DIDN'T GET SHIT! Lyft is better serv.,@507154 We're so sorry for the trouble. Send us a note via https://t.co/y4EDPcVZOI so we can assist.,Sat Oct 28 22:25:13 +0000 2017
uc_2797291,2797291,@Uber_Support we did that already I need additional support because that did not work last time,@631907 We're so sorry about that! Please DM us your email address so we can further assist.,Wed Nov 22 00:57:15 +0000 2017
uc_482391,482391,@Uber_Support __email__,"@229724 Thank you for providing that. Happy to help, but we're having a hard time locating your account with the information provided here. Please double check the email address listed in your account setting and get back to us. We'll be sure to follow up.",Fri Dec 01 14:21:10 +0000 2017
uc_271018,271018,@Uber_Support Why haven’t you put a language toggle button in Miami where many drivers can’t communicate with their riders? Can you please answer that?,"@180654 We appreciate the feedback, Steve. We'll go ahead and send this over to the appropriate team for further review.",Fri Oct 06 02:04:06 +0000 2017
uc_2756877,2756877,Hey @115873 your timing sucks. My fiancé requested a ride more than 30 minutes ago and your driver is just sitting there. Your app says he should be home in 14 minutes and yet your driver is 10 minutes away #badcustomerservice,@771561 Due to our privacy policy we're not able to address these concerns over social. Please have the account holder (or the person you're writing in for) contact us at https://t.co/u3MyknJaaN so we can assist them further. Please let us know if you have any other questions.,Tue Nov 21 02:48:53 +0000 2017
uc_1860750,1860750,Booked an Uber with a quote $74-$101. After the ride I was charged $285. The only method of support is email and useless @Uber_Support,"@556198 Hey there, Heather. We can certainly take a look into this trip for you. Please DM the email address to your Uber account so we can connect.",Thu Oct 19 16:41:22 +0000 2017
uc_2321460,2321460,@115877 shocking service yet again. Wrong order and no way to contact you.,"@672726 We're here to help, Lauren! Please send us a DM with your UberEATS account email address and phone number.",Thu Oct 19 23:30:44 +0000 2017
uc_2711966,2711966,Is there any way to actually SPEAK to an @115873 contact? I did not realize how ridiculous the system is until now!!!,"@761407 At this moment, we don't offer phone support for these issues. We're sorry for any inconvenience. Visit this link https://t.co/QDn91HzZV0 so our team can assist.",Mon Nov 20 02:24:37 +0000 2017
uc_1087899,1087899,@115873 Pretty certain the Ride Service signs at LAX changed and the Uber app doesn’t reflect the right info. Ie. T5-6 is Ride Service E NOT D,@376629 Happy to help! Send us a note via https://t.co/FF2YGTGjuA so we can assist.,Fri Oct 13 17:54:54 +0000 2017
uc_2830164,2830164,"@Uber_Support I went to the form and what exactly do you mean by ""trip id""? I do not see any trip id on my trip history nor any other unique identifier.",@788111 Happy to help! Please confirm your email address or phone number through direct message so we can further assist.,Mon Nov 27 12:52:25 +0000 2017
uc_1934873,1934873,@Uber_Support Please reply to my Problem please call me at 929-437-9625 i tried sending you a complain on a Driver @ __email__,@575694 We did not locate any support messages from your account. Send us a note at https://t.co/balq3Eyso6 and a member of our team will follow up.,Sun Oct 29 05:34:40 +0000 2017
uc_1713193,1713193,@115877 we were brought the wrong food 😭 🆘,@518887 We're currently reviewing your email and will be in touch shortly. We appreciate your patience!,Tue Nov 07 02:13:34 +0000 2017
uc_1464405,1464405,@Uber_Support definitely not happy with the service that I received from support this afternoon. My party was charged a cancellation,@459910 We can take a look on these. Kindly send a note here: https://t.co/JyzdtQmyxT so we can connect.,Thu Nov 02 19:04:47 +0000 2017
uc_1087821,1087821,@Uber_Support Yeah! It's __email__,"@376607 Hi, Marissa. We'd advised you to delete the tweet with your email info to protect your security. We've seen your DM and will respond soon.",Mon Oct 23 19:04:59 +0000 2017
uc_1226666,1226666,"@Uber_Support Trip canceled by ""the restaurant""calling them and its not the restaurant,called the assistance, they hung up after 1mn. WTFWTF","@407782 Here to help! In order to further assist you, we'll need you to send us a note at https://t.co/balq3Eyso6.",Wed Oct 25 18:56:38 +0000 2017
uc_2167330,2167330,"@Uber_Support @115873 My dad's account was hacked and used to book Uber cab in U.S while we stay in India. His cc was billed, please close his account so this won't happen in future.",@635996 Due to our privacy policy we're not able to address these concerns over social. Please have the account holder (or the person you're writing in for) contact us at https://t.co/kGIXas5Cxg so we can assist them further. Please let us know if you have any other questions.,Thu Nov 09 08:47:02 +0000 2017
uc_522692,522692,Hey @115873 is there a way to request car seats for kids? Asking for a friend...,@240736 Happy to help Eric! Find out more info here; https://t.co/B7TnONYqlo,Sat Dec 02 04:02:39 +0000 2017
uc_2281810,2281810,@Uber_Support Not heard a reply about does your driver want his personal property back? @115873 @115877,@663258 Here to help! Please DM (direct message) us your email address so we can assist. Thanks!,Wed Nov 29 08:01:03 +0000 2017
uc_1296363,1296363,@115877 Im Sick Of Receiving The Wrong Food 😑,@423009 We're sorry to hear this was your experience. Contact us via https://t.co/Tq0sPMsSdu and we'll be in touch.,Thu Oct 26 21:49:32 +0000 2017
uc_2040664,2040664,I re-added @115873 only to once again start getting charged when drivers cancel on ME. Please fix your system. Also 3 cancellations in a row is not OK. https://t.co/HAmyH7PNL5,@603384 We're sorry to hear this was your experience. Please send us a DM (Direct Message) with your email address with details so we can follow up.,Tue Nov 07 23:49:00 +0000 2017
uc_952649,952649,@115873 Or in Romania your driver's they just give 1 star to almost any ride so the rating gets to be useless!!!,@480929 We can definitely take a closer look! Please send us the email address connected to the account so we can further assist you.,Tue Oct 17 05:12:05 +0000 2017
uc_1136828,1136828,@Uber_Support in no way could the meal have already been made. Now I have a meal I don't want because of an accident,@387805 Here to help! Send us a note via https://t.co/EGiaYE5JMU so we can help.,Sat Oct 28 17:15:50 +0000 2017
uc_251600,251600,@Uber_Support You sent me email regarding my issue with a vague response,@175815 Happy to clarify - our team has reached out to your support message. Please connect with us there if you have additional questions.,Fri Oct 06 13:37:23 +0000 2017
uc_2167292,2167292,Another horrible experience with .@115873 Support Iza just told me it is my choice to waste my time when it comes to an Über known issue.,@635984 Sorry for the trouble. Can you please send us a DM with your email address and additional details so we can follow up?,Thu Nov 09 09:24:09 +0000 2017
uc_1318329,1318329,Congrats @115873! Customer for yrs &amp; finally convinced to delete after u charged $5 bc ur driver sat in parking lot waiting for me to cancel,@427890 Happy to take a look! Send us a note via https://t.co/JyzdtQmyxT so our team can connect.,Fri Oct 27 08:21:15 +0000 2017
uc_523543,523543,@Uber_Support if you are going to run a social media account you should know I can't direct message you if you don't follow me,"@240982 Hi, David. Please use this link to send us your account details via DM and we'll reach back out as soon as possible. Thanks for your patience. https://t.co/sd7yH5AX3h",Sat Dec 02 05:26:52 +0000 2017
uc_1658367,1658367,@Uber_Support My ubereats driver got the wrong order and said he'd go back and fix it and never came back,@505973 Here to help! Send us a note here https://t.co/hVMgTsth35 and our team will be in touch.,Mon Nov 06 04:18:15 +0000 2017
uc_2599143,2599143,@115873 has me so fucked up lol why would he accept my ride and then stop for gas? https://t.co/WxfGWe8f95,"@735826 Happy to help! Send us a note here, https://t.co/e8HVorX5rh, and our team will follow up.",Fri Nov 17 06:04:19 +0000 2017
uc_1777921,1777921,Search bar in the @115873 app is painfully slow to react to focus / user input. Also seems to not remember my last pickup spot 🤔 @11716,@534197 Here to help! Send us a note here; https://t.co/u3MyknJaaN and our team will be able to assist!,Sat Oct 28 23:52:27 +0000 2017
uc_1561531,1561531,"@Uber_Support How u idiot can assign a vehicle, which is already on trip...n hw u can deduct cancellation fee...r we fool idiot",@482389 Here to further assist you! Send us a DM with your email address so we can follow up.,Sat Nov 04 09:42:54 +0000 2017
uc_1290492,1290492,@115873 how long unil you accept prepaid cards?,"@231882 Happy to follow up, Alexis. Can you please send a note our way via https://t.co/3f8jJGtFfT?",Thu Oct 26 19:43:41 +0000 2017
uc_2266497,2266497,Update: I left my dead phone in my @115873 @Uber_Support https://t.co/87CYIpZHZR,"@659715 Hi, Joshua. Our team works to respond to each individual inquiry in the order which they are received. We see your outreach and a member of our team will be following up to assist as soon as possible.",Sat Nov 11 08:12:43 +0000 2017
uc_2452250,2452250,"@702644 @115877 LMFAOOOOO mama they charged me twice for an order and didn’t wanna return my money, they gave me some policy bs. don’t order from them.",@631651 We'd like to look into this. Please DM us the email address associated with your account and we'll follow up.,Sun Oct 29 17:23:36 +0000 2017
uc_958431,958431,@115873 THIS MEATBALL CHARGED ME $50 FOR A RIDE THAT HE NEVER PICKED ME UP ON!!!,@347412 We're sorry to hear this was your experience. Contact us via https://t.co/e8HVorX5rh and we'll be in touch.,Sat Oct 14 02:26:47 +0000 2017
uc_2279265,2279265,@115873 2 different persons are using same driver account by changing profile pictures. Do you allow it? Please investigate https://t.co/rGji7OJw2d,"@662674 We want to get in touch, Nafis. Can you please send a note our way via https://t.co/sKZsBXPxp7?",Thu Oct 19 18:46:13 +0000 2017
uc_2588769,2588769,@Uber_Support Just got a call from a restaurant asking me to cancel my @115877 order because they don't have what I ordered. Can you help?,@200674 We're here to help! Please visit for more info; https://t.co/BjBRiTu5jM.,Mon Oct 30 17:55:13 +0000 2017
uc_915289,915289,"@Uber_Support trying to get an invoice and your instruction do not correspond to what shows on the website, how do I get it? in Mexico City","@337334 We're happy to point you in the right direction, David. Please connect at https://t.co/VhiE1YlA72 and we'll be in touch shortly.",Tue Oct 10 16:42:35 +0000 2017
uc_2961901,2961901,@Uber_Support We have been emailing back and forth. Nobody is helping at all.,@816031 We can definitely take a look! Send us a DM with your email address so we can follow up.,Wed Nov 29 21:21:24 +0000 2017
uc_19582,19582,"@Uber_Support Are you guys active in resolving passenger issue ? Or just in promoting urself as "" apni gadi samjho "" campaign?",@218054 Please send us a DM with your Uber account email address and phone number so we can follow up. https://t.co/sd7yH5jmbJ,Tue Oct 10 15:25:17 +0000 2017
uc_410124,410124,@115873 ok so 15 min after being charged for a 6 min wait.,"@212825 Here to help! Please DM us your email address and provide more details about your concern, so we can further assist.",Mon Oct 09 23:36:52 +0000 2017
uc_2162688,2162688,@Uber_Support Why loot the people by introducing the flat fare ride pass when you people cannot commit to your own terms and conditions? Utterly disappointed. No wonder why I am starting to prefer @1143 more often.,@635013 Here to help. Send us a note at https://t.co/FKBK5sbwQh so our team can connect.,Thu Nov 09 06:27:47 +0000 2017
uc_467561,467561,@Uber_Support whats going on been going back and forth for 3 days about my account after being told on 4 seperate occasions you fixed whatever the issue was its still not working i have sent all nessacrary info now wtf,@226289 Happy to help. Please send us a DM of the email address connected to your account and more details so we can further assist.,Fri Dec 01 05:44:09 +0000 2017
uc_1806436,1806436,@Uber_Support i recently got a new phone. i went to make a new uber acct and it says my new number is already in use. won’t let me sign up!,@542729 Thanks for reaching out. You can update your existing account if you have one. DM us with the phone number and we can take a closer look.,Mon Oct 16 14:11:58 +0000 2017
uc_1316183,1316183,"@Uber_Support Clearly you are never going to call me. Therefore, in my personal opinion, stealing my credit.",@427464 You must order a meal for your credit to be applied. You can visit https://t.co/OSXElQ1nf3 to learn how to order.,Thu Jun 22 19:47:58 +0000 2017
uc_608197,608197,@Uber_Support I was charged unfairly for a cancellation last night. The reason is not listed on your app - pls contact me,"@264554 Happy to help! Send us a note here, https://t.co/h840Iouehc, and our team will follow up.",Wed Nov 22 12:20:14 +0000 2017
uc_1970344,1970344,@Uber_Support hey my mom left her phone in a car from early this morning and doesn’t have a way to get it back. Can you help,"@583673 Due to our privacy policy, we will have to speak directly to the account holder. Please have them contact us via https://t.co/rOtqyWzf0B",Tue Oct 31 17:21:56 +0000 2017
uc_1167876,1167876,#ThingsITrustMorethanFOXNews Drunk Uber drivers offering to take me through downtown NYC at rush hour.,@394703 We take this very seriously. Please send us a DM with your email address so we can connect ASAP.,Tue Oct 24 18:22:36 +0000 2017
uc_2502273,2502273,@Uber_Support why would your drivers knowingly deliver cold food from a hot food location?,@713724 Here to help. Send us a note at https://t.co/qLzKaGyBbG so our team can connect.,Mon Oct 30 03:12:15 +0000 2017
uc_1197990,1197990,Omg I HAVE TO RANT about uber eats.,@401477 We'd like to look into this. Please DM us the email associated with your account and we'll follow up.,Wed Oct 25 03:14:23 +0000 2017
uc_1619443,1619443,@Uber_Support HI NO ONE IS RESPONDING TO ME ON THE APP SO ??????? THIS IS LITERALLY SO ANNOYING. I'M HUNGRY,@496429 Sorry to hear about that. Can you please send us a DM with your email address? From there we'll be able to assist further.,Sun Nov 05 16:33:35 +0000 2017
uc_2130215,2130215,@115873 3 cancellations from drivers and now it's been looking for a new ride for over 10 mins!! Wtf is going on?!?!,@180476 Here to help! Send us a note via https://t.co/e8HVoseGiP to assist you further.,Thu Oct 19 07:28:44 +0000 2017
uc_2810782,2810782,@Uber_Support now I know Uber is aware of the hundreds of driver that have been banned from Detroit Metro Airport because it made the news I am one of the drivers that have been banned for no reason https://t.co/WI7G75D042,@718766 We're here to help! Send us a DM (direct message) with your email address so we can connect.,Wed Nov 22 07:05:42 +0000 2017
uc_1070223,1070223,@372533 @Uber_Support Is this not fraud? Disgraceful service!,@372534 So sorry about the trouble! Please send us a DM with your email address so we can connect.,Mon Oct 23 16:01:45 +0000 2017
uc_686968,686968,Booked #UberGo at INR 149 yesterday. Was billed INR 335 though I ended my trip 2 kms before destination point ! Innovative way of cheating by @115873 @Uber_Support @116276 is it ethical &amp; do you approve it ? Sad state of affairs under your leadership.,@284029 Sorry to hear about the trouble. Please follow up with us using the link provided below. A member of our team will be able to take a closer look at this for you. https://t.co/rMyIZ1kWhc,Thu Nov 23 13:32:36 +0000 2017
uc_1589449,1589449,"@Uber_Support @Uber_Support absolutely shocking service from you yet again driver took 30mins, our food was stone cold, he refused to take it back","@488748 Sorry to hear about the trouble, Laura. Please have your boyfriend reach out at https://t.co/UuEqrZQbvE so we can follow up.",Tue Nov 07 20:43:23 +0000 2017
uc_1481207,1481207,@Uber_Support Hey! Why dont you have a phone number people can call? The app isnt always enough. Who can I contact about an issue?,"@463923 At this moment, we don't offer phone support for these issues. We're sorry for any inconvenience. Visit this link https://t.co/balq3Eyso6.",Fri Nov 03 07:52:52 +0000 2017
uc_2544070,2544070,@115873 your driver has not yet showed it's been 20 minutes I'm going to cancel and dispute the charge I'm not paying you guys 10 euros for him not showing up,@265948 We're here to help! Please send us a note via https://t.co/e8HVorX5rh so we can connect.,Thu Nov 16 13:29:18 +0000 2017
uc_350809,350809,@Uber_Support That link is for partners? I cannot understand how we have been charged. We literally just rode. No mess. C'mon Uber please help us out,"@199465 Sorry to hear about the troubles, SImon. Please send us a note at https://t.co/k0r0Fj18wo so we can look into this for you.",Sun Oct 08 10:54:37 +0000 2017
uc_2866539,2866539,@Uber_Support Can I get a ride to a rifle range? Rifle can ride in the trunk.,@796154 Hi there! Find more info here; https://t.co/WO53LpeQOR. Please let us know if you have any other questions or concerns.,Tue Nov 28 00:27:33 +0000 2017
uc_2599145,2599145,@115873 where do i fail a complaint regarding the fact that the driver canceled on me and I’M the one who has to pay RM5?,@735827 Here to help! Send us a note here; https://t.co/e8HVorX5rh and our team will be able to assist.,Fri Nov 17 06:00:14 +0000 2017
uc_915291,915291,@Uber_Support @38136 awesome service last night! Can’t believe @115877 can get u so wrong,@337335 We want to follow up. Please provide us with the email address to your account and details via DM and a member of our team will follow up.,Fri Oct 13 14:33:06 +0000 2017
uc_1827815,1827815,@115873 need to contact any executive urgent please provide the number,"@428000 We apologize, at this moment, we don't offer phone support for these issues. Visit this link https://t.co/balq3Eyso6 so our team can assist.",Tue Oct 17 11:16:04 +0000 2017
uc_1790508,1790508,@115873 how is someone supposed to contact you when you leave critical health devices in a car and the driver’s phone is disconnected???,@537845 here to help! Send us a note via https://t.co/oY5vj3NqP3 so our team can connect.,Sat Oct 28 07:23:39 +0000 2017
uc_2846386,2846386,"@Uber_Support I’m very angry right now. You charged me for a full fare after I cancelled a trip. The $5 is fine, but the full charge isn’t. 1/",@791677 Here to help! Send us a note via https://t.co/wW2bTlNcsR to assist you further.,Mon Nov 27 17:58:23 +0000 2017
uc_2668794,2668794,@Uber_Support Why I am charged ₹52.50 for ride that was cancelled because of driver on 24/10/2017,@751705 Our team is reviewing your email now and will be in touch. We appreciate your patience.,Sun Nov 19 10:27:26 +0000 2017
uc_1378773,1378773,@115873 for having one of our drivers cancel on me when they were literally outside my house fucking fabulous😒🖕,"@440981 Here to help! Send us a note here, https://t.co/593jusCquh, and our team will follow up.",Sat Oct 28 03:03:50 +0000 2017
uc_2047680,2047680,@Uber_Support my fare was increased for no apparent reason. Destination not changed. No waiting. No traffic,"@605566 Let's take a closer look into this trip for you, Piyush. Please head on over to https://t.co/Won48KGA87 so we can follow up directly.",Thu Oct 05 10:52:46 +0000 2017
uc_2799558,2799558,@Uber_Support Please can u help look into my account. I can t see log in I have uploaded my renewed driver license and yet can am not driving yet,"@739066 We've followed up with you via DM, be on the look out for our response.",Fri Dec 01 04:30:39 +0000 2017
uc_235553,235553,@115877 I was totally astounded by your service but not anymore. I ordered in BLR but it says looking for a delivery person since 40 mins. https://t.co/uZlb6Iu1nC,"@172102 Hi Ravi, did you receive your order? Please DM us your email address on your account if we can be of additional follow up.",Thu Oct 05 10:04:49 +0000 2017
uc_510443,510443,@115873 Why was I picked up in a car that had no signage at all they were with Uber?,@237272 Here to help! Please send us a note at https://t.co/z33D4A8p40 and we'll be happy to look into this for you.,Fri Dec 01 22:45:43 +0000 2017
uc_2409590,2409590,My @115877 @148768 order was cancelled! I was so close! Why give me such false hope 😞 what a let down... It's like the Star Wars Prequels all over again! https://t.co/5Fd4KqCn1x,"@161525 We’re sorry to hear that, Vic. Please try and re-order again. If you would like us to look into it, send a note through the ""Help"" section in the UberEATS app.",Tue Nov 14 14:37:39 +0000 2017
uc_970312,970312,Please dm me back @Uber_Support,@350261 Here to help. Send us a note at https://t.co/rOtqyWzf0B so our team can connect.,Sun Oct 22 07:17:31 +0000 2017
uc_522653,522653,@Uber_Support How much data is needed to use the Uber app as a passenger? It's not working with a 200MBs package,@240727 Happy to help! Please reach out to https://t.co/zUe0djo9gv and fill out the 4 boxes at the bottom so we can get in touch.,Sat Dec 02 04:23:14 +0000 2017
uc_988928,988928,@Uber_Support No matter what I do the app won't recognize my number. No matter how often I resend the code nothing arrives...,"@354309 Sorry to hear about the troubles, Mitch. Please send us a note at https://t.co/7noMs7ap6M so we can look into this for you.",Sun Oct 22 12:29:09 +0000 2017
uc_797670,797670,@Uber_Support how do I remove a profile,@310176 Happy to help. Please visit https://t.co/LECWe2nuKg for further assistance deleting your profile.,Thu Oct 12 09:43:35 +0000 2017
uc_345699,345699,@Uber_Support @198269 funny how driver is waiting in the wrong place and I get charge the late fee,"@198270 That doesn't sound right, Alberto. Please send us a note at https://t.co/593jusCquh so we can look into this for you.",Sun Oct 08 09:43:42 +0000 2017
uc_19642,19642,@Uber_Support unfair from uber unnecessarily @Uber_Support charged 42 + 50 rs as cancellation fee for number : 9441976489. very bad customer care no use,"@502771 Hi, Dileep! We've located your inquiry and a member of our team has reached out with more information via in-app support.",Sat Sep 16 02:35:55 +0000 2017
uc_414975,414975,@Uber_Support does the £10 off your first journey come off automatically when i get charged for the journey?,"@213952 Any promotions you've added to your account will apply at the end of the trip, yes. If you have any further questions, please let us know.",Sat Oct 07 17:16:22 +0000 2017
uc_465232,465232,@115873 is it posible the charges from my side and drivers differ,@225663 We're here to help! Send us a DM with your email address so we can follow up.,Fri Dec 01 04:08:57 +0000 2017
uc_1922543,1922543,@Uber_Support your service in Madrid has recently been consistently disappointing,@572338 We're here to help! Send us a DM with your email address so we can connect.,Thu Nov 30 19:33:27 +0000 2017
uc_2583270,2583270,@Uber_Support Had a great ride with my driver Eddie but the trip showed canceled on his side and never picked up on my side. I ended up canceling but want to make sure Eddie gets paid. Please contact me to resolve. Not fair to hardworking drivers.,@732064 Here to help! Contact us here; https://t.co/u3MyknJaaN so we can take a closer look.,Thu Nov 16 23:32:21 +0000 2017
uc_91586,91586,@Uber_Support Will u reply,@131440 We're sorry to hear about the delay. We've found your request. It's definitely in there and someone from our team will get back to you as soon as possible.,Fri Dec 01 05:06:53 +0000 2017
uc_2972933,2972933,"@Uber_Support hey, i signed up to be an uber driver. my application status is Onboarding it's been like that for 3 weeks. how can i fix it?!",@819947 Here to help! Send us a note at; https://t.co/tv4psVy8sr so our team can assist.,Thu Nov 30 01:23:35 +0000 2017
uc_362526,362526,@115873 I have a technical question as a driver: will I be compensated for my time when I received false information about a concert? https://t.co/QHEBSostAA,@201867 Here to help. Please send us a note at https://t.co/ZKt0NHVs3P so our team can connect.,Sun Oct 08 17:44:06 +0000 2017
uc_1848181,1848181,I have never been so dissatisfied with @Uber_Support you would think they will refund me some money after I had 2 bad experiences in a row,"@553455 That's not the experience we want you to have, Andregina. Please DM us your account email and we'll get another set of eyes on this.",Thu Oct 19 20:51:07 +0000 2017
uc_2420355,2420355,How not to run a promotion #UberEats #KrispyKreme https://t.co/Hwch32nOtb,@695272 We're so sorry you didn’t get your free Original Glazed Dozen box. Demand was through the roof and stocks ran out. Stay tuned for more fun promotions soon!,Tue Nov 14 14:53:09 +0000 2017
uc_889544,889544,@Uber_Support Yeah I tried that already so I took to good ole Twitter.,@331187 Oh no! Please DM us the email linked to your account so we can look into this for you. We look forward to your response.,Fri Oct 20 23:45:38 +0000 2017
uc_507328,507328,Hey @Uber_Support do your customer service reps bother actually reading the content of email complaints or do you just send our canned responses?,@236452 We're sorry to hear this was your experience. Please send us a DM (Direct Message) with your email address with details so we can follow up.,Fri Dec 01 21:49:51 +0000 2017
uc_2692877,2692877,@Uber_Support I would love a direct line of communication that’s what i’m asking for😓 i am waiting for one to be established.,"@756927 We see you've been able to connect with our team who's currently looking into this, Lua. Please be sure to keep an eye on your support thread for our follow up. Thanks for your continued patience and cooperation.",Sun Nov 19 18:44:23 +0000 2017
uc_573180,573180,@115873 $47 to get here. $180 to go home. I️ understand revenue management but you can go fuck yourself on this one. Loyal customer now pissed... https://t.co/pNoFeombeX,@254709 Here to help! Find out more info here; https://t.co/kkAwlbpH4B,Sun Dec 03 05:24:42 +0000 2017
uc_1222726,1222726,"Almost got in a car accident with an @115873 car during Oktoberfest, they were taking a free right without checking across the street 1st!",@406919 We're here to help! Send us a DM with your email address so we can follow up.,Wed Oct 25 15:47:42 +0000 2017
uc_676270,676270,@115873 @Uber_Support @30733 asking fr repayment even after successful pymnt nd ur sprt team is nt responding frm lst 3dys. totally unexpected services uberIndia. look into ds mtr ASAP.,@281313 So sorry about the trouble! Please send us a DM with your email address and more details so we can connect.,Thu Nov 23 11:15:01 +0000 2017
uc_2110942,2110942,"@115873 make sure your drivers actually know how to drive, almost died a couple of times tonight",@622690 We're sorry to hear this was your experience. Contact us via https://t.co/IeSxT5cVHC and we'll be in touch.,Sun Oct 29 03:20:45 +0000 2017
uc_1558867,1558867,"@Uber_Support Just submitted a note with driver info. I've attached it as well. Between your network error and my driver, this AM was a living hell https://t.co/T1bZPB09ok",@481764 We're here to help! Send us a DM (Direct message) with your email address so we can assist.,Sat Nov 04 14:10:40 +0000 2017
uc_1237681,1237681,@115873 how to I change a rating. App crashed could not give my driver the 5 star she deserves,@410327 Find out more info about changing the rating of your driver here: https://t.co/M1RhRwgiRE,Thu Oct 26 01:41:19 +0000 2017
uc_1019793,1019793,Hey @13644 I accidentally gave a guy 1 star and I feel pretty bad. My dude deserved 5 stars. Can you change it?,@361292 Happy to help - please check out https://t.co/M1RhRwgiRE for additional assistance.,Sat Oct 14 15:24:15 +0000 2017
uc_290577,290577,@115873 @Uber_Support @119983 Troubled by a spate of #overcharging on my wife's account recently on some flimsy pretext or the other.,"@185204 We're happy to review the charge, just have the account holder visit https://t.co/Won48KGA87 to connect with us.",Fri Oct 06 15:41:19 +0000 2017
uc_8583,8583,"@Uber_Support just got kicked out of this guy’s car because he didn’t want to drive me home. Insult to injury, you charge me $7. #uberfail https://t.co/pJZuJmyyEj",@117512 We take this very seriously. Please send us a DM with your email address so we can connect ASAP.,Tue Oct 31 23:22:24 +0000 2017
uc_1805203,1805203,"I’m not going to wait for you 9 minutes, my @115873 not-to-be Ali. Don’t you even dare to finish a ride nearby, Ali, then make all those turns",@372328 We're here to help! Please send us a note via https://t.co/e8HVorX5rh so we can connect.,Wed Oct 18 00:48:43 +0000 2017
uc_1268715,1268715,@Uber_Support any ideas how to fix this? https://t.co/5CaDb76OAR,@417069 Here to help! Send us a note via https://t.co/xMxswVLBKT so we can help.,Sat Nov 25 12:18:18 +0000 2017
uc_559925,559925,When your @115873 driver misses the exit why should I have to pay for the extra miles?! 🤬🤯,"@178044 Sorry for the trouble! Send us a note here, https://t.co/Won48KGA87 and our team will be in touch.",Sat Dec 02 22:01:12 +0000 2017
uc_2145884,2145884,"@115877 yall wrong for not giv8ng refunds wheb orders aunt right, dont use them people",@333347 We're here to help! Send us a DM with your email address so we can follow up.,Wed Nov 08 23:36:09 +0000 2017
uc_909648,909648,"@115873 @Uber_Support I’ve been having trouble with app for 3 days, using @115879 instead. Have reinstalled app, still not working. Plz help? https://t.co/ByRQqihTsr","@336062 Here to help, Emily! Please DM us your email address and we'll connect. https://t.co/sd7yH5jmbJ",Fri Oct 13 18:31:15 +0000 2017
uc_740751,740751,@Uber_Support @115873 Charged me $140 for a $90 ride. This was after quoting me $65 for the ride.,"@297160 Let's take a closer look at this for you, Trevir. Please DM us your email address and issue details; we'll follow up.",Fri Oct 06 21:38:32 +0000 2017
uc_2817438,2817438,@Uber_Support there is some issue with Bill receipt it's overcharged,@194885 Here to help! Send us a note at https://t.co/IJyXXAn11f so our team can connect.,Mon Nov 27 04:20:02 +0000 2017
uc_2973948,2973948,@115873 but i need a ride pass,"@820198 If you're selected, you'll receive an email giving you the option to purchase. Please look for the option to purchase in upcoming months.",Thu Nov 30 00:55:44 +0000 2017
uc_533521,533521,@Uber_Support why are u charging me before our driver has even arrived?!,@243580 Here to help! Follow up here; https://t.co/e8HVorX5rh and our team will connect right away.,Sat Dec 02 11:49:05 +0000 2017
uc_2718116,2718116,Been dealing with an @115873 glitch all day &amp; they've only made it worse.Won't fix my only means of an income after disability. Thanks @Uber_Support,@762857 Here to help! Please send us a note at https://t.co/ZKt0NHVs3P and we'll be happy to look into this for you.,Mon Nov 20 07:22:41 +0000 2017
uc_1399987,1399987,"@Uber_Support Thank you very much for Swift response. Just to bring you in surprise, i am not able to use this service as app says ""not allowed in Delhi""",@445526 Please connect with us at https://t.co/qHI8xcWfiW and a member of our team will follow up.,Sat Oct 28 17:02:11 +0000 2017
uc_2904396,2904396,@Uber_Support can i use an @115873 Gift Card for @115877 ?,@804345 Here to help. Kindly send a note at: https://t.co/R8Xm8a7StU so our team will get in touch.,Tue Nov 28 19:16:22 +0000 2017
uc_1241841,1241841,Hey @115873 your driver just kicked us out for no reason,@411306 This is unacceptable. Kindly send a contact information with email address via DM so we can connect.,Wed Oct 25 22:25:58 +0000 2017
uc_842634,842634,@Uber_Support Let me know how to proceed via dm?,@320413 Looks like our team has connected with you via our in app support. Please follow up there if you have any questions.,Fri Oct 20 13:53:35 +0000 2017
uc_2266484,2266484,@203200 @Uber_Support contact me for how terrible support is! They block you!!!,@659710 We've received your DM and a member of our team has reached out. Please review your messages for our response.,Sat Nov 11 08:24:49 +0000 2017
uc_63235,63235,@Uber_Support ??,"@130511 Thank you for that info, Ghadoor. Can you please send us a DM with the screenshot of that email you received?",Wed Nov 01 21:49:16 +0000 2017
uc_77658,77658,@Uber_Support please help me use my new account!!,"@133302 Hi, Ale. A member of our team has reached out so please check your email inbox to see our response. If you have any additional questions or concerns, please be sure to follow up there so we can help.",Thu Nov 30 07:20:29 +0000 2017
uc_1151926,1151926,@115873 if the driver isn't really moving on gps their shouldn't be a cancellation fee. Another scam government should look into this.,@391090 We're sorry to hear this was your experience. Please send us a note via https://t.co/w7r2O6dMbU and we'll be in touch.,Tue Oct 24 14:58:56 +0000 2017
uc_594062,594062,"@Uber_Support can you maybe not charge me for no reason EVERY single time I take an Uber?? that would b really cool. also, I want my money back. thanks",@260707 Here to help! Send us a note via https://t.co/1xM0TILvAI so our team can connect.,Sun Dec 03 17:59:18 +0000 2017
uc_114609,114609,I'm late for thanksgiving and my nephew's first birthday. Please tell me how @115873 can explain to a toddler that there's no cake at his birthday party because it's been sitting here with me for 2 hours waiting for a car. https://t.co/OALTvrU949,@140689 We're so sorry about that! Please send us a DM with your email address with details so we can connect.,Thu Nov 23 21:04:47 +0000 2017
uc_2051521,2051521,@115877 what’s happened to your app it says I can’t order pizza any pizza in East London?!,"@606694 So sorry for the trouble, Rhea! Our team is aware of the issue, and we're working to get back up and running as quickly as possible.",Thu Oct 05 19:12:32 +0000 2017
uc_1850479,1850479,"Hey @2006, would like confirmation as to whether or not my driver should be on the phone because almost just went through the windshield","@348095 We need to connect, Mel. Please head over to https://t.co/IeSxT5cVHC so we can follow up with the appropriate team. We'll connect there.",Wed Oct 18 22:21:46 +0000 2017
uc_1372054,1372054,Why do I have to get a non enlgish speaking person everytime I order @115877 lost my appetite giving directions in Spanglish 👎,@439332 Here to help! Send us a note here https://t.co/hVMgTsth35 so we can further assist.,Fri Oct 27 23:42:59 +0000 2017
uc_150070,150070,Is waiving off cancellation fees is a resolution to 30min time i spent on road waiting for @115873 cab is this your resolution. I have been waiting on road since 6.30 with my mother took #ola and reached by 8.30 @Uber_Support,@148940 We see your DM and will be in touch shortly!,Fri Nov 24 15:16:14 +0000 2017
uc_1079523,1079523,@115873 I'm in an uber and the driver I have literally almost crashed 3 times (including almost running a man over) and is not using any turn signals...,@374634 We apologize for the trouble! Send us a DM with your email address with additional details and we'll connect.,Sun Oct 15 01:34:01 +0000 2017
uc_2177774,2177774,@Uber_Support Been there. Done that. The same issues always arise.,@603972 Thanks for following up! Please send us a DM with your email address so we can take a closer look.,Thu Nov 09 13:57:21 +0000 2017
uc_764280,764280,@Uber_Support looking for help updating phone number on driver account. can you help? email __email__,@302654 Please write us a note at https://t.co/ZKt0NHVs3P so we can sort this out for you.,Wed Oct 11 19:46:56 +0000 2017
uc_2312596,2312596,"Had an absolute nightmare with @115873, sort it out. Seriously.",@670657 We're here to help! Send us a DM with your email address and more details so we can follow up.,Sun Nov 26 16:13:46 +0000 2017
uc_2697767,2697767,@Uber_Support I've only been trying to go grocery shopping since 2 I thought uber would be quick but apparently not 😤😤😠😤,"@602714 Hello, Desirae. We've gone ahead and followed up with you via DM regarding this matter.",Tue Oct 31 20:38:28 +0000 2017
uc_2135806,2135806,@115873 how on earth do you not have a contact number in 2017!?,"@628335 At this moment, we don't offer phone support. We're sorry for any inconvenience. Please send us a note via https://t.co/dInR3racif",Wed Nov 08 21:02:28 +0000 2017
uc_724664,724664,@Uber_Support #uber is the worst!!!!!,@290877 We've sent you a DM.,Wed Oct 11 13:15:39 +0000 2017
uc_2600283,2600283,Nothing like waiting an hour for @115877 to deliver McDonald’s.,@168738 Here to help! Send us a note via https://t.co/aZ6Ktyb1LN so our team can connect.,Fri Nov 17 06:55:27 +0000 2017
uc_804091,804091,Dear @115873 it’s ridiculous I can’t get an actual refund for two cancellations...,@311623 We can take a look! Please send us a note here: https://t.co/QsI1vsvcif we'll be happy to look into this for you.,Sun Oct 08 12:00:03 +0000 2017
uc_2638517,2638517,@115877 I'm confused by this response... To address concerns like this... Or to address my concerns? https://t.co/UuH7uxpgFs,@744653 We're here to help! Send us a DM with your email address and more details so we can follow up.,Fri Nov 17 21:07:00 +0000 2017
uc_2470228,2470228,@115873 how many active drivers have been working in Liverpool over the last 4 weeks,@706584 Hi there! Please reach out to https://t.co/zUe0dj6yoX and fill out the 4 boxes at the bottom so we can get in touch.,Wed Nov 15 10:49:03 +0000 2017
uc_1106592,1106592,@Uber_Support Either solve the issues with my account or please clear me that weather it will b cleard or not,"@381160 Hey, Arman. Please send us a Direct Message for an update regarding your concern. https://t.co/sd7yH5jmbJ",Sun Oct 15 09:17:33 +0000 2017
uc_2217804,2217804,"My uber Driver is currently falling asleep at the wheel, thank you @115873 for always providing me with attentive, efficient drivers 😐",@647946 We take this very seriously. Please send us a DM with your email address so we can connect ASAP.,Thu Oct 19 15:11:31 +0000 2017
uc_2974998,2974998,"@uber_support order for uber eats delayed more than one hour, restaurant says food is ready but system issue?",@820477 Here to help. Send us a note at https://t.co/jP6giifgNM so our team can connect .,Thu Nov 30 02:50:45 +0000 2017
uc_644245,644245,@115873 how can I speak to someone to re-claim my account that was hacked? The online process is getting me nowhere. Thanks,@272918 Here to help! Send us a DM with your email address so we can assist.,Thu Nov 02 07:23:22 +0000 2017
uc_1470911,1470911,@Uber_Support I'm done ordering from you guys. I had a delivery for dinner. The employee called me and told me I had to go to their car,@461427 Here to help! Please send us a note at https://t.co/hVMgTsth35 and we'll be happy to look into this for you.,Fri Nov 03 00:51:55 +0000 2017
uc_1370691,1370691,@115873 I was charged for a ride I did not take or approve of. I tried calling and e-mailing but your support does not work there.,@439059 We're here to help! Send us a DM with your email address so we can assist.,Mon Oct 16 15:07:30 +0000 2017
uc_2420402,2420402,@115873 you suck you charged my account twice $50 I want a refund,"@695288 We apologize for the trouble! Send us a note here, https://t.co/DceIRNI6kV, and our team will be in touch.",Sun Oct 29 12:47:11 +0000 2017
uc_2682321,2682321,@115873 how do I report that your trip directions were incorrect? They included a turn onto a street that does not exist for car usage,"@754555 We're here to help. DM us the trip details, along with your account email so we can follow up with you.",Tue Oct 31 16:21:21 +0000 2017
uc_1275829,1275829,@115873 I love Uber but I had a bad experience today. The driver I called asked for extra return cash for him to come pick me up. Wtf Uber???,@418643 Here to help! Send us a note at https://t.co/buHSiHh6zA so our team can connect.,Mon Oct 16 07:30:58 +0000 2017
uc_2412821,2412821,@115873 @6927 Not sure if this is one of your driver's but I'm reporting him to the Dubai police for dangerous and aggressive driving. https://t.co/zqC6XFAqk4,@693631 That's not ok! Please send us a DM with your email address so we can connect.,Tue Nov 14 15:57:58 +0000 2017
uc_2823449,2823449,@115877 For the user ID #7A4D0 we were delivered chicken fried rice combo instead of veg fried rice combo. It is totally unacceptable to be careless and make such errors in delivery to a pure vegetarian customer,@786720 Here to help. Send us a note at https://t.co/Tq0sPMsSdu so our team can connect.,Mon Nov 27 08:30:24 +0000 2017
uc_466736,466736,@Uber_Support Unable to understand your request.What is DM ?,"@226081 Hi, KhushiSamay! Please direct message (DM) us your Uber account",Fri Dec 01 05:35:09 +0000 2017
uc_1201396,1201396,@115873 My husband has left his luggage and passport in one of your cars. Can’t get in touch. Please help ASAP! Needs passport tomorrow...,"@402280 Due to our privacy policy, we will have to speak directly to the account holder. Please have them contact us via https://t.co/rOtqyWzf0B.",Sun Oct 15 16:04:58 +0000 2017
uc_2696182,2696182,"@Uber_Support very poor,cheap service in India shows payment pending after payment. I pay cancellation charges but still showing payment due","@757640 Hi, Gaurav. We've followed up via DM.",Sun Nov 19 18:26:22 +0000 2017
uc_1292181,1292181,@115873 why am I getting charged 6.80 when Nikolay's GPS said no route from Dulles to my home in Baltimore? Ride was door 1 to door 5,@422183 Here to help! Send us a note at https://t.co/Wavn5xnaeo so our team can connect.,Thu Oct 26 20:38:25 +0000 2017
uc_1185187,1185187,@Uber_Support Hello I recently signed up for uber and cannot request a ride. my email is __email__ please help,@398681 We're currently reviewing your email and will be in touch shortly. We appreciate your patience!,Tue Oct 24 22:57:38 +0000 2017
uc_385126,385126,"@115873 #uberindenversucks A harrowing $19 ride, cancelled once, drove out of control wrong direction, Uber refunded 22 cents","@207185 Sorry for the delay, Sharon. Our team is currently reviewing your email and will follow up. We appreciate your patience!",Mon Oct 09 11:29:53 +0000 2017
uc_2309951,2309951,@Uber_Support is there anyways we can schedule a call? My issues havent been solved my email..,"@669951 Let's connect, Andres. Please DM the email address to your Uber account so we can connect. https://t.co/sd7yH5jmbJ",Thu Oct 19 21:29:24 +0000 2017
uc_2923064,2923064,@Uber_Support You need to reach out to me ASAP please !,@642350 Here to help! Send us a DM with your email address with more info so we can assist.,Wed Nov 29 02:02:24 +0000 2017
uc_1527784,1527784,@Uber_Support Won’t let me log in. Changed the password and it still doesn’t work. Driver finally showed up 20 minutes later.,@474370 We'd like to look further into this. Please send us a DM so we can further assist. https://t.co/sd7yH5jmbJ,Fri Nov 03 22:27:17 +0000 2017
uc_2328503,2328503,@Uber_Support I sent a DM with my email &amp; phone number. Please have someone contact me about my disabled account.,@326023 Check your DMs!,Fri Oct 20 00:55:43 +0000 2017
uc_540332,540332,"@1143 @245348 Use @115873 in US, India and Europe regularly. @245348 in #srilanka is, by far, the worst service. Unreliable arrival times. Drivers who cancel for no reason. Erratic service, unavailability of cars. Getting worse. #lka",@245346 We're sorry to hear this was your experience. Please send us a note here; https://t.co/593jusCquh so our team can assist.,Sat Dec 02 15:05:09 +0000 2017
uc_560928,560928,@Uber_Support can you help me out with this? I just got a charge for a trip I didn’t take... https://t.co/Aq5HPRxq2T,@251241 Here to help. Send us a note at https://t.co/aJtaJUwNEK so our team can connect.,Sat Dec 02 22:25:33 +0000 2017
uc_1782260,1782260,@115873 just been verbally abused by Brisbane taxis driver. Gave up making complaint after 12 minutes on hold,@535471 We absolutely want to follow up! Please sign in and send us the details at https://t.co/TmWmJyGFaK so our team can look into this ASAP.,Fri Sep 22 06:29:33 +0000 2017
uc_1736893,1736893,@Uber_Support Forgot my suitcase getting a ride back from the airport. I need to connect with the driver and get this bag ASAP. Help!,@524346 Here to help. Send us a note at https://t.co/Sy2fWIhhC2 so our team can connect.,Thu Nov 30 21:04:54 +0000 2017
uc_2177702,2177702,"@115873 @Uber_Support your contact driver about lost item flow is broken, preventing me from contacting my driver. I'm traveling today and your people are running in circles. Why is it no one can call my driver?!",@635040 We've sent you a DM.,Thu Nov 09 15:04:15 +0000 2017
uc_2724030,2724030,@Uber_Support What is this DM?,@692701 We've responded to your DM.,Mon Nov 20 11:21:22 +0000 2017
uc_2530503,2530503,@Uber_Support @115873 this link does not have a section that related to my problem specifically. Thats why I'm tweeting my problem.,@137079 Sorry for the trouble! Send us a note via https://t.co/WFtPA6RjWt so our team can assist.,Mon Oct 30 15:55:14 +0000 2017
uc_2730476,2730476,@115873 my account was hacked in the summer and ever since I keep getting locked out. Can you help?,"@765505 Here to help! Send us a note here, https://t.co/kGIXas5Cxg, and our team will follow up.",Mon Nov 20 15:21:16 +0000 2017
uc_2964649,2964649,"@115873 after 2 drivers and over 20 minutes of waiting, I decided to get @116178, which took 2! Get it together! https://t.co/UJ3dizNIce",@817958 We're sorry to hear this was your experience. Contact us via https://t.co/e8HVorX5rh and we'll be in touch.,Wed Nov 29 21:59:03 +0000 2017
uc_2130210,2130210,"Hi @115873 I already asked to be contacted by the driver who picked me yesterday 3 times but its not working, can you please prioritize this?",@626997 We're here to help! Please send us a DM with your email address so we can connect.,Wed Nov 08 19:03:24 +0000 2017
uc_2944881,2944881,@14350 @Uber_Support Forgot my password. Now can't access my account in my new phone https://t.co/2uSbGizf6i,@813495 Sorry to hear that! Send us a note here: https://t.co/Md7v036OoC so we can follow up.,Wed Nov 29 15:18:38 +0000 2017
uc_2704285,2704285,@Uber_Support I hope they respond promptly because I’m over this. All I wanted was a nice meal tonight.,@292472 Happy to help! Our team is currently reviewing your email and will follow up directly.,Sun Nov 19 22:15:03 +0000 2017
uc_801151,801151,@115873 @Uber_Support I recently booked ubergo for Sanpada to Bandra and forgot my phone in cab...plz help resolving this issue,"@310910 Happy to help. Please go here https://t.co/rOtqyWzf0B, to find out how you can contact your driver directly.",Thu Oct 12 11:22:53 +0000 2017
uc_233983,233983,"@115873 Hello, I have not gotten a reply to my support ticket, my girlfriend has been involved in a car crash with uber! Where can I email?",@171713 We take this very seriously. Please send us a DM with your email address so we can connect ASAP.,Thu Oct 05 12:21:58 +0000 2017
uc_1399449,1399449,And I've reported the matter but there has been no replies! I even sent my bank statement as proof of your fucken double billing! https://t.co/rdbHieaaUN,@445407 Happy to connect! Can you send us a DM with your email address with more info?,Sat Oct 28 16:21:50 +0000 2017
uc_859686,859686,@115873 ive been trying to reach you for days to get help with reactivating an account. your service could not have been worse!,@133302 It seems a member of our team has reached out to you. Please check your email and follow up with them there.,Fri Oct 20 17:07:15 +0000 2017
uc_1382751,1382751,@115877 I know they were just shooting on the block but y’all got my order completely wrong.,@441809 Here to help! Send us a note via https://t.co/Tq0sPMsSdu to assist you further.,Sat Oct 28 07:07:07 +0000 2017
uc_1796438,1796438,@115877 @Uber_Support Can’t get thru customer care no. No update since 2 hrs. https://t.co/9LSmlq43ms,"@539791 Sorry to hear that, Prince! Please DM us the email address linked to your Uber account so we can look into this. https://t.co/sd7yH5jmbJ",Thu Oct 12 15:24:07 +0000 2017
uc_2022170,2022170,@Uber_Support my wife's phone was left in the car and it's been shut off so we cannot trace. Cannot find a contact # for uber. Please advise,"@598062 Due to our privacy policy, we will have to speak directly to the account holder. Please have them contact us via https://t.co/balq3Eyso6",Mon Nov 06 06:29:20 +0000 2017
uc_406669,406669,@Uber_Support But no one has followed up yet. I have shared a screenshot in DM. Please check,"@204188 Hey, Habib. We've followed up via DM. Please reply to us there for more information. Thanks for your patience.",Mon Oct 09 19:13:35 +0000 2017
uc_983511,983511,@245348 @115873 requesting for screenshots multiple times when it's already sent. #absurd. Also Authorization hold is malfunctioning! #fixit https://t.co/BmKRfCHXp7,@353164 Hello Sachitha! Our team is reviewing your email now and will be in touch. We appreciate your patience.,Sun Oct 22 09:35:29 +0000 2017
uc_2143545,2143545,@115873 do you have a customer service number I can call? I need to dispute a charge but app link isn't working and website is asking for a card when I don't have a card on file ( only PayPal).,"@630213 At this moment, we don't offer phone support for these issues. Please contact us via https://t.co/1xM0TILvAI so our team can connect.",Wed Nov 08 22:51:59 +0000 2017
uc_356897,356897,@115873 you're the worst company. I wake up this morning to uber charging my card MORE $ because your dumbasses gave me the wrong estimate,@200747 Sorry for the trouble! Send us a note here; https://t.co/mCbloZWiGj so our team can connect.,Sun Oct 08 14:56:17 +0000 2017
uc_1377484,1377484,@Uber_Support this is what we get after pre booking the cab n that too 5.40am early morning . What a way to charge extra from customer. https://t.co/yXmkNeAL18,"@440673 For more info about dynamic pricing, click here; https://t.co/kkAwlbpH4B",Sat Oct 28 01:54:20 +0000 2017
uc_1474877,1474877,HANGRY AND @115877 IS DEFINITELY NOT HELPING ME OUT. always a problem.,@223837 We're here to help! Please send us a DM with your email address and more details so we can assist further.,Thu Nov 02 21:57:19 +0000 2017
uc_14875,14875,"@115877 before he finally delivered my food, cold, of course, ffs",@119221 We're so sorry for the trouble. Send us a note via https://t.co/qLzKaGQcAg so we can assist.,Wed Nov 01 02:04:30 +0000 2017
uc_1906128,1906128,@Uber_Support Okay the driver took my money $46.32 for a 1 trip start to Mcdonalds which is only 1 mole from my house I want my money and tip back https://t.co/GDBWHkklUS,"@158665 Hey, Valerie, a member of our team followed up with you shortly via in-app support. Reach out there with any other questions.",Wed Oct 18 15:39:38 +0000 2017
uc_3811,3811,"@Uber_Support help! My vehicle registration expires today. I paid my license dept last week but have not received it in the mail, to upload.","@116638 We're here to help! Send us a note here, https://t.co/tv4psVy8sr and our team will be in touch.",Tue Oct 31 22:27:09 +0000 2017
uc_1027677,1027677,@115873 @Uber_Support one of your bum ass drivers started the drive &amp; never even picked me up &amp; was driving the whole way and it charged me,"@363190 Sorry for the troubles. Please DM us with the time of this trip, plus the name of the driver, and we will be sure to follow up with you.",Sat Oct 14 07:46:35 +0000 2017
uc_347522,347522,@Uber_Support I requested refund of cancellation fee Rs 52.50. You are responding to all mails but you aren't responding about refund !,@198758 So sorry about the trouble! Please send us a DM with your email address and phone number so we can connect.,Sun Oct 08 05:04:53 +0000 2017
uc_2574004,2574004,"@Uber_Support Yea, did that. Haven’t received a response. The driver just called me from the UK wondering where I was!",@729934 We can definitely take a look! Send us a DM with your email address so we can follow up.,Thu Nov 16 21:11:28 +0000 2017
uc_2150053,2150053,"@115877 delivered someone else’s order to us from the King’s Cross McDonald’s...if you’re the pair that ordered a quarter pounder with cheese, a Big Mac, an OJ, and an orange soda, hit me up #missedconnections",@631899 We're so sorry for the trouble. Send us a note via https://t.co/DpLEahcQAT so we can assist.,Thu Nov 09 00:37:35 +0000 2017
uc_304956,304956,@115877 I accidentally ordered from two places 😂😂,@188808 We're here to help! Send us a DM with your email address so we can connect.,Mon Oct 30 23:53:14 +0000 2017
uc_1961536,1961536,@Uber_Support I do. That sounds a bit far fetched. Can someone look into it,@581717 Happy to help! Please send a DM our way with your account email and phone number so we can connect.,Mon Oct 30 23:28:44 +0000 2017
uc_2603210,2603210,Both @115873 that I ordered today jumped so much in time for them to arrive it's very frustrating,@736662 Here to help! Send us a note at; https://t.co/e8HVorX5rh so our team can assist.,Sun Nov 26 21:19:52 +0000 2017
uc_1043130,1043130,Hey @115873 my ride was suppose to be 7.99 your fucking driver took me the wrong way now it's 23 dollars I want a full refund,@366674 We apologize for any inconvenience. Kindly send us a note here: https://t.co/y4EDPcVZOI so we can connect.,Thu Oct 12 22:16:11 +0000 2017
uc_2379269,2379269,@Uber_Support unless you are on the path to become another Ola?,@686118 Here to help. Send us a note at https://t.co/e8HVorX5rh so our team can connect.,Mon Nov 13 07:08:46 +0000 2017
uc_2224270,2224270,@115873 why your app does not inform customer of change on fare. My fare initially said 30.98 and then i was charge 50.00 without knowing,@649415 Here to help. Send us a note at https://t.co/oEOANqX0aK so our team can connect.,Thu Oct 19 15:53:17 +0000 2017
uc_1284762,1284762,@Uber_Support why isn't atl airport surging https://t.co/fISAGpXlcc,@214076 Send us a message via https://t.co/FF2YGTGjuA. A member of our team will follow up as soon as possible,Mon Oct 16 02:18:44 +0000 2017
uc_780916,780916,@Uber_Support https://t.co/EdgVJYWSfM link doesn’t work,@306441 Hey there! Sorry about the confusion. Send us a note at this link: https://t.co/gTNtms3SqZ and a member of our team will reach out asap.,Thu Oct 12 18:26:26 +0000 2017
uc_830832,830832,@115877 why say a restaurant is open and ready to take orders when there's no drivers around to pick it up? :(,@317843 Sorry to hear about the trouble! Please send us a message at https://t.co/uqkboJjHkD with the details and we'll follow up.,Fri Oct 13 00:27:18 +0000 2017
uc_349460,349460,@Uber_Support Its already updated 5 times in through ur __email__,@199169 Sorry for the delay. Our team is currently reviewing your email and will follow up shortly.,Sun Oct 08 08:42:52 +0000 2017
uc_2691903,2691903,"@Uber_Support What i won’t do, is continue to waste time to send you all a message explaining the challenges. Given that I’ve sent 4 emails to support already that should be logged and is available for all to reference . I will DM my email and phone # and put the onus on y’all to do your jobs",@251226 We've responded via DM!,Sun Nov 19 16:47:42 +0000 2017
uc_2887687,2887687,@Uber_Support What is mean by DM???,"@800759 Hi, Junaid! Please direct message (DM) us your Uber account email address so we can assist.",Tue Nov 28 16:23:21 +0000 2017
uc_2058108,2058108,"@Uber_Support 16 hours later, @Uber_Support still can't figure out why I was delivered burgers with no patties and missing drinks.",@608685 Looks like our team has connected with you via our in app-support. Please follow up there if you have any questions.,Fri Dec 01 19:24:34 +0000 2017
uc_1412095,1412095,@Uber_Support Last night I ordered McDonald’s from my account and later my friend made a purchase from taco Bueno from his credit card through my account,@448159 We're here to help! Send us a DM with your email address so we can assist.,Sat Oct 28 19:25:02 +0000 2017
uc_2848224,2848224,@Uber_Support If you check your records you will have my registered email I'd.,@792112 We can definitely take a look! Send us a direct message (DM) with your email address and more info so we can follow up.,Mon Nov 27 18:55:35 +0000 2017
uc_2094157,2094157,@Uber_Support My phone isn’t being returned! Help!,@618741 Here to help! Please send us a DM with your email address so we can follow up.,Wed Nov 08 10:17:16 +0000 2017
uc_2449750,2449750,@115877 why is your website awful,@702112 So sorry about the trouble! Please send us a DM with your email address and more details so we can connect.,Sun Oct 29 15:59:20 +0000 2017
uc_330980,330980,@194805 @115877 no esperabamos mucho de tu cobertura y aún así logras decepcionarnos.,@194804 Encantados de revisar esto para usted. Por favor ponerse en contacto en https://t.co/qHI8xcWfiW para que podamos ayudar!,Sat Oct 07 17:25:07 +0000 2017
uc_2099011,2099011,My @115877 just brought me the wrong order 😑,"@619994 We'd like to look into this, Giovanni. Please send us a note at https://t.co/xLLG6cfrJA and a member of our team will follow up.",Thu Oct 19 02:14:59 +0000 2017
uc_1636679,1636679,What makes me really mad is when you order extra sauce and instead you don’t get any at all🤦🏽‍♀️ @115877,@500591 Here to help! Send us a note here https://t.co/rpgpQWLRtD so we can further assist.,Sun Nov 05 21:26:55 +0000 2017
uc_398876,398876,@115873 Your driver just charged me a journey I wasn't even in the fucking car. Call me!,@210327 We're currently reviewing your email and will be in touch shortly. We appreciate your patience!,Mon Oct 09 18:16:35 +0000 2017
uc_1635228,1635228,"@115873 sort your drivers out, watching my phone waiting for the taxi i ordered and charges me and then drives off :/ pleb","@500205 We're sorry to hear this was your experience. Send us a note here, https://t.co/z8NNR56eyf, and our team will be in touch.",Sun Nov 05 21:01:35 +0000 2017
uc_481077,481077,"@Uber_Support Absolutely fuming. Last week my order takes 90 minutes to arrive, this week it gets cancelled out of the blue after waiting for over 70 minutes. Service has been absolutely terrible lately.",@229348 So sorry about the trouble! Please send us a DM with your email address and more details so we can connect.,Fri Dec 01 09:23:47 +0000 2017
uc_939454,939454,"@115873 please help, was double charged for my trip 😨",@342692 We're sorry to hear this was your experience. Contact us via https://t.co/Xp8oSaP01X and we'll be in touch.,Sat Nov 25 16:46:01 +0000 2017
uc_2489146,2489146,Thanks @115873: booked a car 12 hours before pickup only to have four drivers cancel within scheduled pickup time. Now no cars available. You guys trying to be a taxi service?? #pathetic,@710814 Here to help! Contact us via https://t.co/e8HVorX5rh so we can connect.,Sun Nov 26 18:56:51 +0000 2017
uc_177888,177888,@Uber_Support so in an uber pool we can drive past my destination for another passenger?,@139193 Hi there! Please reach out to https://t.co/zUe0dj6yoX and fill out the 4 boxes at the bottom so we can get in touch.,Sat Nov 25 01:00:28 +0000 2017
uc_504232,504232,@115873 why do you guys have the option to add extra stops but your drivers get attitudes about having to make them extra stops🤔 the fuck,@235552 We're so sorry for the trouble. Send us a note via https://t.co/z8NNR56eyf so we can assist.,Fri Dec 01 20:36:17 +0000 2017
uc_1750573,1750573,@Uber_Support if u drop the charges then only i can book,@527544 We apologize for the trouble! Send us a DM with your email address and we'll follow up.,Tue Nov 07 18:08:43 +0000 2017
uc_1843728,1843728,"@115873 you should have a feature where you can add credits to your Uber account, by winning stuff and drawing in giveaways u know.",@552418 We'll be happy to take a closer look. Send us a note via https://t.co/zUe0dj6yoX so our team can connect.,Sun Nov 26 07:51:44 +0000 2017
uc_2253867,2253867,"@Uber_Support Got my NZ$10 off @115877 promo on my account (and visible in promotions section), but it's not applying at checkout - anything I can do to sort that?",@656537 Here to help! Contact us here; https://t.co/h3vAjBLlBH so we can take a closer look.,Sat Nov 11 05:12:47 +0000 2017
uc_274156,274156,@Uber_Support This was an @115877 payment issue. The link is directed to uber rides,"@181504 Hi Claudia, that link will still direct your matter to the appropriate channel once you send the note in. Thanks!",Fri Oct 06 01:22:01 +0000 2017
uc_1111449,1111449,@115873 We did a police report but driver suspended the account Police said to take picture of license plate before getting in. We only hav 1st name,@382333 Please use the attached link to reach out to us via DM so we can investigate this further. https://t.co/sd7yH5jmbJ,Tue Oct 24 03:17:36 +0000 2017
uc_2886948,2886948,"@Uber_Support At the end of this trip, the dvr lost his wifi connection and couldn't close the trip. I paid him 900 cash and left to catch my flt. I want to pay him the bal 85.82 but can't contact him. Please help. https://t.co/c8mPgSLoj8",@800608 Here to help. Send us a note at https://t.co/K05RdmK3t4 so our team can connect.,Tue Nov 28 12:29:18 +0000 2017
uc_1178168,1178168,"Oh okay, and I assume I can expect to receive MY cancellation fee any time now eh, @115873? https://t.co/uP3DtNjafP",@196903 Hi there! Please send us a note via https://t.co/h840Iouehc so we can connect.,Tue Oct 24 21:12:34 +0000 2017
uc_1205059,1205059,@Uber_Support Still no reply after almost a month!!,"@403046 Hi, Rorshek. We did not receive a response in -app. Please send us a note here https://t.co/aJtaJUwNEK and we'll be in touch.",Tue Oct 31 02:23:05 +0000 2017
uc_2063249,2063249,Yikes this uber driver just told me he needs hand sanitizer for when he drives guys to gay bars,@610219 That is not okay! Please visit https://t.co/TmWmJyGFaK and 'Sign in to get help' to send us a note. We'll be sure to follow up.,Fri Oct 06 16:40:20 +0000 2017
uc_165860,165860,@Uber_Support Your support centre didn't even respond on the messages sent to them. This is shocking service and funds deducted without product delivered constitutes fraud.,@154512 We're sorry to hear this was your experience. Please confirm your email address or phone number through direct message so we can further assist.,Fri Nov 24 20:14:38 +0000 2017
uc_712584,712584,"@115873 you guys SERIOUSLY need a customer service mobile number, it takes way too long to resolve issues via email","@290415 At this moment, we don't offer phone support. We're sorry for any inconvenience. Visit https://t.co/balq3Eyso6 so we can help.",Tue Oct 10 17:50:49 +0000 2017
uc_1795548,1795548,@115877 I just want to delete my account how can I do that?,"@539541 Currently, all Uber accounts are linked. If you'd still like to proceed, please confirm your deletion request at https://t.co/LECWe2nuKg.",Thu Oct 12 07:26:58 +0000 2017
uc_959370,959370,@115873 @Uber_Support Exact reason why you’re being pushed out of London! https://t.co/V72dxWkIGR,"@347617 Here to help, Robinson! Rates will lower when demand goes down. Keep checking the app &amp; you'll see when prices are lowered.",Sat Oct 21 23:22:11 +0000 2017
uc_441967,441967,Is it just me or @115873 does over charge ? Took a Ubergo ride in Bangalore for 5.4 KMs (21 Mins) and was charged 115 bucks . Can not fathom ?,"@198823 We're here to help! Send us a note here, https://t.co/1xM0TILvAI and so our team will assist.",Wed Oct 11 08:58:59 +0000 2017
uc_2862641,2862641,"Fuck @115873 &amp; their ""cleaning fee"" 😒 I swear drivers make shit up just to earn extra money. They charge way too much for a ""mess"" that was prob already there &amp; take the $ w/o any warning 🖕🏽",@795194 Here to help! Send us a note via https://t.co/a6RfeBkKmr and we'll be in touch.,Mon Nov 27 23:23:54 +0000 2017
uc_1159246,1159246,how do you guys feel about this @115873 @Uber_Support situation? 😡😡😡😡,"@392708 We've followed up via DM, Bryan. Please be sure to check for an update.",Sun Oct 15 15:27:32 +0000 2017
uc_2946066,2946066,"@Uber_Support I booked this driver, he said he was coming and then he turned off his phone. Then I had to pay the cancellation fee and then had to book an UberGo because I was late. This happened 30 min back and just not done. https://t.co/frKdG5c8cW",@310904 Here to help! Please contact us via https://t.co/fS660rQ8NQ so we can follow up.,Wed Nov 29 15:38:34 +0000 2017
uc_2953000,2953000,@115873 your driver Ernest refused to end my trip after I got to my destination. And picked up another rider afterwards. On my trip! Refund me https://t.co/r0riucZ2sw,@815339 Hi there! We see your outreach via in-app. It seems a member of our team is currently reviewing your query and we'll follow shortly. We appreciate your patience.,Wed Nov 29 17:54:23 +0000 2017
uc_1620838,1620838,Patience? You don’t know where I am other than stranded and without transportation. There is no patience @Uber_Support!,@222841 We're very sorry to hear about the trouble with your pickup. A member of our team will be in touch shortly through in-app support.,Sat Nov 04 03:20:06 +0000 2017
uc_2026280,2026280,@115873 bookings does not work. Do not use it. Book a taxi or car. #terrible,"@599200 Having trouble requesting a ride, Andrew? Let's take a look. Please head on over to https://t.co/xMxswVLBKT and we'll be sure to follow up.",Mon Nov 06 18:54:23 +0000 2017
uc_2818770,2818770,@Uber_Support @116288 @115873 Did that already....now would you bother to check and fix this???,@785718 We're currently reviewing your email and will be in touch shortly. We appreciate your patience!,Mon Nov 27 05:16:12 +0000 2017
uc_1330048,1330048,"@Uber_Support last ride estimate was £10 X2 (high request for the rain). #Uber I expected £20, not £37! Final rate was pretty horrific. https://t.co/BXmlFjIqEx",@430317 We can take a look! Send us a note via https://t.co/6IqAxVj2X4 so our team can get in touch.,Fri Oct 27 12:42:09 +0000 2017
uc_2217806,2217806,@Uber_Support They. did respond but their response was wrong. They didn't answer anything or say anything right because they obviously didn't read my msg.,"@647947 We're happy to follow up further, Lily. Please be sure to get back to us via that support thread so we can get in touch.",Thu Oct 19 15:19:37 +0000 2017
uc_578790,578790,@Uber_Support I’ve already done this. It was decided the charge was fair and I can’t see how to dispute that? Because it was absurd.,@256279 Here to help! Can you please provide us your email address? From there we'll be able to assist further.,Sun Dec 03 12:02:06 +0000 2017
uc_1073971,1073971,@Uber_Support Is there any offer for my first ride with uber?Registered mobile number is sent as DM.,"@310026 We just got back to you via DM, Hridayananda.",Mon Oct 23 09:43:09 +0000 2017
uc_430209,430209,@Uber_Support I had raised a request regarding issue with promo code not working 2 days back. I have not got any response. Please expedite,"@217291 Hi there, Mugdha. Please send us a DM with your Uber account email, and we will check on the status of your support inquiry.",Tue Oct 10 14:01:09 +0000 2017
uc_1261380,1261380,@Uber_Support your Uber driver ripped me off and I want my money back. Thanks.,"@415491 Sorry for the trouble! Send us a note here, https://t.co/1xM0TILvAI, and our team will be in touch.",Thu Oct 26 15:15:53 +0000 2017
uc_1130610,1130610,@115873 why is it impossible to contact you? Had a terrible experience with a driver last night and since the trip was cancelled I can't (1/?),@386449 Sorry to hear about that! Can you please contact us via https://t.co/fS660rQ8NQ so our team can connect.,Sun Oct 15 14:49:07 +0000 2017
uc_1270584,1270584,@Uber_Support i did not book cab but thr is an outstanding balance show in my id,@417483 Here to help. Send us a note at https://t.co/OhfgxSAY58 so our team can connect.,Mon Oct 16 06:34:10 +0000 2017
uc_249445,249445,@Uber_Support why is your driver not moving? It’s been over 10 minutes and I want to get home! https://t.co/uoXootjcPu,@175277 Here to help! Send us a note here https://t.co/e8HVorX5rh so we can assist.,Sat Nov 25 02:52:57 +0000 2017
uc_1464429,1464429,@Uber_Support How can you justify a 10 minute journey at nearly £16.00 🤔😕 https://t.co/dgsVPIQ7JY,@459915 Here to help. Send us a note at https://t.co/6IqAxVj2X4 so our team can connect.,Thu Nov 02 18:55:34 +0000 2017
uc_795299,795299,@Uber_Support I cant request a ride. App tells me to go to https://t.co/Q6mVKx3UHa but no cant seem to figure out what the problem is? Can you please help?,"@309618 Hey, Jarrad. We've reached out via DM. Please follow up with us there for best further assistance. Thanks for your patience.",Thu Oct 12 07:01:30 +0000 2017
uc_2207806,2207806,@Uber_Support been faithfully on my rider pass for months with auto renewal. Now it’s lapsed and I can’t get it back. Why has this discontinued?,@645477 Hi there! Please visit; https://t.co/3h8wdQ4EJK for more info. Please let us know if you have any other questions or concerns.,Fri Nov 10 02:16:54 +0000 2017
uc_2402508,2402508,Uber keeps disappointing me. @115873 you guys have terrible service! Why do your drivers get lost and instead of calling the person they just cancel the ride!!!!! Highly disappointed !,@691188 We apologize for the trouble! Can you please contact us via https://t.co/593jusCquh so our team can connect?,Tue Nov 14 13:56:37 +0000 2017
uc_2499405,2499405,@115877 let me get a coupon code for $10 off. I’ve never ordered from you guys,@713132 Here to help! Find out more about promo here https://t.co/qfimGYE4QO,Wed Nov 15 18:54:09 +0000 2017
uc_2687754,2687754,@Uber_Support Do u have an email address to obtain reference documents?,"@755738 Here to help! Follow up here; https://t.co/FF2YGTGjuA, and our team will connect right away.",Tue Oct 31 17:36:06 +0000 2017
uc_280485,280485,@Uber_Support DM me I need to ask a question please,@182831 We've been in touch via DM - Please see our most-recent message for more information and next steps.,Fri Oct 06 09:33:04 +0000 2017
uc_350159,350159,@Uber_Support @115873 have hands down the worst customer service I've ever dealt with.,"@199303 We've replied via DM, please follow up there.",Sun Oct 08 08:23:25 +0000 2017
uc_428776,428776,@Uber_Support @Uber_Support@Uber_Support,"@216986 Hi there, Alfredo. What can we assist you with?",Tue Oct 10 12:50:54 +0000 2017
uc_168905,168905,@155305 in Durban? Maybe rain delayed? But they could have called! Poor show @115877,@155304 Here to help! Please send us a note at https://t.co/ptj11JUNYu and we'll be happy to look into this for you.,Fri Nov 24 21:07:17 +0000 2017
uc_1541175,1541175,@Uber_Support I’ve submitted my insurance for uber eats but it keeps asking me for it is there any other way to submit it,@477627 Here to help! Send us a note here; https://t.co/BdsLWRyuBl and our team will be able to assist!,Fri Nov 03 22:31:10 +0000 2017
uc_1145236,1145236,@Uber_Support Why I'm still charged RM5 for cancellation fee while the driver is still 9 minutes away from me ? This is ridiculous!!,@389546 It seems a member of our team has reached out to you. Please check your email and follow up with them there.,Tue Oct 24 12:41:12 +0000 2017
uc_473418,473418,"@Uber_Support I'm trying to place an order on UberEats but I keep getting a phone verification prompt that appears and when I try to enter the code in, it says there is an error. Happens even when I'm sent a different code, Just wondering if you could help me out","@227724 Happy to help! Send us a note here, https://t.co/n3xLwM8eKI, and our team will follow up.",Fri Dec 01 09:27:10 +0000 2017
uc_2614407,2614407,@Uber_Support I have reviewed all the mail and they have not given me an answer. I have done the process several times.,@739063 We'll be sending another email your way now with more info. Keep an eye out for our message and respond there with any additional questions!,Fri Nov 17 18:30:53 +0000 2017
uc_2937749,2937749,"@115873 @Uber_Support may miss flight;driver refused destitination after arriving ""completed my trips quota"";not so much an SOS number to call; #thissucks #takeaction",@812065 Here to help. Send us a note at https://t.co/iOszeeHZhQ so our team can connect.,Wed Nov 29 12:19:00 +0000 2017
uc_1320562,1320562,@Uber_Support hello I was charged without getting rides?,@428335 Happy to take a look! Send us a note via https://t.co/dInR3racif so our team can connect.,Fri Oct 27 08:39:23 +0000 2017
uc_726644,726644,@115873 u charged me 554 for a trip estimated at 351. U put the wrong drop location in receipt. No response to queryin 24 hrs. R u kiddin me!!,"@294059 Happy to help! Send us a note here, https://t.co/WFtPA6RjWt and our team will follow up.",Wed Oct 11 05:43:47 +0000 2017
uc_2761370,2761370,@115873 just charged me 3 times.,@491022 Here to help! Please send us a DM (direct messages) with your email address and more info regarding your concern so we can assist.,Tue Nov 21 06:04:05 +0000 2017
uc_2254025,2254025,@Uber_Support I did not want a refund..Just wanted to know if it what rightly done or not?,"@656581 We shared your feedback with our Operations team - please rest assured that we will look into this matter to ensure this does not happen again in the future. Of course, if you have any further questions we’ll be more than happy to help.",Wed Nov 15 17:39:09 +0000 2017
uc_2960590,2960590,@115877 @Uber_Support I am missing half of my order and I submitted your online form and haven't heard anything its been almost an hour. Is anyone going to reach out to me? Order #19E4E,@817077 We're here to help! Send us a DM with your email address so we can assist.,Wed Nov 29 20:41:10 +0000 2017
uc_2746209,2746209,@Uber_Support I'm really frustrated at this point ..my kids apnt was at 515 pm,@627997 Happy to help! Please confirm your email address or phone number so we can further assist.,Mon Nov 20 22:22:15 +0000 2017
uc_2466506,2466506,@119983 sent it to @Uber_Support,@451485 We have followed up via DM.,Sun Oct 29 16:39:52 +0000 2017
uc_586350,586350,@115877 you didn’t deliver what I ordered and refused to refund the amount. How pleasant that customer experience for the 1st time customer,@258461 Here to help! Send us a note via https://t.co/VWIHOum1WF to assist you further.,Sun Dec 03 15:02:13 +0000 2017
uc_250309,250309,@115877 I ordered food and this ghetto bitch immediately canceled after picking it up. Like did the food smell good?,@175494 Sorry to hear this! Please send us a note at https://t.co/o056uE8sfv so we can look into this order for you.,Thu Oct 05 17:01:23 +0000 2017
uc_2901168,2901168,Even @115873 is useless in Paris. Not fit for purpose #f4p :-/ Impatient driver. Didn’t stop at right address. Unwilling to wait while we came down in the elevator. Didn’t speak any English,"@803620 Happy to help! Send us a note here, https://t.co/fS660rQ8NQ and our team will follow up.",Tue Nov 28 18:15:24 +0000 2017
uc_2349758,2349758,@Uber_Support my promo was not applied to my last trips. How can I get help?,@679191 Here to help! Send us a note at https://t.co/lqVgKo4ZO3 so our team can connect.,Mon Nov 13 17:18:01 +0000 2017
uc_605284,605284,@116276 We appreciate your good work Mr. Data but I have a disabled account I would please like your team to work it out for me since it's been 3 weeks since I tried Uber help for solutions. Thank you https://t.co/3SbOBE4iOn,@263863 Sorry to hear about the trouble! We see that you've submitted a response and a member of our team will follow up with you as soon as possible. Thanks for your patience while we look into this.,Fri Nov 17 12:32:00 +0000 2017
uc_505984,505984,"@Uber_Support I have just sent my email Via DM, I am waiting for your swift response",@236069 Hey there! We've just followed up with you via DM.,Fri Dec 01 21:21:04 +0000 2017
uc_900989,900989,@115873 don't fvckn accept rides from this driver he's extremely aggressive guys https://t.co/4vlLxeeB4a,@333877 We take this very seriously. Please send us a direct message with your email address so we can connect ASAP.,Sat Oct 21 04:45:39 +0000 2017
uc_1481218,1481218,@Uber_Support send me ur email where i can send my complaint in detail..reply me on __email__,"@463925 Here to help! Follow up here; https://t.co/SjsQQ8ofRq, and our team will connect right away.",Fri Nov 03 08:01:49 +0000 2017
uc_2026188,2026188,@115873 my driver has been stuck in the mall parking lot for 15 minutes... my ride was only suppose to be 5 minutes long.,"@599177 Here to help! Send us a note here, https://t.co/593jusCquh, and our team will follow up.",Sun Oct 29 02:13:23 +0000 2017
uc_2873763,2873763,"@115873 @Uber_Support I will contact your support team as recommended by your automated Twitter response, but I hope that your responses via email won't be copied and pasted generic answers (like in the past). Thank you and have a great night. (16)",@131076 Happy to help! Please confirm your email address or phone number through direct message so we can further assist.,Tue Nov 28 03:56:46 +0000 2017
uc_999254,999254,@Uber_Support thanks for your prompt resolution,@356604 Happy to help! We've been in touch via DM!,Mon Oct 23 02:22:57 +0000 2017
uc_1366473,1366473,If my @115873 driver fucking slams on the brakes again because he’d rather stare at women walking I swear to god,"@397595 Here to help! Send us a note here, https://t.co/IeSxT5cVHC, and our team will follow up.",Fri Oct 27 21:43:55 +0000 2017
uc_1141120,1141120,@Uber_Support hi all of my drivers kept canceling on me and it CHARGED ME pls help me asap,@388609 We're sorry to hear this was your experience. Please send us a note via https://t.co/w7r2O6dMbU so our team can connect.,Tue Oct 24 15:27:56 +0000 2017
uc_2680775,2680775,Tried to order an .@115877 last night and it got cancelled after an HOUR. F*ucking joke. DO NOT use UberEats in Exeter.,@754202 Here to help! Please send us a note here; https://t.co/P4hKbfQBbP so our team can assist.,Sun Nov 19 14:31:35 +0000 2017
uc_390500,390500,"Either way, no one's a winner. I got ripped off by @115873 and Uber lost a loyal customer/user. Thanks :)",@207003 We just sent you a DM.,Mon Oct 09 15:11:25 +0000 2017
uc_2529329,2529329,"@115873 why do I get charged a fee when the driver cancelled on me!? And when I dispute it, you give me a credit instead of a refund. WTF!?",@720108 Here to help! Send us a note at https://t.co/h840Iouehc so our team can connect right away.,Thu Nov 16 06:36:06 +0000 2017
uc_2037978,2037978,@115873 Can you share a customer service number. Seems impossible to find. I have alot of false charges that I want reconciled. With a human!,"@602580 As of this moment, we don't offer phone support for these issues., please visit this link for more info https://t.co/QDn91HzZV0",Tue Nov 07 03:41:21 +0000 2017
uc_104050,104050,@Uber_Support have done so,@138933 We've been in touch via DM!,Thu Nov 30 18:48:04 +0000 2017
uc_2818758,2818758,@Uber_Support Horrible experience with UberEATS. Everything that went wrong did.,@186576 We've responded to your DM.,Mon Nov 27 05:54:43 +0000 2017
uc_1876932,1876932,@115877 Order number is 39171,@560287 We're sorry to hear about this. Please have the account holder sign in and visit us at https://t.co/7RWapHc4XN so our team can assist.,Sun Oct 22 12:48:46 +0000 2017
uc_1570400,1570400,@Uber_Support I can’t tell you how much I love this https://t.co/k5Gu4qTPHg,@484286 We're here to help! Please send us a note here; https://t.co/e8HVorX5rh so our team can assist.,Sat Nov 04 16:49:58 +0000 2017
uc_2524472,2524472,@115873 Driver demand customer Rs100/- in cash for going to Gurugram.Uber has failed to stop cheating and take action inspite of information.,@718877 Here to help. Send us a note at https://t.co/C7Na8HoYRh so our team can connect.,Mon Oct 30 08:49:46 +0000 2017
uc_2583299,2583299,@Uber_Support isn’t the driver meant to call us if they can’t find us they cancelled booking and charged $10 when I was waiting on other side of the shops,@732072 Here to help! Please send us a note via https://t.co/e8HVorX5rh so our team can connect.,Thu Nov 16 23:17:11 +0000 2017
uc_1998409,1998409,"Wife decides to try @115877 from @McDonalds 4 portion fries missing. No help refund, asked to reorder &amp; repay to get original items #crap","@153232 Due to our privacy policy, we will have to speak directly to the account holder. Please DM us their email address so we can connect.",Fri Nov 03 19:04:21 +0000 2017
uc_837922,837922,"@Uber_Support is Uber still doing the Visa Local Offer promo? It hasn't been showing on my app. When I re-downloaded it, it all disappeared","@290089 Happy to help! To find out more on promotions in your city, visit our Blog site here https://t.co/wcgVfgocA6.",Thu Oct 12 21:50:51 +0000 2017
uc_1743918,1743918,A friend lost her iPhone7 in @115873 mon night in SanFran. Rose gold glitter case.Pic of her and hubby on screen. #df17 Pls msg me if u find✌🏻,@525981 We're here to help. Have your friend reach out to their driver directly by going to https://t.co/2lBRkEYOyB.,Tue Nov 07 14:35:34 +0000 2017
uc_1598809,1598809,@115873 why is it $10 to drive me half a mile?,"@296090 We can definitely take a closer look! Contact us here; https://t.co/1xM0TILvAI, so we can help.",Sun Nov 05 03:22:58 +0000 2017
uc_30082,30082,@Uber_Support Book Cab for my family actual bill INR712.19 charged by driver INR900 in cash booking. Pls check https://t.co/u3WvMvQkHQ,@122618 Hi there! Please send us a note at https://t.co/PBWcEpkWF7 and we'll be happy to look into this for you.,Wed Nov 01 10:53:55 +0000 2017
uc_63249,63249,@Uber_Support has been egregiously exhausting lately. Crazy wait times but fee charged for canceling an uber that's 10 min away &amp; counting?,"@130515 Here to help! Send us a note here, https://t.co/h840Iouehc, and our team will follow up.",Wed Nov 01 21:33:49 +0000 2017
uc_796662,796662,@115873 there's no reason I should have to pay a $5.00 fee when it says your driver is 2 mins away and it ends up being 10+ mins.,"@309971 Hi there! We're here to help. Send us a note here, https://t.co/e8HVorX5rh and so our team will assist.",Thu Oct 12 14:49:19 +0000 2017
uc_1865298,1865298,please give me the email id of uber customer care @Uber_Support,"@557273 Hello, Sumandeep! Give us the details about your concern over at https://t.co/sDFfqpmv0k. Once we have this we'll be able to better assist.",Fri Oct 20 16:26:08 +0000 2017
uc_482382,482382,"@Uber_Support Hey! ANOTHER driver just called me, asked where we’re going and cancelled. Not cool. You need to fix this.",@229723 We're sorry to hear about your experience! Can you please contact us via https://t.co/iOszeeHZhQ so our team can connect.,Sat Dec 02 20:00:02 +0000 2017
uc_389410,389410,How has your experience with @115877 been? We ordered $40 worth of food and only $20 of it showed..their reply? #customerservice #fail https://t.co/vBqOn1WcXK,"@208165 Let's get another set of eyes on this, Chris! Please DM us the email address linked to your Uber account so we can connect.",Sun Oct 08 21:54:08 +0000 2017
uc_2384191,2384191,First time in 4 years of using @Uber_Support that I have a complaint,"@687222 Hey, please let us know how we can help at https://t.co/balq3Eyso6 and we'll follow up.",Fri Oct 20 08:10:52 +0000 2017
uc_1299644,1299644,"@Uber_Support if Twitter is the only way to get a hold of you, why are you so unresponsive to DMs?","@423759 We are here to help, Jared! Please check your DM for more information.",Thu Oct 26 22:53:21 +0000 2017
uc_2072682,2072682,"@Uber_Support Just got it, and responded already.","@375784 Thank you for doing so, Teresa! We can confirm that a member of our team has followed up with more information. Please check back there.",Tue Oct 10 00:32:31 +0000 2017
uc_1630014,1630014,@Uber_Support is da 2nd incident in a week whr i ws showd diff amnt while bukin n diff amnt ws deducted later. Dis is fraud!!! No response frm previous mail yet.,@267220 Hi there! We see your outreach and a member of our team will be following up via email as soon as possible. We appreciate your patience. Please keep an eye on your email for the response.,Sun Nov 26 04:15:47 +0000 2017
uc_695408,695408,@115877 I was waiting for 1 hour when you send when I received a msg that the order was cancelled. #fail,@285864 We're sorry to hear this was your experience. Send us a DM with your email address and we'll connect.,Thu Nov 23 15:39:21 +0000 2017
uc_778510,778510,Looks like my honeymoon with @115873 is over. 20 minutes ETA because the driver they send isn't another town.,@264942 Here to help! Please send us a note at https://t.co/e8HVorX5rh and we'll be happy to look into this for you.,Thu Oct 12 04:32:13 +0000 2017
uc_2975157,2975157,@115873 @Uber_Support my uber has been hacked twice now. Bit of a joke really. Can you sort this out?,@820525 Sorry to hear about that! Please connect with us here; https://t.co/kGIXas5Cxg so that we may be of further assistance and look into this issue for you.,Wed Nov 15 22:43:02 +0000 2017
uc_2138121,2138121,@Uber_Support __email__. That's my girlfriends email.,"@628883 Jon, please DM us for a follow-up. Thank you.",Wed Nov 08 22:09:39 +0000 2017
uc_1261941,1261941,@Uber_Support hi pls check ur dms i wanna go home ty,"@415600 We're here to help, Ellen! Send us a DM with your email address and more details so we can follow up.",Thu Oct 26 10:03:21 +0000 2017
uc_1176427,1176427,Here's how @Uber_Support responds - nothing but nothing ... yah https://t.co/0UPRg2cKtW,@361083 We're here to help! Send us a DM with your email address so we can assist.,Wed Oct 25 00:18:21 +0000 2017
uc_729916,729916,Hey @Uber_Support..pretty sure it's not possible to take 2 x $40 trips in the space of 2 mins..esp when you've never booked an @115873 before,"@294833 We'll be happy to review these charges, Ashleigh! Please reach out at https://t.co/aJtaJUwNEK and we'll take a look.",Wed Oct 11 09:38:27 +0000 2017
uc_765229,765229,@115873 today I travel from greater noida to noida citi centre I booked a cab my cab is using drink and driving car I told him he used abused,@302899 We are taking this very seriously. Can you please send us a DM with your email address and additional details so we can connect?,Sat Oct 07 13:58:41 +0000 2017
uc_2231012,2231012,@115873 you charge us £5 if we cancel within 2 mins yet half of your drivers fuck about?Do we get £5 if they cancel on us for time wasting?,@651036 Here to help! Please check this link; https://t.co/uimsO5WJ2U,Thu Oct 19 15:28:01 +0000 2017
uc_1245484,1245484,@115873 hey uber. How do I get a refund for a trip I didn’t cancel? The driver cancelled. Thx.,@412177 Here to help! Follow up here; https://t.co/1xM0TILvAI and our team will connect right away.,Thu Oct 26 00:00:07 +0000 2017
uc_823641,823641,"@Uber_Support Just registered to be a driver in Aus, have uploaded all the documents &amp; they are listed as active but my account still isn't?",@316200 Oh no! Thanks for bringing this to our attention. DM us your account email along with details for assistance.,Thu Oct 12 23:47:13 +0000 2017
uc_2931062,2931062,@115877 i’m not having this...,"@810755 Happy to help! Send us a note here, https://t.co/EGiaYE5JMU, and our team will follow up.",Wed Nov 29 07:50:21 +0000 2017
uc_344665,344665,"@Uber_Support what are your contingencies, regarding service during Lake effect storms in the Great Lake region?",@197992 We have followed up through your DM. Please follow up.,Sun Oct 08 00:46:32 +0000 2017
uc_267001,267001,"When I wait 20 mins for 2 @115873 , 1 of which cancels while I'm standing here waiting, I guess I'm not surprised London doesn't want them",@179639 Sorry to hear about that! Can you please contact us via https://t.co/h840Iouehc so our team can connect.,Thu Oct 05 23:30:55 +0000 2017
uc_2818132,2818132,@Uber_Support Juanita Maidwell was told to download the driver app 3 weeks ago after dowloading it she was told to wait on an e-mail before driving .She has completed 50 rides with Lyft Uber is a scam,"@337337 Due to our privacy policy, we're not able to address these concerns over social. Please have the account holder (or the person you're writing in for) contact us at https://t.co/ZKt0NHVs3P so we can assist them further. Please let us know if you have any other questions.",Mon Nov 27 04:36:54 +0000 2017
uc_234071,234071,@115873 - please update maps. You folks are owned by Google but use the crappy Google maps. Waze also owned by Google is over 95% accurate!,"@171732 We hear ya! Thanks for the feedback. We're always working to provide you with new features, so stay tuned.",Thu Oct 05 11:23:32 +0000 2017
uc_479792,479792,"@115877 when speaking to a customer, you should really ask if the feedback has been resolved, before closing the ticket every single time. it’s a two-way dialogue. https://t.co/ECeBcqaK0Z",@229020 Sorry for the trouble! Please send us a DM with your email address so we can assist.,Fri Dec 01 13:21:15 +0000 2017
uc_583006,583006,@Uber_Support Your GPS system could not find the address and so we ended up going the wrong direction and through two unnecessary tolls. Not the fault of my kind driver at all. But it should have been a straight shot downtown with one toll.,@257486 Here to help! Send us a note via https://t.co/y4EDPcVZOI so our team can get in touch.,Sun Dec 03 13:56:32 +0000 2017
uc_1380371,1380371,@115873 You got a contact number? I have a lot of unauthorised charges on my account and email seems to be beyond you.,"@441317 At this moment, we don't offer phone support for these issues. Visit this link https://t.co/dInR3racif so our team can assist.",Sat Oct 28 04:52:55 +0000 2017
uc_1803979,1803979,"@Uber_Support hello I need help in relation to uber cancun's response in a detention of my vehicle, some email to which I can communicate?","@542037 Hey, Alan. Please fill in the blank form with your details at the following link, so we can address this concern - https://t.co/FF2YGTGjuA.",Fri Oct 13 14:51:29 +0000 2017
uc_2543051,2543051,@Uber_Support @115873 Receive multiple coupons weekly... but unable to apply...every time same issue...Promotion codes r not available for this account and all trips will be charged at the full price. Pls look into it.,@722990 Hi there! Please reach out to https://t.co/zUe0dj6yoX and fill out the 4 boxes at the bottom so we can get in touch.,Thu Nov 16 13:10:57 +0000 2017
uc_1230425,1230425,@Uber_Support how to connect facebook account to uber? to login using FB.,"@408584 Here to help! Follow up here; https://t.co/SjsQQ86EsQ, and our team will connect right away.",Wed Oct 25 20:38:04 +0000 2017
uc_859852,859852,HELP 🆘 @255462 @Uber_Support you charged my credit card and I need to know why 😞 from THB50 to THB350??? What is airport surcharge? https://t.co/82sHHVrpyF,"@324151 Let's have a look, Nicolle. Please DM us the email linked to your account and we'll follow up. https://t.co/sd7yH5jmbJ",Fri Oct 13 14:14:40 +0000 2017
uc_1258792,1258792,"@Uber_Support having serious app issues in Dallas, TX","@414953 Hey, Leslie. Please DM us with the email associated with your account and a description of the issues you are having.",Sun Oct 15 23:33:05 +0000 2017
uc_146907,146907,@Uber_Support She still hasn't heard back. It's been 3 hours.,"@149354 We appreciate you reaching out for your friend, Lakshmi. We'll be sure to follow up with her request. Thank you.",Fri Nov 24 16:48:19 +0000 2017
uc_1794849,1794849,Is uber allowed to go inside nust isb @Uber_Support Do you go inside nust? @242326,"@539342 Our team would be happy to provide more info, Syed! Please send us a quick note at https://t.co/balq3Eyso6 and we'll follow up from there.",Thu Oct 12 04:22:45 +0000 2017
uc_394112,394112,@Uber_Support I changed my number to a local number. I can't get into my account. Can you please help? Thanks,@209373 We're happy to connect! Please reach out at https://t.co/BDlHSjUF9c and a member of our team will be in touch shortly.,Mon Oct 09 16:16:57 +0000 2017
uc_2620002,2620002,@13644 ... to get to my destination. Please credit me back the $5.,"@740353 We want to follow up, Perry. Can you please send a note our way via https://t.co/QsI1vsvcif?",Fri Nov 17 15:24:29 +0000 2017
uc_465245,465245,"Hey @Uber_Support - the trip history show that different drop off location, therefore I get charged more. How do i get this fix?",@225667 Here to help! Contact us here; https://t.co/WFtPA6RjWt so we can take a closer look.,Fri Dec 01 04:04:38 +0000 2017
uc_168925,168925,"Finished work late, exhausted, called an @115873 , phone died, tried to flag down driver to no avail, he looked and then ignored me. Still got charged £4.25 because I couldn’t cancel it😭 #badday",@155311 Here to help! Send us a note via https://t.co/e8HVorX5rh so our team can connect.,Fri Nov 24 21:10:28 +0000 2017
uc_1739121,1739121,@Uber_Support I already did this and the customer service person seems to not understand what I am talking about. It's so frustrating.,@524876 We're so sorry about that! Please send us a DM with your email address so we can connect.,Tue Nov 07 16:40:35 +0000 2017
uc_1072804,1072804,@22652 Can ya'll hop on the @115877 train?? Please and thank you. I need some Bo Rounds delivered Asap,@373145 We're here to help. Can you please send us a DM so we can look into this?,Mon Oct 23 16:20:32 +0000 2017
uc_1842699,1842699,@Uber_Support Uber support is really pissing me off. I never felt hard to reach out to customer care service for help.,@552180 Sorry to hear about the trouble! Please DM us your account e-mail and to elaborate on your issue. We'll follow up. https://t.co/sd7yH5jmbJ,Wed Oct 18 07:18:07 +0000 2017
uc_973012,973012,@131434 @131077 https://t.co/sthGePYSBm,@347426 So sorry about the trouble! Please send us a DM with your email address and phone number so we can connect.,Sat Oct 14 02:34:44 +0000 2017
uc_2752793,2752793,Is there a mathematical proof that explains why the @115873 driver that grabs my ride is almost always going the opposite direction from where I'm headed? Adds so much time to the trip (I realize this is awfully bratty; don't care),@770613 Here to help! Please send us a note via https://t.co/y4EDPcVZOI so our team can connect.,Tue Nov 21 01:12:54 +0000 2017
uc_2192717,2192717,@115873 my account statements are not according to my uber' history! Im going to put the complaint at authority! Fuckin thieves ! #UberEATS,@641774 Here to help! Send us a DM with your email address so we can follow up.,Sun Nov 05 22:05:09 +0000 2017
uc_165828,165828,@154505 @154505 @115873 @Uber_Support HELP,"@154504 Hi there! We're here to help. Let us know if you have any specific questions, or visit our help site at https://t.co/9zsMJKZ2dB for more info.",Fri Nov 24 20:19:16 +0000 2017
uc_423280,423280,"@Uber_Support Yes i got your DM two days back, but no solution till today..@Uber_Support @115873 refund my money immediately",@215775 We've sent you a DM.,Thu Oct 12 12:11:16 +0000 2017
uc_1218423,1218423,@115873 Why doesn't ur app work on phones which aren't running Google play services? or on Ubuntu touch phone? @Uber_Support @116288,@405883 We're here to help! Please send us a note here; https://t.co/QDn91HzZV0 so our team can connect.,Wed Oct 25 14:25:35 +0000 2017
uc_143594,143594,@Uber_Support Lol thanks for copy pasting a link instead of using context and common sense.,@148447 We're here to help! Send us a DM with your email address so we can connect.,Fri Nov 24 13:50:04 +0000 2017
uc_1876895,1876895,3am &amp; I'm lost on the streets &amp; my uber didn't show up. Thank God the police saved me 😩,@504635 We're sorry to hear that your Uber never showed up. Message us with details of the trip here: https://t.co/biBCTHpjMe so we can follow up.,Sun Oct 22 07:02:51 +0000 2017
uc_667902,667902,"My uber driver put cinnamon-scented pinecones on the dashboard, has a pine tree-scented air freshener on the rearview mirror, and is playing 1960s-70s Christmas music. @Uber_Support, is there anyway I can request the same driver every time?","@279217 Here to help! To know more about requesting the same driver, please visit; https://t.co/PvJvVAXmJC",Thu Nov 23 03:19:58 +0000 2017
uc_823647,823647,Who waited for who @115873 ? #deleteuber I waited and waited. Then called another driver. https://t.co/rQ5StAmx2H,"@184532 We've been in touch via email, Mike. Please be sure to keep an eye on your support thread for our follow up.",Thu Oct 12 23:29:21 +0000 2017
uc_1358197,1358197,@435368 @115873 I would ring the police nd report the number plate like they are a terrible company nd there drivers clearly arent bothered in public safety,@435900 Sorry to hear about that. Can you please send us a DM with your email address? From there we'll be able to assist further.,Fri Oct 27 19:53:29 +0000 2017
uc_2784802,2784802,I’m starving and @115877 acting dumb af,@777550 We're currently reviewing your email and will be in touch shortly. We appreciate your patience!,Mon Nov 27 00:34:17 +0000 2017
uc_2053898,2053898,".@Uber_Support you guys send promo codes only to not let them work when applied, is it? https://t.co/3BW6xHrsp7",@607443 Sorry to hear about the this! The maximum number of riders who can use this code has been reached. Please keep an eye out for more offers.,Fri Oct 06 04:40:33 +0000 2017
uc_1984310,1984310,@115873 y'all should hurry up and email me back. Y'all owe me 150$ and I'm gonna get a fucking refund. Your customer service is a fucking joke,"@125436 Hey there, Derek! We absolutely want to investigate this charge for you. A member of our team will be in touch via DM momentarily to assist.",Wed Nov 01 23:25:31 +0000 2017
uc_1956932,1956932,Pls I need @115873 driver that's available and responsible within surulere. Thank you,@580712 Hello there! You can head over this link on how to request a ride: https://t.co/WO53LpeQOR .,Wed Oct 18 16:51:36 +0000 2017
uc_1693795,1693795,Nor did he call back. I then used my @7640 app to request for a taxi which arrived in no time. Then I noticed my @115873 driver cancelled,@514001 Here to help! Send us a note via https://t.co/e8HVorX5rh so our team can connect.,Mon Nov 06 19:27:07 +0000 2017
uc_1231042,1231042,I have a question concerning a trip we took last night. We were charged 33 dollars and still had to walk 1.5 miles and cross several streets illegally. @Uber_Support,@408746 We're sorry to hear this was your experience. Please send us a note via https://t.co/WFtPA6RjWt so we can assist.,Sat Nov 25 19:22:42 +0000 2017
uc_2806752,2806752,@115873 @Uber_Support Never ever go for uber pool. It’s a way of cheating customers.,@646855 Happy to help! Please reach out to https://t.co/zUe0djo9gv and fill out the 4 boxes at the bottom so we can get in touch.,Wed Nov 22 03:38:32 +0000 2017
uc_2691269,2691269,@Uber_Support Still nothing but broken promises - no one has contacted me or resolved this yet.,"@264924 We're sorry to hear about the delay. Rest assured, we have notified the appropriate team and they will follow up as soon as possible regarding this.",Sat Nov 18 21:41:21 +0000 2017
uc_1455423,1455423,"@Uber_Support I was charged $11 from uber last night, but I didn't take one and we don't have uber in my city right now. Help please?",@457807 We're so sorry for the trouble. Send us a note via https://t.co/dInR3racif so we can assist.,Thu Nov 02 15:06:34 +0000 2017
uc_930993,930993,@115877 Wow I will never use your services again. They threatened to have my acct permanently deactivated bc I report when food is missing,@340845 Sorry about that! Our team is aware of this issue. Please DM us your email associated with your account so we can take a look.,Tue Oct 10 22:48:40 +0000 2017
uc_360306,360306,@Uber_Support Hey did you see my tweet??,"@201330 We're followed up via DM, Lilly. Please check directly there for a response.",Sun Oct 08 16:02:13 +0000 2017
uc_1690400,1690400,@115873 I need help! Your help desk keeps sending the wrong receipt to my account and my issue isn't resolved,@513184 We're here to help! Send us a DM with your email address and so we can follow up.,Tue Oct 17 16:50:20 +0000 2017
uc_1642068,1642068,@115873 is playing games with me with the ride pass this month and I’m not happy!,"@237664 Hello! If you are eligible to purchase a ride pass, you will be sent a notification via email when passes have become available.",Sun Nov 05 21:08:09 +0000 2017
uc_1709662,1709662,@115873 my uber driver was very rude and told me I had to leave or I was gonna be in the car for 40 mins when I was just going up the road to the bank 🤦🏽‍♂️,"@306455 Hi, here to help! Kindly send us a note here; https://t.co/TmWmJyGFaK so our team can assist.",Thu Nov 30 21:25:33 +0000 2017
uc_2735793,2735793,@Uber_Support worst customer service! No one can call? What kind of joke is this? I want my uber eats account completely deleted!,@571031 We've been in touch via DM!,Sun Nov 26 23:49:12 +0000 2017
uc_2261882,2261882,If one more @115877 person forgets my damn sauce I’m suing everybody.,@422188 Here to help! Send us a note here https://t.co/ZFaWy0Lkdu and our team will be in touch.,Sat Nov 11 02:45:23 +0000 2017
uc_2177694,2177694,"@Uber_Support This is your support yet, Uber support is only active on Twitter. Not in reality. No action yet, its been going to be three weeks now. Sir, this is how private cab firms are working take some action and make a good policy so that they cannot loot comonppl. @133052 @103082 https://t.co/EhtC1tjXKr","@638291 We have routed this to the appropriate team who will be in contact within the in-app help section momentarily, Dhananjay.",Sun Nov 19 11:09:12 +0000 2017
uc_1959518,1959518,@Uber_Support Can you please provide me via DM a phone number where I can reach the call center?,"@581267 Sorry for the trouble! At this moment, we don't offer phone support for these issues. Visit: https://t.co/balq3Eyso6 so our team can assist.",Mon Oct 30 20:45:45 +0000 2017
uc_1967241,1967241,@Uber_Support https://t.co/FzUydEGW4T,"@582959 We're here to help. Let us know if you have any specific questions, or visit our help site at https://t.co/9zsMJKZ2dB for more info.",Tue Oct 31 12:31:29 +0000 2017
uc_1642058,1642058,@Uber_Support It wont let me log into my account on a different phone,@501953 Please send us a note here https://t.co/xvvNUlLyrE so we can further assist.,Mon Nov 06 00:26:43 +0000 2017
uc_567913,567913,Really @115873 ? You guys charge a cancellation fee a second after someone accepts a ride? This dude is 15+ mins away from me... https://t.co/mKyTepBiJv,@253215 Happy to help! Please visit this link; https://t.co/a58D3EyAX3 for more info.,Sun Dec 03 02:14:49 +0000 2017
uc_699920,699920,@115873 There is nothing here that explains the immorality in jacking up prices at times when people are most vulnerable @115873 @Uber_Support https://t.co/cYmaQQ0Q6z,@286991 We're so sorry about that! Please send us a DM with your email address with details so we can connect.,Thu Nov 23 16:25:38 +0000 2017
uc_1418117,1418117,I HATE having @115873 drivers who aren't from city you're in &amp; know nothing. You literally just took longest route possible. Should've walked.,@449610 We're sorry to hear this was your experience. Contact us via https://t.co/y4EDPcVZOI and we'll be in touch.,Wed Nov 01 22:48:39 +0000 2017
uc_1556768,1556768,@Uber_Support Let me know the way by which I can avail the offer as sent by your esteemed team.,"@225661 Happy to help, Arunima! We'd like to take a closer look into this. Sign in and visit us at https://t.co/L2aXwAc0Tb so we can follow up.",Mon Nov 06 07:33:44 +0000 2017
uc_1160741,1160741,"@Uber_Support Charged £5 for the privilege of waiting on the side of the road and driver not showing up-website unhelpful for refund, help?",@393089 Here to help. Kindly send a note here: https://t.co/JyzdtQmyxT so we can connect.,Tue Oct 24 16:36:02 +0000 2017
uc_526206,526206,@Uber_Support Done. It's under __email__,@140808 We're currently reviewing your email and will be in touch shortly. We appreciate your patience!,Sat Dec 02 06:58:42 +0000 2017
uc_1006147,1006147,@Uber_Support Is there a way in the driver app to turn off the ability to get a ride request before I finish the one I'm on?,"@358132 Happy to help, Jeff. Please DM us your Uber account email address so we can follow up. https://t.co/sd7yH5jmbJ",Sun Oct 22 15:09:37 +0000 2017
uc_2677465,2677465,I have zero tolerance for @115873 drivers who don’t get out and help with your bags. Automatic 1 Star.,@753526 We're sorry to hear about your experience! Can you please contact us via https://t.co/wW2bTlNcsR so our team can connect.,Tue Oct 31 13:53:45 +0000 2017
uc_1189512,1189512,@Uber_Support dis is wat i get https://t.co/gggmbshOkP,@145877 Here to help! Please send us a DM of the email address connected to your account so we can take a closer look.,Wed Oct 25 06:45:02 +0000 2017
uc_2808997,2808997,@Uber_Support i don’t want the food anymore!,@198689 We've replied to your message via DM and humbly ask you to check your messages.,Wed Nov 22 06:06:49 +0000 2017
uc_988925,988925,@Uber_Support @115873 @119983 been trying to get response on unrealistic charges applied by Uber on my last ride. No response received.,"@347201 Thanks for reaching out, Rohit. It appears that our team has followed up with you via email regarding this matter.",Sun Oct 22 07:04:15 +0000 2017
uc_2584473,2584473,"@Uber_Support hi, i am going to New York from sf and want to drive in there, how can I see rental services and plans through uber platform, and add on my account to drive, can you help me out with this, thank you",@293525 Here to help. Send us a note at https://t.co/FF2YGTGjuA so our team can connect.,Thu Nov 16 23:43:40 +0000 2017
uc_408002,408002,"@Uber_Support My name is Evaster Bishop,917 617 2155..never had a password,I see I have $7 pending,my first ride is schedule for __email__","@212262 Here to help, Evaster! That sounds like an authorization hold. Please follow this link; https://t.co/Nds0OqxVEC to get more information.",Mon Oct 09 23:02:28 +0000 2017
uc_231212,231212,@Uber_Support __email__,"@171055 Please check the ""Help"" section of the app as we have been in touch regarding your account.",Thu Oct 05 06:14:03 +0000 2017
uc_1477639,1477639,Why is my Uber driver vaping @115873,@463102 That doesn't sound right! Can you please contact us via https://t.co/fS660rQ8NQ so our team can connect?,Thu Nov 02 22:58:05 +0000 2017
uc_1311384,1311384,@Uber_Support I took my friends phone &amp; checked prices simultaneously. First d refund was made after months follow up &amp; nw tis is he u gonna tk it back.,@426434 Happy to further assist! Please send us a note to the previous link provided to look further into this.,Sun Nov 05 12:43:02 +0000 2017
uc_520846,520846,Worst Uber experience ever. Was dropped off before my destination for “insulting” the driver by giving directions. Never again #uber @115873 https://t.co/4B8thoClIY,@240241 We're sorry to hear this was your experience. Contact us via https://t.co/iOszeeZA9o and we'll be in touch.,Sat Dec 02 03:02:12 +0000 2017
uc_273477,273477,@Uber_Support seriously someone needs to respond now this is a joke.,"@181327 Hi Lex, have you connected with our in app/live EATS team just yet? If not, please DM us your email address and details.",Fri Oct 06 01:02:43 +0000 2017
uc_310850,310850,@Uber_Support I can't use my gift card credits for a ride! It says payment invalid for some reason,"@190233 Happy to assist, here is a link to help you understand why the credit card payment will not work. https://t.co/v1M6JSVq4u.",Sat Oct 07 02:04:48 +0000 2017
uc_996782,996782,@Uber_Support I’ve already called customer service and they say you have but bank hasn’t received anything I’m missing $130.05.,"@356038 As we're unable to discuss driver payments over social media, Kevin, we ask that you keep all correspondence for this in-app.",Sun Oct 22 16:36:07 +0000 2017
uc_2143552,2143552,Hey @115873. We need to talk. Your company isn’t keeping the elderly safe. My parents were picked up by one of your drivers who took their credit card and charged them an extra $27 with a machine in his car. They also got 2 more charges: cancelation fee &amp; $19 trip fare! Wtf guys,@630215 Here to help! Please send us a DM with your email address with details so we can follow up.,Wed Nov 08 22:39:48 +0000 2017
uc_1843754,1843754,@115873 Can you please ask your drivers in Jordan to stop smoking in the car. Ur cars' smell is disgusting,"@552426 Sorry for the inconvenience. Send us a note here, https://t.co/fS660rQ8NQ and our team will be able to assist.",Sun Nov 26 07:35:19 +0000 2017
uc_1935937,1935937,"@115873 my rating has dropped from 4.58 to 4.31 with no apparent reason, getting the hump now, all my rides are 5star and yet it’s dropped :(",@575936 Hi there! Please visit; https://t.co/kWptmPiR2h for more info. Please let us know if you have any other questions or concerns.,Fri Oct 27 20:36:07 +0000 2017
uc_1270604,1270604,@Uber_Support DM,@417487 We've followed up through DM.,Mon Oct 16 01:15:58 +0000 2017
uc_455586,455586,Can't scan my card @115877 what gives?,@223142 We're sorry to hear this was your experience. Contact us via; https://t.co/3eYc7uUEUm and we'll be in touch.,Thu Nov 30 23:41:54 +0000 2017
uc_1936927,1936927,"@115873 your driver just accepted my ride to then call and say ""actually it's too far, can't be bothered, please cancel"".. advise? #uber",@576240 Sorry to hear about the trouble! Send us a note here https://t.co/pCZ12w4Rxo and a member of our team will be in touch asap.,Fri Oct 27 23:01:40 +0000 2017
uc_2603201,2603201,@Uber_Support I did check but this is clearly a weird case. See part 2,"@736660 Thank you for your feedback, Edward. If there's a specific instance you'd like us to look into, go ahead and DM us your account email along with a few details of your issue, and we'll take a look. Thanks!",Sun Nov 26 21:25:48 +0000 2017
uc_2241667,2241667,@115873 @Uber_Support I keep receiving low rating from drivers when every single ride I have taken has been quiet and uneventful. I am considering closing my account and deleting the app.,@410457 Here to help! Send us a note via https://t.co/QDn91HzZV0 and we'll be in touch.,Fri Nov 10 20:18:16 +0000 2017
uc_1635241,1635241,This @115873 driver is tripping 😰we just keep making circles tffff,@500211 We're sorry to hear this was your experience. Contact us via https://t.co/fS660rQ8NQ and we'll be in touch.,Sun Nov 05 20:52:02 +0000 2017
uc_969313,969313,"@115873 if I take my transponder with me while I’m with an Uber driver, do I get charged extra?","@350080 Here to help! Follow up here; https://t.co/SjsQQ8ofRq, and our team will connect right away.",Sun Oct 22 06:46:12 +0000 2017
uc_262714,262714,@Uber_Support hey team need some help,"@178587 Hey there, Jeff! We're happy to help, what do you need assistance with?",Thu Oct 05 20:35:44 +0000 2017
uc_1606409,1606409,"@Uber_Support Hi, I added a US promo code to my account by accident, but I live in Toronto so it's not valid is there a way to switch it?",@493480 Here to help! Send us a note here https://t.co/O1dsjntprg and our team will be in touch.,Sun Nov 05 02:14:27 +0000 2017
uc_1122349,1122349,@Uber_Support This Driver Cancelled the trip since It is card payments when I send to pickup my mom and Requested Outside Payment from her https://t.co/qgjF56QZub,"@310454 Here to help, Chandimal! Send us a note here, https://t.co/e8HVorX5rh, and our team will follow up.",Tue Oct 24 06:52:49 +0000 2017
uc_2786539,2786539,@Uber_Support That's great but he didn't even turn up... I was waiting there the whole time.... It's funny how he didn't get there but the other under driver did. Just a shit service,@429856 Hi there! Please send us a DM with your email address so we can connect.,Tue Nov 21 19:15:21 +0000 2017
uc_1709852,1709852,"@115873 hi, I’m in a different country, I bought a new phone and I cannot use Uber because the verification code arrives hours later. Could you help me, please? Thanks.",@518045 We see your DM and a member of our team will be in touch shortly.,Thu Nov 30 20:58:26 +0000 2017
uc_343646,343646,@Uber_Support my account is still not working - none of payment cards r accepted. This is the 5th time of account not working...,"@197791 Here to help! Follow up here; https://t.co/yqIhbGRNqi, and our team will connect right away.",Wed Nov 01 22:17:12 +0000 2017
uc_535289,535289,@Uber_Support I have been charged with paytm and cash for this trip. Pls. Help to get my money back. https://t.co/w96uW2P3sR,@244011 Here to help! Send us a note here; https://t.co/QnJthn5XxC and our team will be able to help.,Sat Dec 02 12:37:28 +0000 2017
uc_424394,424394,@Uber_Support Can you just DM me please,@189540 You can DM us by using this link: https://t.co/sd7yH5jmbJ,Sat Oct 14 21:42:21 +0000 2017
uc_2312632,2312632,@115873 u can't re-gift a feature &amp; call it 180. days of change cause you can't figure out how 2 make drivers happy while exploite them.,@670667 Here to help! Please send us a note via https://t.co/QDn91HzZV0 so our team can connect.,Sun Nov 26 15:59:16 +0000 2017
uc_683926,683926,@Uber_Support Done. Filled them out.,@283225 Thanks for letting us know. Support inquiries are responded to in the order they're received in. We appreciate your patience and understanding while our team works hard on your issue. Please keep an eye out for updates via in-app support and respond there as necessary. Thanks!,Thu Nov 23 12:08:43 +0000 2017
uc_1496089,1496089,@Uber_Support I already sent a damaged report. They want to refund one item. I told them i should not pay for delivery but they don't care. Bad service,@467358 That doesn't sound right. Can you please send us a DM with your email address so we can look into this with you?,Fri Nov 03 12:12:59 +0000 2017
uc_981546,981546,@Uber_Support isn’t an UberX supposed to be able to hold 4 people?,"@352726 Hi, Kenny! Please visit https://t.co/mWp4a8wwi8 for more information on uberX.",Sat Oct 14 04:45:57 +0000 2017
uc_704738,704738,Our @115873 driver didn’t follow the directions on his GPS so our $20 ride in NY turned into a $50 ride and I am livid 😡,@288420 Sorry to hear about that! Can you please contact us via https://t.co/y4EDPcVZOI so our team can connect?,Thu Nov 23 17:59:01 +0000 2017
uc_1120083,1120083,@Uber_Support Tried that still haven’t heard back. I never even cancelled my ride...the driver just accepted the ride saying I was in there but left,@384261 We're so sorry for the trouble. Please send us a DM with your email address so we can connect.,Tue Oct 24 16:48:57 +0000 2017
uc_1769507,1769507,"Used @115877 a bunch at work...not after today! Thanks for NOOOOOTHING!! Ok, that is all! Why is customer service so hard for people?",@532001 We're here to help! Send us a DM with your email address and more details so we can follow up.,Tue Nov 07 22:46:19 +0000 2017
uc_1501925,1501925,@Uber_Support This is appalling. I’ve explained the problem now to three people - twice for each of them. First claimed to have fixed it,@468611 Hey David! We are sorry for the trouble you are having. Can you please send us a DM with more details and we will follow up.,Mon Oct 16 20:12:15 +0000 2017
uc_584139,584139,"@Uber_Support not able to add one of my credit card for payment. it is showing ""this card has an outstanding balance on it"". How to resolve. can you send some link for balance payment.",@257823 Here to help! Please send us a note via https://t.co/76zx6Rm1i6 so our team can connect.,Sun Dec 03 13:58:41 +0000 2017
uc_2103969,2103969,@Uber_Support Booked Uber pool ride on 31/07/17.Driver asked me to cancel.I have been charged for the same.Did not use Uber app since then.,"@621169 Sorry to hear about the unrecognized charge, please reach out here so we can help: https://t.co/dInR3racif",Thu Oct 19 04:25:35 +0000 2017
uc_1869472,1869472,@Uber_Support I’ve done that three times no one ever gets back to me,"@558372 We can follow up, Angela. Can you please send us a DM with your account email address? https://t.co/sd7yH5jmbJ",Thu Oct 19 22:26:24 +0000 2017
uc_2577666,2577666,"LOL YEAH, sorry @115877 I DO EXPECT my food at a temperature fit for consumption 😂😂 😂😂🙈🙈 terrible customer service! Food arrived colder than the iced drinks 🤷🏼‍♀️🤷🏼‍♀️ https://t.co/2LTsRBx8hm",@252066 We're sorry to hear this. Can you please send us a DM of your email address so we can look into this?,Sun Nov 26 20:39:13 +0000 2017
uc_824794,824794,@115873 you deactivated my account right now when I need an uber ride urgently... I thought safety was priority!?!,@316434 Here to help. Send us a note at https://t.co/Md7v036OoC so our team can connect.,Fri Oct 13 00:15:52 +0000 2017
uc_1344720,1344720,"(1) On wednesday Oct/25/2017, I was harassed by my @115873 driver. He made gross comments, constantly turned around to look me up and down",@433580 We absolutely want to follow up right away. Please send us a DM with your email address so we can connect.,Fri Oct 27 16:27:44 +0000 2017
uc_1005297,1005297,@115873 is overrated. Ordered a cab and it takes half an hour to come because hes dropping somebody off first! I didnt want to make kick off anyway you bellends!,@357947 Sorry to hear that. Kindly send us a note here; https://t.co/e8HVorX5rh and our team will get in touch.,Sat Nov 25 17:13:29 +0000 2017
uc_2038764,2038764,@115873 unethical things all the time. Charged for the trip which i never took... want your reply asap. Why going so worst,@441806 Our team is reviewing your email now and will be in touch. We appreciate your patience.,Sun Nov 26 11:32:37 +0000 2017
uc_1017510,1017510,@Uber_Support @123288 Wen i booked the cab it showed 215 bt it was showing 243 to driver.i was forced to pay it.need a clarification asap,@360746 We're happy to connect. Please reach out at https://t.co/wW2bTlNcsR and a member of our team will be in touch shortly.,Sun Oct 22 17:16:34 +0000 2017
uc_933361,933361,@Uber_Support how do I contact my uber if I left my phone in the car?,@341387 Here to help! Get in contact with your driver here; https://t.co/Sy2fWIhhC2.,Sat Oct 21 11:28:51 +0000 2017
uc_15337,15337,"@115873 VERY unhappy with @115873 customer service. I've been incorrectly charged on personal trips after attempting to use credits/points that I have on file. I've opened customer complaints but responses are unhelpful and issue not resolved, totaling over $150 of incorrect charges",@119369 Happy to further assist you. Can you please send us a DM (direct message) with your email address and additional details?,Wed Nov 01 02:09:49 +0000 2017
uc_1746160,1746160,@Uber_Support I've been a driver for over 2 years. I need to know if I can change my vehicle to a 2009 Lincoln MKZ? Is this vehicle supported thru Uber? Same for UberEats?,@526462 Happy to follow up! https://t.co/1Nn5guFESc so we can connect.,Tue Nov 07 15:13:29 +0000 2017
uc_2250225,2250225,@Uber_Support I need a support number for ubereats in Toronto,@655605 Need help with an in-progress order? Just give our support team a call at 1-800-616-9156 and we'll assist.,Thu Oct 19 17:34:10 +0000 2017
uc_1528146,1528146,@Uber_Support should I show you the automated response I received or do you actually intend on helping your partners?,"@394958 We've replied via DM, please follow up there.",Tue Oct 17 05:50:10 +0000 2017
uc_2167351,2167351,@Uber_Support Plus. Why didn't he just leave them there?,"@636005 Hi, Eliza. Please continue to follow up with our team within in-app support for additional assistance. We appreciate your continued patience and understanding.",Thu Nov 09 08:27:19 +0000 2017
uc_46617,46617,@Uber_Support I know somebody better message me back ASAP cause y’all driver is harassing me,@126360 We absolutely want to follow up right away. Please send us a DM (Direct message) with your email address so we can connect.,Wed Nov 01 16:25:35 +0000 2017
uc_2939678,2939678,@Uber_Support I'm not able to login uber app after changing phone and my previous mail is deactivated.Please restore my account......call at 9989707531,"@812491 We're here to help! Send us a note here, https://t.co/Md7v036OoC and so our team will assist.",Wed Nov 29 13:11:39 +0000 2017
uc_2412843,2412843,@162763 @115877 @148768 same!!! three ppl in my office have had it cancelled :/,"@693640 We're sorry, and we're working hard to sort a technical issue caused by high demand. Please doughnut worry, there will still be plenty of time to order. If you're not immediately connected, do try again.",Tue Nov 14 14:30:49 +0000 2017
uc_2762793,2762793,"@Uber_Support Is that all you can do? What'll happen to the loss &amp; trauma that I've suffered? I just get robotic responses from your team. Forget passenger safety, this basic issue stands unresolved. Thank you Uber for your time.",@772894 So sorry about that! Send us a DM with your email address so we can connect right away.,Tue Nov 21 07:39:44 +0000 2017
uc_2632347,2632347,@Uber_Support This is what happens when I try to do that. Nowhere to write anything. Can you message me instead? https://t.co/Oq51eeDAP0,@446278 We've been in touch via DM!,Sun Nov 26 22:02:11 +0000 2017
uc_1598271,1598271,When your @115873 driver is working on a reckless driving ticket while you’re in the car. 😳I just want to make it to #margaritaball in 1 piece,"@490905 Sorry for the trouble! Send us a note here, https://t.co/fS660rQ8NQ, and our team will be in touch.",Sun Nov 05 03:11:37 +0000 2017
uc_2477756,2477756,"@Uber_Support I did. And it's BS that you don't list the driver who accepted the fare and then cancelled it. So I wasn't able to flag him as having done something inappropriate. But I'm confident you have the data there somewhere, so I expect some kind of action.","@495981 Hi, Wade. We've located your support inquiry and have requested that a member of our team follow up with you directly. Thank you for your patience and understanding.",Wed Nov 15 23:39:46 +0000 2017
uc_1719718,1719718,@Uber_Support Please check my last tweet for a screen shot and track me down to prove you care for your customers. If not I got it. @1143 @151419,@520562 We want to look into this for you. Please send a DM our way with your account email and phone number so we can connect.,Tue Nov 07 07:18:36 +0000 2017
uc_760564,760564,@Uber_Support Stuck in Onboarding status! Please advise.,@301733 We have followed up via DM.,Wed Oct 11 17:20:59 +0000 2017
uc_1604536,1604536,@Uber_Support done :),"@492258 Hi, Marko. We see your DM and will follow up there shortly!",Sun Nov 05 18:26:25 +0000 2017
uc_2948864,2948864,@Uber_Support Still requires me to sign-in. Without my phone I can't two-factor authenticate.,@814406 Sorry to hear about the trouble! Send us a DM with your email address so we can connect.,Wed Nov 29 16:41:53 +0000 2017
uc_1668429,1668429,"Made complaints @115873; drivers didn’t show up to the designated location, then left; @115873 app hasn’t worked since; Thank God for @115879",@508093 Here to help! Send us a note at https://t.co/593jusCquh and a member of our team will follow up soon.,Mon Nov 06 11:57:36 +0000 2017
uc_739858,739858,"Yo @Uber_Support, pls teach your drivers the difference b/w airport arrivals and departures before charging the passenger for cancellation.","@296936 Happy to help. Please go here https://t.co/h840Iouehc, so we can take a look.",Wed Oct 11 11:53:44 +0000 2017
uc_1865289,1865289,@115877 It shouldn't be this hard to change payment methods.,@557271 Sorry to hear about the trouble. Send us a note at the following link and a member of our team will follow up - https://t.co/Di5NFaVdVB,Fri Oct 20 16:27:21 +0000 2017
uc_960760,960760,@347997 @115873 @Uber_Support Whats worse is i missed last one now i have to wait 9 more days for next one,@347996 We apologize for the trouble! Please DM us your email address and we'll follow up.,Sat Oct 21 23:44:24 +0000 2017
uc_1904970,1904970,@Uber_Support I just lost 25 minutes of earnings because of your app. Thanks a lot.,@195839 Sorry for the trouble! Please try these following steps: https://t.co/ektH16yshQ. Please let us know if you'll still encounter these issues.,Wed Oct 25 11:19:54 +0000 2017
uc_114532,114532,@Uber_Support Email sent via your link provided. Thank you,@141465 Thank's! Our support agents respond to inquires in the order they're received. We know how time-sensitive this issue is for you. Hang-tight for us!,Thu Nov 23 21:38:44 +0000 2017
uc_2866527,2866527,@Uber_Support __email__,@796152 We just sent you a DM. Please check your messages.,Tue Nov 28 00:58:38 +0000 2017
uc_1508098,1508098,@115873 Hey! So after my last Uber ride I have gone down in rating despite being friendly and polite 😔 Please can you tell me why?,@470028 We're here to help! Please visit for more info; https://t.co/kWptmPiR2h.,Fri Nov 03 13:46:56 +0000 2017
uc_2255918,2255918,@Uber_Support I keep getting ride passes for a city I moved from months ago. How do I switch to my current city?,@657050 Let's take a further look into this. Please send us a DM with the email and phone number linked to your account.,Fri Nov 10 23:31:35 +0000 2017
uc_2520887,2520887,@115873 my driver has walked off with my valuables and uber have done nothing about it,"@560622 Looks like you just reached out to us, Louka. We've received your message and will be following up with you asap. Additionally, you can contact your driver here: https://t.co/rOtqyWzf0B.",Thu Nov 16 01:17:19 +0000 2017
uc_2431569,2431569,@Uber_Support help I’m getting these messages 🙃🙃 https://t.co/Z02dezI1GU,@695283 We're sorry you didn’t get your free Original Glazed Dozen box. Demand was through the roof and stocks ran out. Stay tuned for more fun promotions soon!,Tue Nov 14 18:11:35 +0000 2017
uc_2529551,2529551,@Uber_Support hi. I left something in the cab. How can I message my driver? He asked me to message him my number?,@720151 Here to help! Get in contact with your driver via https://t.co/Sy2fWIhhC2.,Mon Oct 30 09:05:35 +0000 2017
uc_1215664,1215664,@Uber_Support can we please stop receiving emails 2-3 emails/day to be a driver? Can’t find in our settings. Thx for info,@401903 Here to help! Send us a note via https://t.co/fyn3pRpCG3 so our team can get in touch.,Wed Oct 25 16:46:06 +0000 2017
uc_2716484,2716484,@Uber_Support I will text or post anything after that ok I don’t want to highlight anything because my experience with Uber very good than other app so please make it fast,"@189704 Sorry to hear about the troubles, Deepak. A member of our team has recently followed up with your inquiry. Please continue to follow up with that thread to help prevent any miscommunication.",Mon Nov 20 07:27:35 +0000 2017
uc_470244,470244,@Uber_Support __email__ 8447505628 Paid amount 42/- https://t.co/aHriguDrAU,"@226957 Hey, Mintu. We recommend not posting your private account information to the public. Please send us a DM as requested. https://t.co/sd7yH5jmbJ",Fri Dec 01 07:53:53 +0000 2017
uc_584146,584146,"@Uber_Support is it some scam or what,my last ride issue of over charging is pending and yet again,I am being charged 4times more thn the rate booked on,charged for 48.3km(actual 2.5km),booked for Rs36(after coupon discount) &amp; charged for Rs133,How it is possible.",@228250 Our team is reviewing your email now and will be in touch. We appreciate your patience!,Sun Dec 03 13:58:46 +0000 2017
uc_1105624,1105624,@Uber_Support I have an extremely urgent matter. A driver took off with an envelope instead of delivering it to me as instructed.,@380914 This is not ok. Sorry to hear about this! Send us a DM with your email and the order details so we can take a look.,Mon Oct 23 21:26:40 +0000 2017
uc_2134258,2134258,@627926 @115873 Yep. I like the policy as a general matter. I don't like the I'm not going to the airport policy this driver has. It's the airport!,"@627925 Hi, Hakeem! Go ahead and check your DM for further details.",Wed Nov 08 16:46:44 +0000 2017
uc_1174872,1174872,@115877 does not honor full refunds on incorrect orders. I happily closed my account after receiving this email. https://t.co/BD89JOJ7qO,@396349 Sorry for the trouble! Can you please send us a DM so we can look into this?,Tue Oct 24 20:25:57 +0000 2017
uc_349786,349786,@Uber_Support Thanks uber! Issue resolved,@199228 You're welcome. Let us know if you have any other concerns. We're here to help!,Sun Oct 08 13:33:04 +0000 2017
uc_2968417,2968417,@Uber_Support I requested an Uber Pool for less than $4 and was charged $21 on my receipt from the trip. I would like my account refunded because I was grossly overcharged by Uber,@544301 Here to help! Send us a note via https://t.co/oEOANqFpjc so we can assist.,Wed Nov 29 23:51:59 +0000 2017
uc_579468,579468,"@Uber_Support @137317 after a 45 minute wait, you just cancel my order. Why? https://t.co/VxynrPtITd","@256463 Hi there, Oli! Simply visit this link for more info https://t.co/BjBRiTu5jM",Sun Dec 03 10:54:00 +0000 2017
uc_2133327,2133327,"@Uber_Support hi, signed my father up with my promo code for £5 off UK but he’d rather have $15 off in USA as travelling soon. It won’t apply this - so can you remove the existing code and apply hifreeride to the account? Thanks","@627699 Due to our privacy policy, we will have to speak directly to the account holder. Please have them contact us via https://t.co/balq3Eyso6",Wed Nov 08 19:54:46 +0000 2017
uc_2872861,2872861,@115877 about to PISS ME OFF I’m hungry and y’all app tripping,@797620 Here to help! Send us a note here https://t.co/EGiaYE5JMU so we can assist.,Tue Nov 28 03:28:18 +0000 2017
uc_2031532,2031532,@115877 Fear not @115877 you cancelled it anyway. What an absolute mare of a way to operate this is. #Shambles https://t.co/iublJOPIsK,@600713 Here to help. Send us a note at https://t.co/StKy7B0k57 so our team can connect.,Sun Oct 29 02:25:18 +0000 2017
uc_430816,430816,@Uber_Support trying to cash. Says I need to wait a week. I can’t afford that. I need the cash now to pay bills.,"@217446 Happy to help, Pamela! Please reach out to us here: https://t.co/S3MfNVJl8Q to further assist.",Tue Oct 10 14:15:45 +0000 2017
uc_146827,146827,@Uber_Support Need money back pls babu,@149336 Sorry to hear about that! Send us a DM with your email address so we can follow up.,Fri Nov 24 14:31:19 +0000 2017
uc_2976722,2976722,@116288 How horrible can Uber support be??got 3 emails from 3 persons who have no clue on resolution and answer like robots. Not a single call to understand the problem.sick of this @116276,@809897 Hi Indranil! It seems a member of our team has reached out to you. Please check your email and follow up with them there.,Thu Nov 30 03:04:30 +0000 2017
uc_2213454,2213454,My @115873 has been a minute away for 10 minutes now.🙄,@646876 Here to help! Follow up here; https://t.co/e8HVorX5rh and our team will connect right away.,Fri Nov 10 03:49:08 +0000 2017
uc_2401584,2401584,@115877 ive just ordered from Mcdonalds and they missed one of my drinks when i try call them theres no answer. How do i get refund,"@329457 Hi, Bijal. We'll be following up via DM shortly.",Fri Oct 20 13:11:59 +0000 2017
uc_267883,267883,Anyone else having issues with @115877? #UberEATS https://t.co/d60X8KRHtl,"@179877 Sorry to hear this, Justin! Please send us a note at https://t.co/PwMnPVp5yK so we can look into this for you.",Thu Oct 05 21:14:50 +0000 2017
uc_2622801,2622801,@Uber_Support UBER! I can’t get into my account and it’s not letting me update my phone number! HELP NOW BEFORE I GO TO LYFT.,"@740982 Here to help! Send us a note here, https://t.co/RY2a0oDSbF and our team will follow up.",Fri Nov 17 16:39:43 +0000 2017
uc_1432015,1432015,@Uber_Support I have mentioned the required info as per your request. Please check in aap,@452527 We've followed up via in-app. Please check your app for an update.,Fri Nov 03 14:18:20 +0000 2017
uc_518906,518906,"@Uber_Support I did everything it says on that page, any other ideas?",@239721 We're here to help! Send us a DM with your email address so we can follow up.,Sat Dec 02 02:07:46 +0000 2017
uc_2614687,2614687,"@115877 @Uber_Support how is I can deliver for restaurant last night, then today, can't find them in the app to order my own food??? WTF","@124546 Sorry to hear that, Alan! Please send us a note with your delivery address and the restaurant details at https://t.co/wLKQOAMWCk so we can look into this further for you.",Sun Nov 12 21:08:14 +0000 2017
uc_1940164,1940164,@577071 @115873 Not being funny but I’ve had an Uber driver that could not speak hardly a word of English. Unreal taxi journey like,@705851 We're sorry to hear about your experience! Please contact us via https://t.co/z8NNR56eyf so we can follow up.,Sun Oct 29 20:15:38 +0000 2017
uc_1176154,1176154,@Uber_Support Still haven’t heard anything from anyone about my refund,@166554 Happy to help. Can you DM us your email address associated with your Uber account so we can follow up?,Mon Oct 16 13:59:05 +0000 2017
uc_364116,364116,Please make me understand why you deducted money twice from my account @115873. Please can you look into this,"@202299 Sorry for the trouble! Send us a note here, https://t.co/DceIRNI6kV, and our team will be in touch.",Sun Oct 08 18:58:02 +0000 2017
uc_2595577,2595577,And Fuck @115873 for pretending they will give a fuck about this. This asshole drove away and took my money and I had to take a cab anyway. FUCK! https://t.co/CmZZbkYXoq,@734940 Hey there! We've just followed up with you via DM.,Fri Nov 17 03:07:55 +0000 2017
uc_1255732,1255732,Still continuing to receive the worst customer service from @115873,"@372533 Hi, Olivia. Sorry to hear that you're having an issue. Please DM us with details on the issue you're having.",Thu Oct 26 06:43:13 +0000 2017
uc_21991,21991,@118730 Dose Uber Eats need Full G license ?,"@120789 Here to help! Send us a note here, https://t.co/uRjsQ64qLY, and our team will follow up.",Wed Nov 01 07:49:59 +0000 2017
uc_488735,488735,just got charged for a trip that my driver cancelled what the hell @Uber_Support,"@231378 Here to help! Send us a note here, https://t.co/h840Iouehc and our team will follow up.",Fri Dec 01 16:05:19 +0000 2017
uc_273407,273407,@Uber_Support No one contacted me till now....and also I am not able to ride using app .,"@181305 A member of our team has been in touch via email, so please check your inbox and follow up there directly",Tue Sep 26 07:53:11 +0000 2017
uc_30572,30572,@Uber_Support Uber express picked 6:08am ride then called asking for destination. Felt unsafe to give over phone.He hung up &amp; canceled ride!,@122728 Sorry to hear about that! Please send us a note via https://t.co/593jusCquh so we can assist.,Wed Nov 01 11:16:47 +0000 2017
uc_2812960,2812960,"@Uber_Support I'm having problems with my account, could you tell me why? https://t.co/iYCC9D8CKu",@784336 Here to help! Send us a note at https://t.co/xMxswVLBKT so our team can connect.,Mon Nov 27 01:33:29 +0000 2017
uc_1882548,1882548,"@115877 @137317 ordered McDonald’s from butterfly walk, half food missing, rest cold &amp; covered in spilt drink. Not happy. Refund me?",@336538 Oh no! Please send us a DM with your email address on your account and the order details so we can look into this. https://t.co/sd7yH5jmbJ,Sat Oct 21 20:04:53 +0000 2017
uc_2724663,2724663,@115877 Justice https://t.co/paIRt3qAIf,@764193 Sorry to hear that! Can you please send us a DM (direct messages) of your email address so we can connect?,Mon Nov 20 12:06:44 +0000 2017
uc_2454635,2454635,How does every .@115873 driver have enough bullshit to talk about for 15+ minute ride #uber,@703163 Here to help. Send us a note at https://t.co/z8NNR56eyf so our team can connect.,Wed Nov 15 02:45:30 +0000 2017
uc_2507425,2507425,disgusted that @115873 quoted me £12-£17 for a trip and then charged me £25 and are now trying to tell me its MY fault! I did not keep the driver waiting therefore why am I being charged more? Deffos not using them again 🙃 stick to private companies x,@714884 We can definitely take a closer look! Please send us a DM with your email address so we can follow up.,Wed Nov 15 20:48:52 +0000 2017
uc_407108,407108,"@Uber_Support oh, still waiting too........",@159581 So sorry about the trouble! Please send us a DM with your email address and phone number so we can connect.,Mon Oct 09 23:04:32 +0000 2017
uc_2512412,2512412,@115873 shocking we are charged evn before taxi arrives Sez waiting charges Last time didn't wait 1min yet charged All this without consent!!,@716032 Here to help! Please visit https://t.co/LbVboQbAfy for more info.,Mon Oct 30 05:54:30 +0000 2017
uc_2426194,2426194,@115877 thanks for making me look like the office liar where are my @148768 donuts at,"@696696 We're so sorry you didn’t receive your free Original Glazed Dozen box, Lily. We experienced a technical issue. Stay tuned for more fun promotions soon!",Tue Nov 14 16:08:42 +0000 2017
uc_1388875,1388875,@Uber_Support hey I have an issue with my account. Is there a number I can call? I can't get access,@443102 We're here to help! Send us a note at https://t.co/Md7v036OoC so we can assist.,Sat Oct 28 10:39:23 +0000 2017
uc_2782092,2782092,"@Uber_Support I did my inspection yesterday, what's the next step? email on the account __email__",@776936 Happy to follow up! Contact us via https://t.co/ILb6VgllH9 so we can connect.,Tue Nov 21 17:21:06 +0000 2017
uc_2487366,2487366,"@Uber_Support ""We couldn't create a Family Profile. Please confirm your payment method is correct and try again."" 1) yes payment method is correct in profile and I use it all the time 2) you arent even asking for payment method 3) Ill use Lyft I guess.",@710422 Here to help! Send us a note at https://t.co/QDn91HzZV0 so our team can connect.,Wed Nov 15 16:25:23 +0000 2017
uc_2902704,2902704,Why does @115873 pretend there’s an error when my driver cancels before arriving to my location and they sneakily charge me a fee??,@803956 Here to help! Please send us a note at https://t.co/lyqXfbVdYK and we'll be happy to look into this for you.,Tue Nov 28 18:48:49 +0000 2017
uc_1078798,1078798,"@Uber_Support __email__ Please, I need it ASAP.","@374483 We see that a member of our team has responded to your inquiry within our support system, Eddy. Please check your inbox for updates!",Tue Nov 07 19:15:44 +0000 2017
uc_2492472,2492472,@115873 why the hell yall keep disabling my account?,@711562 Here to help! Send us a note via https://t.co/Md7v036OoC so our team can connect.,Wed Nov 15 17:54:50 +0000 2017
uc_293898,293898,Can I charge my @115873 driver £5 when they cancel on me please? Happened last 5 times I’ve book now. The future is bleak kids,@186023 We're sorry to hear this was your experience. Contact us via https://t.co/fS660rQ8NQ and we'll be in touch.,Fri Oct 06 17:11:53 +0000 2017
uc_17269,17269,"After entering a destination&amp;getting a calculated fare,imagine my surprise when I was charged 100% MORE than that.Will never use @115873 again",@119800 Here to help! Please send us a DM with your email address and more details about this fare so our team can connect.,Wed Nov 01 04:22:21 +0000 2017
uc_2407958,2407958,"Useless, *deletes app* @115877","@470400 Sorry to hear about the trouble, Joseph. Please try reinstalling the app on your device and requesting again.",Tue Nov 14 14:26:52 +0000 2017
uc_2422913,2422913,@Uber_Support I was charged for a trip when I had credit in my account. How do I speak to a human to resolve this?,@695883 We're here to help! Contact us through https://t.co/1xM0TILvAI and we'll be in touch.,Tue Nov 14 18:23:15 +0000 2017
uc_1583170,1583170,"@115873 4 drivers cancelled on us with no reason! Stranded at home, late for a party. Can we not trust uber anymore?",@487252 Here to help! Send us a note via https://t.co/e8HVorX5rh so we can connect right away.,Sat Nov 04 20:18:48 +0000 2017
uc_759933,759933,"@Uber_Support Sent a friend home in an @115873, saw an add'l charge (with no context as to what for) of $150 on my acct a week later. Why?",@301572 Sorry to hear about the trouble! Please DM us your account email so we can take a closer look into this.,Wed Oct 11 16:54:21 +0000 2017
uc_1546757,1546757,@Uber_Support Thanks! Will do!,"@478957 Hi, Jina. It seems a member of our team has reached out to you. Please check your email and follow up with them there.",Sat Nov 04 07:11:47 +0000 2017
uc_605264,605264,@Uber_Support Same email back all the time https://t.co/k1jbBYNSVr,@263860 Sorry to hear about the troubles. We have escalated your inquiry to the appropriate team who will be following up as soon as possible.,Wed Nov 22 11:52:34 +0000 2017
uc_2811817,2811817,@Uber_Support Sent you a message already. Please attend to this ASAP. This is an urgent matter as it has prevented the driver from taking other trips today. Thank you.,@784076 We're here to help! Send us a DM with your email address so we can connect.,Wed Nov 22 08:47:56 +0000 2017
uc_154541,154541,Boycott uber. Worst service. Ola is way better @115873 @1143 @Uber_Support @151419 #justice,"@151418 Hi, Lohit! Thanks for your patience. Please check your DM for our reply.",Fri Nov 24 16:39:36 +0000 2017
uc_2692939,2692939,@115873 you gonna fire that lying bitch and unsuspend Jameis account?,"@756941 We're here to help! Please let us know the email address associated with your account, as well as some info about the issue you're having. Our team will follow up.",Sun Nov 19 17:05:29 +0000 2017
uc_2601549,2601549,"Never using @115877 again, my estimates delivery time was 3:07 now it's 3:25....",@736345 Sorry to hear about this! Please visit; https://t.co/PYETc5dzl4 for more info regarding your concern.,Fri Nov 17 08:05:26 +0000 2017
uc_1632161,1632161,"@Uber_Support I did so. What's odd, he cancelled on me w reason of 5 min with, when I was outside freezing my ass off, waiting for him. More odd, I've never had issue with location pikup from other Uber drivers! I've never made an Uber driver wait 4 me!",@408006 We can definitely take a look! Can you please send us a DM (direct messages) of your email address so we can connect?,Mon Nov 20 14:56:21 +0000 2017
uc_2738064,2738064,@115873 using Uber for my first time and it’s not letting me use the first ride promo “hittheroad” as it says I’ve used Uber before. What’s up??,@767201 Happy to follow up! Contact us via https://t.co/EFYZbgbaCP so we can connect.,Mon Nov 20 20:35:48 +0000 2017
uc_2799506,2799506,"@Uber_Support I'm the admin of my business account, but I cannot add payment details through the desktop website, and I can't even connect to our company uber through my phone app.",@781059 We can take a look! Send us a note via https://t.co/yqIhbGRNqi so our team can get in touch.,Tue Nov 21 23:52:59 +0000 2017
uc_2130176,2130176,@115877 how come y’all don’t deliver to my house in San Antonio TX ? #PleaseHelp,@626989 Here to help! Can you please send us a DM with your email address so we can follow up.,Wed Nov 08 19:30:17 +0000 2017
uc_2712612,2712612,"@118730 I had the worst experience today with your customer support, close call to my actual experience with your service. #fail",@761569 Here to help! Send us a note at https://t.co/h840Iouehc so our team can connect right away.,Mon Nov 20 03:02:32 +0000 2017
uc_597334,597334,@Uber_Support You should ask your team to follow up with tbe driver. Not me. I have said what I had to.,@194074 Please follow up via in app support with any further questions or concerns.,Tue Nov 28 03:51:46 +0000 2017
uc_1143645,1143645,@115873 please add to help menu an “other” option under that heading. No way to tell you I now reek of smoke because the car did + have asthma,@389174 Here to help! Send us a note via https://t.co/aBEgvdNWQN so we can connect.,Tue Oct 24 12:08:26 +0000 2017
uc_408873,408873,"@Uber_Support I do not have any outstanding payments, my payment type is good, but I cannot request a ride. I keep getting an error message. Help links are useless. Any assistance would be great.","@212475 Let's take a look, Jeffery. DM us your Uber account email address, and we can follow up once we know more about the issue.",Mon Oct 09 22:12:43 +0000 2017
uc_1998353,1998353,"Ordered this @115873 over 10 minutes ago, went from being ‘2mins away’ around the corner to detouring in order to pop into @Tesco on the way?! https://t.co/i4Lm6qe6M8",@590870 Sorry to hear that! Send us a note here: https://t.co/e8HVorX5rh so we can connect.,Wed Oct 18 19:30:12 +0000 2017
uc_2208158,2208158,"@182768 At least your phone even gives you the option, still doesn't even show up on mine. @115873 bring back the pool pass, it's getting to the point where no matter how much time I save I just won't be able to afford to commute this way anymore.",@645545 Ride passes are still in testing and are only available to a select number of riders each month. We appreciate your feedback as we continue to test and improve ride passes. Please stay tuned for updates on the upcoming ride passes.,Fri Nov 10 00:00:59 +0000 2017
uc_2141052,2141052,@Uber_Support @115873 I have a question about insurance. How do I speak to a live person ?,"@629613 Hi there! At this moment, we don't offer phone support for these issues. Visit this link; https://t.co/uRjsQ64qLY so our team can assist.",Wed Nov 08 22:39:35 +0000 2017
uc_253146,253146,@115873 @119983 Account got hacked and trips charged to me for someone in Russia. WHat shitty app is this https://t.co/qG8Ub9tDqg,@176176 We see your outreach and a member of our team will be following up via email as soon as possible. We appreciate your patience.,Thu Oct 05 17:20:42 +0000 2017
uc_595149,595149,A very concerning charge just appeared on my @134015 card. Why is an @115873 in California charging me? I need a refund and answers. https://t.co/QBCpC9XfbE,@261015 Here to help! Send us a note via https://t.co/dInR3racif so our team can connect.,Sun Dec 03 18:35:28 +0000 2017
uc_2671649,2671649,"@115873 @Uber_Support same journey, whys it triple the price on the way back? 🤦🏻‍♀️ https://t.co/lmmQxDZCR3",@752287 We're here to help! Send us a note at https://t.co/6IqAxVj2X4 so we can assist.,Tue Oct 31 10:09:34 +0000 2017
uc_2255908,2255908,Also my current @115873 driver is asking me to cancel the ride and he will drop me off at the next exit because he doesn’t want to drive “that far” and wanted to keep his business on the other side of town. Which I️ get. But not how this works,@657046 Here to help! Send us a note at https://t.co/iOszeeHZhQ so our team can connect right away.,Fri Nov 10 23:47:57 +0000 2017
uc_2758279,2758279,@Uber_Support check your messages from me please!,@771873 Hi there! Send us a note via https://t.co/K05RdmK3t4 so our team can get in touch.,Tue Nov 21 03:43:46 +0000 2017
uc_579457,579457,@Uber_Support https://t.co/17amkfHKIC,@256460 Here to help. Send us a note at https://t.co/OhfgxSAY58 so our team can connect.,Sun Dec 03 11:03:02 +0000 2017
uc_2470222,2470222,"@Uber_Support If you are sending promo code to customer then make sure they are valid. Every time I enter the code, it says invalid.","@706581 Hi there! We're here to help. Send us a note here, https://t.co/O1dsjntprg and so our team will assist.",Wed Nov 15 11:05:17 +0000 2017
uc_2207765,2207765,@115873 @Uber_Support,"@645472 So sorry for the trouble! Our team is aware of the issue, and we're working to get back up and running as quickly as possible.",Fri Nov 10 02:00:24 +0000 2017
uc_1098747,1098747,@Uber_Support I need help. ASAP,@379274 We're here to help! Send us a DM with your email address and more details so we can follow up.,Sun Oct 15 06:19:58 +0000 2017
uc_62322,62322,@115873 not cool to be charged for 20 minutes extra after being dropped off...,@130276 We're sorry to hear this was your experience. Contact us via https://t.co/WFtPA6RjWt and we'll be in touch.,Wed Nov 01 21:28:59 +0000 2017
uc_305333,305333,"@Uber_Support Hey! I got charged twiced, 18 minutes apart. Help!",@188900 Oh no! Please DM us the email linked to your account so we can look into this for you. We look forward to your response.,Fri Oct 06 22:21:37 +0000 2017
uc_2629047,2629047,"@Uber_Support Called in to support, already filled form out. No help. This is why I @1165 or @116057",@742508 Here to help! Send us a DM with your email so we can follow up.,Fri Nov 17 17:50:04 +0000 2017
uc_2070498,2070498,@149391 look like @115873 and @11970 are not communicating! 😂😂😂 https://t.co/yOd4OsvXrd,"@166662 Hey, Anthony! We truly value you as a driver-partner. Please know, things do change very quickly, and we humbly apologize for our mistake.",Sun Oct 08 23:03:13 +0000 2017
uc_1553885,1553885,@Uber_Support i booked from Juhu to Thakur complex . Device showed 238.00 but in end charged 527.00. Why was I charged so much extra..,@480685 Hi there! Please send us a note at https://t.co/6IqAxVADOC and we'll be happy to look into this for you.,Sat Nov 04 11:28:07 +0000 2017
uc_434165,434165,"@McDonalds @115877 don't do it...too many times my order hasn't been right, have four kids and two grandkids who LOVE McDonald's but can't continue to order and pay and mot get what i ordered! I mean hell my daughter abd both grandkids wants McDonald's tonight but can't do it!","@307493 Sorry for the trouble! Send us a note here, https://t.co/Tq0sPMsSdu and our team will be in touch.",Tue Nov 28 22:15:17 +0000 2017
uc_2818074,2818074,@Uber_Support i am unable to apply promo code sent by u 9560974229,@785541 Here to help! Send us a note here https://t.co/O1dsjntprg so we can further assist.,Mon Nov 27 04:48:17 +0000 2017
uc_2502158,2502158,"@Uber_Support That is a support page for riders (I'm a customer) and there are 3 boxes, not 4?! Can we get something right today please!!",@713702 We apologize for the trouble! Send us a DM with your email address and we'll connect.,Wed Nov 15 20:05:05 +0000 2017
uc_1491504,1491504,@Uber_Support I have already said it here. Your driver's phone wasn't working. Your app ddnt even show pick up time,@466388 We see your outreach and a member of our team will be following up via email as soon as possible. We appreciate your patience.,Fri Nov 03 10:08:55 +0000 2017
uc_1199416,1199416,"@Uber_Support On which mail, whose mail , whom your team is interacting , Can you update me on same?","@401809 Hi, Piyush. We've received your most recent reply, and we'll follow up there directly ASAP!",Sun Nov 05 14:11:05 +0000 2017
uc_1190904,1190904,@115873 @Uber_Support so @115873 suspended my account because i bitched about them for double charging me and calling me a liar.,@334928 We're here to help. We just sent you a DM.,Sun Oct 15 19:23:43 +0000 2017
uc_104017,104017,@Uber_Support I was receiving the emails for a few months but I didn't get the email this time around. I found out on Reddit that it was sent out yesterday morning.,@138924 Sorry to hear that you weren't able to participate this time. Keep an eye out in your email for upcoming opportunities in future months.,Thu Nov 30 18:08:11 +0000 2017
uc_586354,586354,@Uber_Support @116288 @119983 don't you guys have a toll free number for customer care?? .. if not.. how do I solve my issue.. your app won't let me book any rides..,"@258463 Hi! At this time we don't offer phone support, as communication is streamlined via email. Visit this link https://t.co/xMxswVLBKT so our team can assist.",Sun Dec 03 14:54:28 +0000 2017
uc_1408165,1408165,@115877 Why do you not allow customers to select payment method before submitting order... makes 0 sense,@306533 Please visit the following link for information on how to change payment methods in the app - https://t.co/m7nd6T3Zed,Mon Oct 16 16:15:27 +0000 2017
uc_2697763,2697763,@Uber_Support I got a gift card but I haven't got the email wth it took my money,"@602714 We're here to help! Send us a note here, https://t.co/R8Xm8a7StU and our team will be in touch.",Tue Oct 31 17:58:56 +0000 2017
uc_662881,662881,"@115877 SUCKS. Badly run, not accountable, one hand doesn’t know what the other is doing. I guess the fish rots from the head.",@277932 We take this very seriously. Please send us a DM with your email address so we can connect ASAP.,Thu Nov 23 01:31:11 +0000 2017
uc_2221399,2221399,@Uber_Support Nobody reply on app it's more than 2 days now,@648794 We're very sorry to hear about the delay. Your concerns has been escalated. A member of our team will be in touch as soon as possible.,Sat Nov 11 06:26:06 +0000 2017
uc_2020402,2020402,@Uber_Support it would be nice to be able to contact you all directly I serious situations! I need to speakto someone AS SOON AS POSSIBLE,"@597490 We want to follow up, Shameeka. Can you please send us a DM with your account email address? https://t.co/sd7yH5jmbJ",Wed Oct 18 19:56:14 +0000 2017
uc_1058122,1058122,@Uber_Support Sent! The verification code texts kept coming until 5PM yesterday.,@369825 We've sent you a DM.,Sat Oct 14 18:33:26 +0000 2017
uc_2127053,2127053,@115873 driver almost got me killed,@626289 Here to help! Send us a note via https://t.co/IeSxT5uwza so we can connect.,Wed Nov 08 18:24:23 +0000 2017
uc_1635235,1635235,@302488 @115877 that is not ok,"@500208 Hi there, we're here to help! Send us a note via https://t.co/ZFaWy0Lkdu so we can assist you with this.",Sun Nov 05 20:57:29 +0000 2017
uc_639813,639813,"@Uber_Support is a JOKE! I was charged for a full fare instead of my POOL rate, my driver drove an unnecessary route in to a sketch area WAY out of the way, cancelled the other POOL riders and argued with. Uber refunded me, apologized, THEN CHARGED ME AGAIN and won't refund! -__-",@271762 We apologize for the trouble! Send us a DM with your email address and we'll connect.,Wed Nov 22 20:15:42 +0000 2017
uc_1327103,1327103,@115873 sends me coupon codes but not able to apply them. Why send then? Happening for months. High time.Make up your mind guyz.@Uber_Support https://t.co/c5MarFoPCt,"@378447 Hi there! We're here to help. Send us a note here, https://t.co/lqVgKo4ZO3 and so our team will assist.",Fri Oct 27 10:57:31 +0000 2017
uc_2424856,2424856,"@Uber_Support Second day in a row, message your ride is arriving, 10 seconds later cancellation. Interestingly since drivers are not a lot to deny guide Docs, the number of cancellations have increased. Of course, I cannot prove it.","@696357 That doesn't sound quite right, Tom. We've refunded the cancellation fee you were charged today, as for the cancellation yesterday - you weren't charged, however, we've added a $5 credit due to drivers cancellation. We apologize for any inconvenience this may have caused.",Tue Nov 14 15:14:06 +0000 2017
uc_1043285,1043285,"@115877 sucks. 1st time order: 30m after delivery was DUE, the apps says ""sorry couldn't find a driver, order cancelled"".",@366705 Oh No! This doesn't sound right. Please DM us your email and order details so we can look into this for you.,Mon Oct 23 01:10:24 +0000 2017
uc_1448137,1448137,@Uber_Support uber app not working from 2 days 9654852085,@456053 We can take a look! Send us a note via https://t.co/u3MyknJaaN so our team can get in touch.,Thu Nov 02 16:29:09 +0000 2017
uc_759903,759903,I used uber and this bitch wouldn't let me out the car unless i rated her 5 stars @115873,"@301565 Hi, here to help! Please send us a note via https://t.co/fS660rQ8NQ so we can take a closer look.",Wed Oct 11 17:00:29 +0000 2017
uc_1337429,1337429,@115873 got to let us sign in by email again or give us the option to. I paid 55 for a damn beck taxi last night,"@431957 Happy to help. Please go here https://t.co/Wavn5xnaeo, so we can follow up.",Mon Oct 16 08:52:26 +0000 2017
uc_2380935,2380935,@115873 I booked ride yesterday showing 465.63 rs but I charged 792 rs using paytm. Now got coupons but app showing invalid strange service. I'm regular customer still don't expect. No matter what you will explain but it's wrong at all.,@150757 Hi there! Please write in your concern to https://t.co/zUe0dj6yoX and fill out the 4 boxes at the bottom so we can get in touch.,Tue Nov 14 05:23:45 +0000 2017
uc_1097453,1097453,No offense @115873 but I hate this. https://t.co/qTIRwhAJwD,@378974 Happy to further assist you. Can you please send us a DM with your email address and additional details?,Sun Oct 15 05:49:40 +0000 2017
uc_580920,580920,@Uber_Support There you go,@256871 We've responded via DM!,Sun Dec 03 12:22:32 +0000 2017
uc_91580,91580,@Uber_Support Pls call @ 8017151515,"@135860 We're happy to help out if you have an issue, Raj. The best way to contact Uber support will be directly through the Uber app or from your computer at https://t.co/SjsQQ8ofRq. Visit https://t.co/gquaxLmC1E for details.",Thu Nov 30 15:32:55 +0000 2017
uc_1683679,1683679,@115873 @AskLyft will y’all be providing rides to polling places tomorrow?,"@511756 Uber will be available for ride requests to your desired location, Evan. Please feel free to request a ride with us at your convenience.",Mon Nov 06 16:27:35 +0000 2017
uc_1944944,1944944,"@Uber_Support not able to pre-book for tomorrow morning - the app says ""error""",@578157 Sorry to hear about the trouble - please check out https://t.co/VYt9zqEmr3 for additional details regarding your inquiry.,Wed Oct 18 15:32:10 +0000 2017
uc_2597194,2597194,@Uber_Support I added a member to my family profile You put a hold on my card for their ride But then charged their card instead of mine?,@735356 Here to help! Please send us a note via https://t.co/QDn91HzZV0 so our team can connect.,Fri Nov 17 04:21:43 +0000 2017
uc_1164106,1164106,@115873 when I book a cab for someone else the other person never receives a msg of driver no and car details,@175399 Here to help! Send us a note via https://t.co/zUe0dj6yoX to assist you further.,Sun Oct 15 11:19:56 +0000 2017
uc_1305237,1305237,@Uber_Support Not sure if you understand... Your driver blatantly ripped me off. @115879 what's good? I'm making the switch.,@425000 Happy to take a closer look! Follow up via https://t.co/fS660rQ8NQ so our team can connect.,Fri Oct 27 00:53:47 +0000 2017
uc_524330,524330,"I am in Vietnam and frequently ride with @115873 motorbikes. It's 50 cents. Unfortunately, @115873 drivers in Vietnam will often ""pick you up"" by driving past you while accepting your ride, costing you money to cancel. Unfortunately it takes like 20 minutes to report them. Worth it?",@241224 Here to help! Send us a note here https://t.co/e8HVoseGiP so we can assist.,Sat Dec 02 05:08:27 +0000 2017
uc_2574039,2574039,.@115877 righto so &gt; 70 mins waiting for food and now waiting in helpline queue for &gt; 10 mins .. not a good #first-impression,"@729946 We're sorry to hear this was your experience. Send us a note here, https://t.co/jP6giifgNM, and our team will be in touch.",Thu Nov 16 20:22:30 +0000 2017
uc_946989,946989,My @115873 driver was watching porn before picking us up. https://t.co/TSZ7XS4QHt,@344568 Here to help! Please send us a note via https://t.co/fS660rQ8NQ so we can connect.,Sat Oct 14 00:28:26 +0000 2017
uc_1391433,1391433,@Uber_Support help Uber..got a promo code from Uber through SMS..when I'm trying activate it.it says code not https://t.co/wz4UR1b0JI uber,"@443623 We just got back to you via DM, Vikas.",Mon Oct 16 12:29:39 +0000 2017
uc_134479,134479,@Uber_Support My email address associated with the account is __email__,@146320 Sorry for the delay. Our team is currently reviewing your email and will follow up shortly.,Fri Nov 24 08:29:26 +0000 2017
uc_79276,79276,@McDonalds @115877 How many retweet's can i get for a free handcrafted sandwich,@793793 Hi there! You can check this link https://t.co/qfimGYE4QO to learn more about your concern.,Mon Nov 27 21:15:23 +0000 2017
uc_1807478,1807478,@116288 619 rs. Uber pool for 15 kms? Have u started air travel services in pune? https://t.co/fNXNfqWEue,"@543005 Happy to clarify, Kshitiz. It looks like there's an increase in demand. Find out more about dynamic pricing here - https://t.co/QRLZIgZDSB.",Sat Oct 14 07:24:30 +0000 2017
uc_143577,143577,@Uber_Support Thanks for the reply however most of the Kochi fellows received message stating rates are flat for today which means no hidden cost. I'm disappointed with your service,@148442 We're here to help! Send us a DM with your email address so we can assist.,Fri Nov 24 13:27:52 +0000 2017
uc_1517088,1517088,@115877 how about you start hiring reliable drivers? Waiting over an hour for food that is down the street from my work is ridiculous,@471987 Here to help! Send us a note via https://t.co/aZ6Ktyb1LN so our team can get in touch.,Fri Nov 03 18:44:39 +0000 2017
uc_2977532,2977532,@Uber_Support I need help setting up my MIL's acct to only get Assist drivers.,@821180 Hi there! Please reach out to https://t.co/zUe0dj6yoX and fill out the boxes at the bottom so we can get in touch.,Tue Oct 31 20:19:47 +0000 2017
uc_2072288,2072288,Never taking #uberpool again. Not worth the savings. @115873,"@612918 If you would like us to look into this, please fill out the bottom of this page: https://t.co/SjsQQ8ofRq and our team will be in touch.",Sat Oct 07 19:05:37 +0000 2017
uc_1634140,1634140,@115873 so you're telling me if a driver cancels a trip I still get charged?! Please explain...,@499921 Hi there! Please send us a note at https://t.co/QsI1vsvcif and we'll be happy to look into this for you.,Sun Nov 05 20:29:03 +0000 2017
uc_271684,271684,"@Uber_Support We've already done all this and still no response. This was our last resort, anyway to talk to someone and not a bot?","@180826 We'd be glad to take a second look at your support inquiry and follow up right away, Steph! Please send us a DM with your email address.",Fri Oct 06 02:53:18 +0000 2017
uc_1289036,1289036,"@115873 who do I complain to? Driver cancelled job because he couldn’t follow a simple map, screen shotted! Left me in the rain on 1%.",@421478 We can definitely take a closer look! Please send us a note via https://t.co/fS660rQ8NQ so we can connect.,Thu Oct 26 19:42:21 +0000 2017
uc_267450,267450,@115873 you are the absolute worst company. I call for a car to pick me up at my apartment and driver refused use @115879,@179762 Here to help! Follow up here; https://t.co/iOszeeHZhQ and our team will connect right away.,Thu Oct 05 23:37:49 +0000 2017
uc_1198321,1198321,@115873 this 3rd uber pool has picked up 2 other ppl already. ur algorithm sucks uber,@401548 We'll take a look! Send us a note via https://t.co/QDn91HzZV0 and fill out the 4 boxes at the bottom so our team can connect.,Wed Oct 25 03:50:21 +0000 2017
uc_1118132,1118132,@Uber_Support is everything a computer generated response?,@178582 Hey there! We've just followed up with you via DM.,Tue Oct 24 00:35:42 +0000 2017
uc_333295,333295,@Uber_Support - Trying to get Fare Detail in your web site. Only getting spinning ball. What's up?,@195390 Oh no! Thanks for bringing this to our attention. DM us your account email along with details for assistance.,Sat Oct 07 19:17:26 +0000 2017
uc_2652885,2652885,"Turns out it wasn’t ghost rides in China, account was all in Chinese so I assumed that. It was @115877 ordered in Cali. https://t.co/JqotO25OhD",@748143 We've responded to your DM.,Sun Nov 19 05:49:16 +0000 2017
uc_28498,28498,@Uber_Support @115877 #UberEATS kinds sucks!,@122235 Let's take a closer look! Send us a note via https://t.co/h3vAjBLlBH so our team can follow up.,Wed Nov 01 10:45:51 +0000 2017
uc_1380199,1380199,@Uber_Support @116276 day # 8 still locked out for an “annual update” after being cleared to drive for over 4 years. Doesn’t smell right???,"@289941 Hi, Nicholas. We're going to reach out via your in-app support thread ASAP. We truly appreciate your patience!",Mon Oct 16 15:29:50 +0000 2017
uc_1312582,1312582,@Uber_Support I am a uber rider.But whenever i try 2 edit my profile it always direct 2uber partners account.for that i cant edit my profile https://t.co/nUzZ41YXKp,"@426703 Here to help! For more info how to update your profile, please visit this link....https://t.co/ACn231rQL4",Fri Oct 27 06:12:52 +0000 2017
uc_1631553,1631553,Hey @115873 are your drivers supposed to make right turns from left lanes and left turns from right lanes?,@499323 Here to help. Send us a note at https://t.co/fS660rQ8NQ so our team can connect.,Tue Oct 17 12:36:27 +0000 2017
uc_605286,605286,@115873 your drivers are terrible in Kumasi. Drivers need serious training. Smh,@263864 Here to help. Send us a note at https://t.co/fS660s7JFo so our team can connect.,Wed Nov 22 10:23:01 +0000 2017
uc_978849,978849,@Uber_Support I can't recieve riding requests. From Saudi Arabia. Please help.,@352146 Here to help. Send us a note at https://t.co/77nJ7fXUyU so our team can connect.,Sat Oct 14 08:22:39 +0000 2017
uc_2720679,2720679,@Uber_Support moved to Qatar from India still receiving promos for India nd not for Qatar. Please help!!!,@763396 Happy to help! Please reach out to https://t.co/QDn91HzZV0 and fill out the 4 boxes at the bottom so we can get in touch.,Mon Nov 20 09:31:29 +0000 2017
uc_776142,776142,@Uber_Support I received a message but the issue is not being addreessed... your driver says that we left her car wet (they told us this 2 hours after),"@305452 We definitely understand your concern, Daniel. Please DM us the email and phone number linked to your account so we can review your inquiry.",Thu Oct 12 03:22:49 +0000 2017
uc_36147,36147,Is @115877 available in Durban ? #twoogle,@123866 You can see our hours and delivery area at https://t.co/P4mEOOIdr4,Wed Nov 01 13:46:38 +0000 2017
uc_79315,79315,@Uber_Support My issue was not resolved that my point you stupid idiot,"@133604 Please follow up there if you have additional questions, Vishaul.",Thu Nov 30 12:44:31 +0000 2017
uc_1602378,1602378,@Uber_Support Why not have local support number to handle such issues?,"@491847 We're here to help. If you could please DM us with the email address linked to your Uber account, we can connect. https://t.co/sd7yH5jmbJ",Sat Oct 21 16:00:07 +0000 2017
uc_905454,905454,@Uber_Support Well earlier you guys dint seem to care when I did reach out via email. I was forced to take to Twitter. DM'd you my email!,"@334953 Hi Priyanka, we've sent a DM.",Fri Oct 13 19:21:50 +0000 2017
uc_25036,25036,"@115873 @Uber_Support can you please justify this, 11 km of distance 129Rs was the fare in Uber pool &amp; here come the final bill of 1046 Rs. https://t.co/4SKqbHq7M1",@121411 We're here to help! Please send us a note here; https://t.co/1xM0TILvAI so our team can connect.,Mon Oct 30 13:01:03 +0000 2017
uc_274361,274361,@Uber_Support I have a problem. I need a rufund on a trip that I made. Can you help me out?,@181549 Here to help! Send us a note https://t.co/1xM0TILvAI and we'll be in touch.,Fri Oct 06 05:26:00 +0000 2017
uc_2466722,2466722,@Uber_Support I've already done that.,@705827 We'd like to look into this. Please DM us the email associated with your account and we'll follow up.,Sat Nov 25 22:49:47 +0000 2017
uc_1787127,1787127,@Uber_Support Hey my 25% won’t activate.,"@315848 Hey there, Tajín. Let's take a closer look into this for you. Please head on over to https://t.co/lqVgKo4ZO3 so we can follow up directly.",Wed Oct 11 14:30:05 +0000 2017
uc_858025,858025,@AskLyft @Uber_Support Are drivers authorized to cross at the San Ysidro international border ?,"@195688 Should be okay, but it's ultimately up to your driver. You may want to call him or her once connected just to be safe.",Fri Oct 20 16:45:30 +0000 2017
uc_2783387,2783387,"@Uber_Support hi, I have a discount on rides, but they're not being applied to my account. What should I do? Pls see the pics https://t.co/m75YxplzxH","@729642 We can definitely take a closer look! Contact us here; https://t.co/O1dsjntprg, so we can help.",Tue Nov 21 17:36:39 +0000 2017
uc_403633,403633,"@Uber_Support portal doesn't work, can't sign in online, and never received 2016 tax doc. Ugh!! There is no way to call. Please contact me","@211537 Sorry to hear about the trouble, Tasya! Go ahead and send us a note at https://t.co/BDlHSjUF9c so we can lend a hand on this.",Mon Oct 09 20:44:35 +0000 2017
uc_1618032,1618032,@115873 what's with your promo code PERTHRACES17 promotion that doesn't work ? #ordinarymarketing #peoplearentidiots,@496112 Here to help! Send us a note here; https://t.co/lqVgKo4ZO3 and our team will be able to assist!,Sat Nov 25 12:52:42 +0000 2017
uc_2813933,2813933,Yo @McDonalds WHAT IS THIS :( @115877 these are RAW I’m so sad I love you guys so much man https://t.co/LuHfKtUEpC,@240220 Here to help. Send us a note at https://t.co/OWBkgXcbMl so our team can connect right away.,Mon Nov 27 02:07:20 +0000 2017
uc_56016,56016,"@115873 I'm new to Uber. I need to edit the time of a pickup. How do I do it? Also, why can't I arrange a pickup from PHX Airport?","@128707 Happy to help, Michelle! Please reach out to https://t.co/zUe0dj6yoX and fill out the 4 boxes at the bottom so we can get in touch.",Wed Nov 01 13:03:47 +0000 2017
uc_2779432,2779432,"@Uber_Support I habe already done that and so far has been useless, I need a prompt and efficient answer now",@776346 Happy to further assist you. Can you please send us a DM with your email address so we can follow up?,Tue Nov 21 16:14:42 +0000 2017
uc_639825,639825,@Uber_Support I just keep getting the same response,"@271768 Looks like you're getting the same response because we're still looking into this, Billy. We'll be in touch with any updates via in app support.",Wed Nov 22 20:22:26 +0000 2017
uc_2145899,2145899,Dear @115873 this thing where you let drivers pick up a ride during a current drive needs a limit forever late because of this,@630844 We're sorry to hear this was your experience. Contact us via https://t.co/fS660rQ8NQ and we'll be in touch.,Wed Nov 08 23:21:08 +0000 2017
uc_2440972,2440972,"@Uber_Support Hi, the Krispy Kreme, on Shannon Corner is not showing up on the uber eats app, is it closed? Will it be back today?","@700054 Hi, thanks for reaching out. We're sorry we couldn't get to everyone due to the high demand, but stay tuned for more fun promotions soon!",Tue Nov 14 19:43:21 +0000 2017
uc_347541,347541,@Uber_Support just had round trip on Uber - was charged a Wait Time on both trips. How does Uber determine wait time? How do I get a refund?,"@198762 Here to help, Jim. A member of our team has followed up via DM.",Sun Oct 08 04:47:02 +0000 2017
uc_2167222,2167222,"@Uber_Support Hi! I tried to book a taxi and I payed the £2.50 base fee, it had an error so I did it again and it had a 2nd error, I lost £5 in total due to errors with the app/service, can I have my money back please? Thanks!",@635966 Here to help! Send us a note via https://t.co/wW2bTlNcsR to assist you further.,Thu Nov 09 10:35:08 +0000 2017
uc_722633,722633,@Uber_Support I am unable to sign-in via my Uber account. Please help. I had installed Uber on my old handset which I lost. Now I can't book,"@293025 Let's take a look, Guruprasad! Please reach out at https://t.co/balq3Eyso6 and we'll follow up.",Tue Oct 10 22:55:53 +0000 2017
uc_2497940,2497940,@115873 @115877 the app is not letting me register as new user please help,@712789 So sorry about the trouble! Please send us a DM with your email address and more details so we can connect.,Mon Oct 30 01:54:45 +0000 2017
uc_2434698,2434698,@Uber_Support __email__,"@698622 We recommend not posting your account info to the public, Aditi. We've followed up via DM.",Sun Oct 29 14:06:22 +0000 2017
uc_580172,580172,"@Uber_Support An uber driver refused to drop my mother at the right destination, asking her to get out of the car on the other side of a six lane highway, with a lot of luggage! Unprofessional behaviour and refusal to drop at designated destination!",@256649 Sorry for the confusion. Due to our privacy policy we're not able to address these concerns over social. Please have the account holder (or the person you're writing in for) contact us https://t.co/iOszeeHZhQ so we can assist. Please let us know if you have any other questions.,Sun Dec 03 11:30:23 +0000 2017
uc_2861101,2861101,"@115873 your driver on the wrong side of the road, refusing to backup or correct mistake. Rude, inconsiderate, stubborn and wrong. https://t.co/EThuBlkLdB",@794855 We're here to help! Send us a DM with your email address and more details so we can follow up.,Mon Nov 27 22:46:44 +0000 2017
uc_2266581,2266581,@Uber_Support Need Uber Australia,@659735 We can definitely take a closer look! Please send us a DM of the email address connected to your account so we can further assist.,Sat Nov 11 06:51:26 +0000 2017
uc_1144840,1144840,"My @115873 driver today faked a ""mess"" to charge a cleaning fee. Wonder how many people have been scammed with this technique. #uber https://t.co/BNrTOAW901",@389445 It seems a member of our team has reached out to you. Please check your email and follow up with them there.,Sat Oct 14 21:33:33 +0000 2017
uc_1867234,1867234,@Uber_Support I need help with my account,"@557806 Please DM us further details regarding your account. If you're a rider or driver, account email and the type of issue you're having. Thanks!",Fri Oct 20 20:12:11 +0000 2017
uc_1340929,1340929,@Uber_Support Help please. Uber driver took wrong route. I was overcharged. Uber agreed to refund difference but charged me twice ($43.13),@432767 Let's take a closer look! Please send us a DM with your email address so we can connect.,Fri Oct 27 15:33:01 +0000 2017
uc_2122789,2122789,@115877 6 months later and your maps still route the drivers to a road that doesn’t exist. My food is going to be older than I am.,@179247 We've replied to your message via direct message and humbly ask you to check your messages.,Thu Oct 19 04:38:20 +0000 2017
uc_2439830,2439830,"@Uber_Support I get an error message every time I try to request a ride. Just trying to get home from work, any help?",@699783 We're so sorry about that! Please send us a DM with your email address with details so we can connect.,Tue Nov 14 22:33:44 +0000 2017
uc_2186132,2186132,@Uber_Support I messed up and put wrong amount of stars and feel bad cause I wanted to rate him higher. How do I fix my rating?,"@640228 Sorry to hear this, Natalie. However, we are unable to change driver ratings once they have been entered into the app. Be sure to check out https://t.co/M1RhRwgiRE for more information.",Thu Nov 09 16:08:38 +0000 2017
uc_2446484,2446484,"Hi @115873, maybe you could tell your drivers not to block bus lanes at rush hour in downtown Seattle? Also intersections. Also crosswalks. Causing gridlock to pick up one moron is not a great advertisement for your service.",@277300 Here to help! Please send us a DM with your email address with details so we can follow up.,Wed Nov 15 01:16:50 +0000 2017
uc_1974068,1974068,@115873 She lost it last night and no one has responded. How does making it literally impossible to login online help anybody?,"@410886 Due to our privacy policy, we will have to speak directly to the account holder. Please have them contact us via https://t.co/balq3Eyso6",Wed Nov 01 13:52:43 +0000 2017
uc_2952948,2952948,"@Uber_Support I never get the email alerts for flat rates, despite having signed up multiple times. Anything you guys can do to help me?",@815326 Hi there! Please visit; https://t.co/3h8wdQ4EJK for more info. Please let us know if you have any other questions or concerns.,Wed Nov 29 18:12:54 +0000 2017
uc_157849,157849,"@115877 Why do you guys stop offering food around supper time in Stellenbosch, South Africa? :(",@152274 Here to help. Send us a note at https://t.co/NcKEnQDmxQ so our team can connect.,Fri Nov 24 17:46:49 +0000 2017
uc_1308648,1308648,Nothing like blocking surge screwing drivers right @6980 @Uber_Support https://t.co/1G5lLzrKwX,@425819 Here to help! Please send us a note here; https://t.co/lMKzUp997H so our team can connect.,Fri Oct 27 02:59:43 +0000 2017
uc_344428,344428,@Uber_Support still can't use my account because its saying i need to pay for fraudulent charges still??!?!!?,"@197920 Happy to help, Don. Make sure to reach out to us here so we can help you further: https://t.co/76zx6Rm1i6",Sun Oct 08 00:47:27 +0000 2017
uc_28501,28501,@115873 and their Support is... uugghhh @uber_support maybe I am having incorrect expectations from their support team.,@122236 Here to help! Send us a note at https://t.co/e8HVorX5rh so our team can connect.,Wed Nov 01 10:12:13 +0000 2017
uc_2253951,2253951,Hey @115873 - can you add the car colour along with model to the app? Would make spotting it in a crowd a lot easier... #TrafficJamProblems,@656563 Hi Gillian! Find out more info about identifying the vehicle here: https://t.co/uRT6aRcQHm,Sat Nov 11 04:23:08 +0000 2017
uc_2094359,2094359,"@3564 @116276#Uber is a thief company. looting people. No Work Ethics n pathetic customer support. And both of u ppl, get Lost. @Uber_Support Denied offer from Paytm as Drivers want to accept only cash no @122951 @1143 much better. https://t.co/XSqgVAqEqk","@524413 Hey, Rohit. We see that you've recently responded via in app support. A member of our team will follow up as soon as possible.",Wed Nov 08 05:58:03 +0000 2017
uc_1479824,1479824,@Uber_Support i would like to speak with customer service to provide me explanation for wrong charges levied on me,"@463625 At this moment, we don't offer phone support for these issues. Sorry for any inconvenience. Visit https://t.co/oEOANqFpjc, so we can assist.",Fri Nov 03 07:04:26 +0000 2017
uc_2965772,2965772,@Uber_Support question if you can mail me,@818226 Happy to take a closer look! Send us a DM with your email address and additional details so we can connect.,Wed Nov 29 22:48:37 +0000 2017
uc_1745620,1745620,@Uber_Support i am moving to uberX i never recive in 2 dayz any single ride request would you please update me the prblem,@526340 Happy to help! Send us a note here: https://t.co/FF2YGTGjuA so we can connect.,Tue Nov 07 15:07:05 +0000 2017
uc_2633268,2633268,@115873 your arrival assessments for cabs is ridiculous - it says arrival in 3 and it’s been 10 mins,"@743503 Hi, Claire! Please visit; https://t.co/1SlEvwxA6C for more info. Please let us know if you have any other questions or concerns.",Fri Nov 17 18:42:24 +0000 2017
uc_2809497,2809497,@Uber_Support Already done and the response was that the fare is within our limits. Since when 5km is charged as 35kms and still within your limits?,@783536 We can definitely take a look! Send us a DM with your email address and details so we can follow up.,Wed Nov 22 05:57:02 +0000 2017
uc_1773032,1773032,@Uber_Support I talked with them last night and was told I wouldn’t be charged since my food was never delivered. Checked my bank account and money was definitely taken out. This is absolutely ridiculous.,@532883 We apologize for the trouble! Send us a DM with your email address and we'll follow up.,Wed Nov 08 18:33:53 +0000 2017
uc_259899,259899,@Uber_Support Done all that . I don't get an option to save . It just comes up with Next in a grey box and an error saying invalid Zip code .,@177830 -We've been in touch via DM!,Thu Sep 14 19:34:34 +0000 2017
uc_1224848,1224848,@115877 Your service is the WORST EVER 2 orders canceled in one week after waiting more than 1 hour. You should hire better delivery guys,"@407352 Sorry to hear this, Lorena! Please send us a note at https://t.co/o056uE8sfv so we can look into this order for you.",Sun Oct 15 22:08:45 +0000 2017
uc_2414693,2414693,@Uber_Support @148768 Where are my doughnuts??? 😭😭😭😭 https://t.co/sXgPCCTfJN,"@694087 Demand is very high today, but we'll try our best to get a some doughnuts your way soon.",Tue Nov 14 14:57:35 +0000 2017
uc_2793228,2793228,@1582 if I was quoted a price for my trip in Miami then why was my final charge higher?,@661533 Please connect with us at https://t.co/Won48KGA87 and we'll be happy to look into this.,Tue Nov 21 21:19:18 +0000 2017
uc_2731381,2731381,Hi @Uber_Support. I’ve been charged a cancellation fee when in fact it was your driver who cancelled on me?,@765700 Here to help! Follow up here; https://t.co/e8HVorX5rh and our team will connect right away.,Mon Nov 20 15:50:46 +0000 2017
uc_1880764,1880764,Hey @Uber_Support how do I make sure my driver’s car doesn’t smell like a smoking patio when they pick me up?,"@561312 Hey, Jason, if you ever have issues with the quality of the vehicle, please visit https://t.co/cV94v5303R so that we can connect.",Sat Oct 21 16:21:05 +0000 2017
uc_102155,102155,@Uber_Support @115873 on Oct 3 I reported an incident where a driver made my friends and I feel unsafe. Was told the fare would be refunded but there’s still a charge on my card. Have sent several emails but this hasn’t been resolved yet.,"@138399 Hi, Namrata! Sorry for any inconvenience this has caused you. Kindly send us your email address so our team can assist.",Thu Nov 30 17:35:58 +0000 2017
uc_2141060,2141060,"@115873 Just got charged $5 cancel fee when I couldn’t keep waiting for a car that was already 10 min past ETA &amp; wasn’t moving. Help, please?",@629615 Hi there! Please send us a note at https://t.co/QsI1vsvcif and we'll be happy to look into this for you.,Wed Nov 08 22:31:32 +0000 2017
uc_386242,386242,"@Uber_Support @119983 this guy not only refused to come to location but also abuse when told that we will complain, saying @115873 will do nothing https://t.co/xDisuiWiss","@207443 Happy to look into this, Siddhant! Please reach out to us here: https://t.co/z1ptRNSg0z to further assist.",Mon Oct 09 12:40:55 +0000 2017
uc_2513165,2513165,"@115873 Took a taxi in Ubud, Bali and I was charged twice the estimated cost.. We have raised concern, but haven't received any response :(",@716204 We're here to help! Send us a DM with your email address and more details so we can follow up.,Mon Oct 30 06:50:55 +0000 2017
uc_1641430,1641430,"@Uber_Support hi my account is not letting me get a ride &amp; need it immediately its saying ""error processing your request""","@501801 Sorry for the trouble! Send us a note here, https://t.co/xMxswVLBKT, and our team will be in touch.",Mon Nov 06 00:00:44 +0000 2017
uc_722219,722219,my uber driver got pulled over right as he was about to scoop me and just cancelled I'm shitty asf in this rain,@292903 We take this very seriously. Please send us a DM with your email address so we can connect ASAP.,Wed Oct 11 02:17:39 +0000 2017
uc_104019,104019,"@Uber_Support Hello, did you see the screenshot? So can you please add me back to that list?","@138924 Hi, Jase! Here to help. Kindly send us your email address via DM so that our team can look into this.",Sun Dec 03 19:02:24 +0000 2017
uc_2145897,2145897,@115877 Why don't you care about your customers at all? We're expected to pay for inedible food that the restaurant screws up? In what world is this a way to run a business?,@630843 We can definitely take a closer look! Contact us here; https://t.co/UuEqrZQbvE so we can help.,Wed Nov 08 23:30:45 +0000 2017
uc_1867096,1867096,@Uber_Support The blue bar is going back and forth for minutes with nothing showing up.,"@557761 Let's take a closer look, Chrystal. If you could please DM us with the email address linked to your Uber account, we can connect.",Fri Oct 20 20:12:43 +0000 2017
uc_1483063,1483063,@Uber_Support The issue hasn't been solved yet. It still shows uber is unavailable. Very bad service. Its been 3days since when this issue is present,@449559 It looks like a member of out team has reached out to you via email. Please respond there with any additional questions!,Fri Nov 03 14:50:27 +0000 2017
uc_2770893,2770893,@Uber_Support I'm not getting an uberpool option on my app. Could you help?,@774593 We're so sorry for the trouble. Send us a note via https://t.co/QDn91HzZV0 so we can assist.,Tue Nov 21 12:53:30 +0000 2017
uc_1460924,1460924,Hey @115877 i just order from ubereats and had my food delivered by bicycle.... Are you kidding me! The food was cold! The drink was half way full! And my caramel frappe looked like a kids volcano science project!,@459083 Here to help! Send us a note via https://t.co/EGiaYE5JMU and we'll be in touch.,Thu Nov 30 19:01:23 +0000 2017
uc_1631397,1631397,Yo @115877 Your GPS has been screwing up my deliveries all week it's not hard to find my apt complex but your driver's sure do,@152611 Here to help. Send us a note at https://t.co/nFTc4ODH3P so our team can connect.,Sun Nov 05 19:40:36 +0000 2017
uc_558546,558546,@Uber_Support Hello I am an uber user but today I got a really bad experience. How can the driver be so rude to a customer? I ended up cancelling the ride yet he was so near as he was saying that I should wait for an hour. This is tarnishing the reputation for sure😑😑😑😑😑😑,@250498 Here to help. Send us a note at https://t.co/TmWmJyGFaK so our team can connect.,Sat Dec 02 21:34:52 +0000 2017
uc_283696,283696,@Uber_Support __email__,@183574 We're here to help - DM us with more details regarding the issue you're having so we can follow up with you.,Fri Oct 06 13:14:53 +0000 2017
uc_558544,558544,".@115877 I find it absurd since you don't pay your lower level employees well that you would charge a Busy Area fee on each order from the same restaurant. It's conceivable for the booking fee, but you are low for charging a busy fee w/o informing customers of changes.",@250497 We're sorry to hear this was your experience. The busy area fee helps us maintain the reliability &amp; speed of our service. You can try again later when there may be less demand. Thanks!,Sat Dec 02 21:39:45 +0000 2017
uc_239273,239273,@Uber_Support Manchester uk!,@172853 Hey Michael- please visit https://t.co/5rLzkQWLVo for more information on where your local GLH is located.,Mon Oct 02 18:45:13 +0000 2017
uc_2751170,2751170,"@Uber_Support I DM you all the details mail,cell, name, payment gateway, dates etc",@280354 We've responded via DM!,Tue Nov 21 01:05:00 +0000 2017
uc_1033246,1033246,@115873 I am not logging my acount after reset my password,"@364458 We can definitely take a closer look! Contact us here; https://t.co/Md7v036OoC, so we can help.",Mon Oct 23 05:52:18 +0000 2017
uc_2253822,2253822,"@115873 We booked the cab at 5.17 p.m. yesterday and the cab reached our location around 5.30 p.m. Though the trip started only on 5.39 p.m., he charged us from 5.17 p.m. (even before reaching our location) Why should we pay for his ride? https://t.co/uK5bIWQGvA",@656524 Here to help! Please send us a DM with your email address with details so we can follow up.,Sat Nov 11 05:35:59 +0000 2017
uc_2243182,2243182,@Uber_Support hola me llego un cobro por viaje cancelado que yo no cancele que debo hacer? @742,@653949 Encantados de revisar esto para usted. Por favor ponerse en contacto en https://t.co/QsI1vsvcif para que podamos ayudar!,Thu Oct 19 17:02:33 +0000 2017
uc_711514,711514,@Uber_Support Uber please DM me so resolve an ongoing lost itel dispute. This is very urgent as I need to retrieve my phone for work.,"@171715 Happy to help, Matthew! Please connect with us here; https://t.co/S2ic1RcT0l so we can help you out right away.",Fri Oct 06 08:28:40 +0000 2017
uc_80887,80887,"@Uber_Support I took a video of the driver surfing FB but don't want to post it here in public. Will send it to you thru the Uber app. Obviously you have work to do in training your drivers on traffic rules, safety and service!",@133947 Oh no! Sorry to hear that. Please send us a note in the app or by visiting us at https://t.co/z8NNR56eyf. We'll make sure to review this trip carefully and take appropriate action.,Thu Nov 30 13:43:48 +0000 2017
uc_893482,893482,@115873 I'm so done with this driver you have representing your company right now !!,@332147 We're sorry to hear this was your experience. Contact us via https://t.co/fS660rQ8NQ and we'll be in touch.,Fri Oct 20 21:17:36 +0000 2017
uc_1974352,1974352,@Uber_Support Your team refused to assist with this problem! @115873 treats its #customers like it’s a #monopoly!,"@584686 Sorry to hear about this, Pratik. Please DM the email address to your Uber account so we can connect. https://t.co/sd7yH5jmbJ",Wed Nov 01 14:29:28 +0000 2017
uc_344159,344159,@Uber_Support I've sent @115873 a time-stamped photo of the license plate &amp; location of this driver. You have my info. What else do you want? #visionzero,"@197852 Here to help, Will. A member of our team has followed up via DM.",Sun Oct 08 01:32:20 +0000 2017
uc_356886,356886,"@115873 Then @115873 drives in Anaheim take double the time to show up, don't know where they are going &amp; were rude (2/2) #badexperience #rude",@200744 Sorry for the trouble! Please contact us via https://t.co/fS660rQ8NQ so we can follow up.,Sun Oct 08 15:11:15 +0000 2017
uc_39699,39699,@Uber_Support No that isn’t what I asked. I asked how I can ensure that one car will fit luggage for my family of 3.,"@124695 Once your ride request has been accepted, we recommend contacting your driver directly to inquire about space requirements for your family.",Wed Nov 01 15:21:03 +0000 2017
uc_720623,720623,@115873 is a fucking piece of SHIT I’m stuck at an airport because my fucking card won’t fucking scan and when it finally does the number is wrong fix this shit! Unfuckingacceptable,@292471 Here to help. Send us a note at https://t.co/yqIhbGRNqi so our team can connect.,Mon Nov 20 08:46:16 +0000 2017
uc_60368,60368,@Uber_Support Several people had the same issue no link and no way of buying the ride pass,"@129807 If you did not receive an email inviting you to purchase, then you were not eligible.",Thu Nov 02 04:02:09 +0000 2017
uc_1853759,1853759,"@115877 hi, the app doesn't let me use codes, they were supposed to be valid until October 31st",@554681 Let's take a further look into this. Send us a DM with your phone number linked to your account. Along with a screenshot of the promo.,Thu Oct 19 03:09:23 +0000 2017
uc_2427544,2427544,@Uber_Support I’ve had various people contact me but they’re not solving the problem. How Can I speak to someone now this is getting a joke!,"@697019 So sorry to hear about the trouble, Marie! We've definitely received your replies and a member of our team will be in touch as soon as possible. We appreciate your continued patience and understanding.",Thu Nov 16 10:36:28 +0000 2017
uc_1108099,1108099,@Uber_Support Please check your DM. My background check is cleared. I check me with Checkr,@381532 We see your DM. We'll follow up there.,Thu May 18 23:24:31 +0000 2017
uc_425909,425909,@Uber_Support My account is linked to the number - +917982357793 I don’t recall the email address,@216300 We also advise that you delete all personal information from front facing social media.,Tue Oct 10 10:35:54 +0000 2017
uc_2512407,2512407,@Uber_Support Can you advise on what the expected response time is? I've provided my contact details as well still no response in app or email,"@716031 Hey, Eliza. We've reached out via DM. Please follow up with us there for more information. Thanks for your patience.",Mon Oct 30 16:34:36 +0000 2017
uc_1027043,1027043,I never get any promo from @115873 and I use it so much 😒,@363028 Hi there! Please reach out to https://t.co/QDn91HzZV0 and fill out the boxes at the bottom so we can get in touch.,Mon Oct 23 00:29:01 +0000 2017
uc_1343202,1343202,".@Uber_Support I will be arriving in #Atlanta #Hartsfield #Airport,I understand.@115873 has moved off premises. pls tell me how to get a ride?","@197258 Happy to help. You can go here https://t.co/rsesVwzlZR, to find out more info.",Mon Oct 16 07:30:27 +0000 2017
uc_845959,845959,@Uber_Support pls change tipping process so it doesn't appear as a separate CC charge - making expense reports HELL,"@321069 We hear ya! Thanks for the feedback. We're always working to provide you with new features, so stay tuned.",Fri Oct 20 14:22:55 +0000 2017
uc_2629067,2629067,"Hey @Uber_Support the @101554 Newtown Road light rail station bus loop in Norfolk, Virginia is NOT a legal pick up/drop off spot. Do your business in the parking lot across the street",@742512 Here to help! Please reach out to https://t.co/QDn91HzZV0 and fill out the 4 boxes at the bottom so we can get in touch.,Fri Nov 17 17:22:13 +0000 2017
uc_2063299,2063299,"@115877 - Can't make order on Laptop, only with phone app. Why?! 😞",@610231 We're sorry to heat about this! Go ahead and DM us the email address linked with your Uber account so we can look into this with you.,Fri Oct 06 15:16:30 +0000 2017
uc_684868,684868,Do NOT use #Uber driver Karl with a Hyundai Elantra 7GSJ831! If he pops cancel the ride. Better yet cancel @115873. He showed up for my ride to LAX i greeted him told him I’d be 2 minutes he made some nasty comment i thought was a joke and then when i came out he was gone.,@283461 Here to help! Send us a note here; https://t.co/fS660rQ8NQ and our team will be able to help.,Thu Nov 23 12:52:13 +0000 2017
uc_2747445,2747445,@Uber_Support I just want to delete the promo code in my account because I found a better one...pretty please?!?!,"@769317 Happy to further assist you. You can use this link instead; https://t.co/zUe0dj6yoX if you'd like, you can also DM (direct message) us with your email address so we can assist!",Mon Nov 20 23:08:02 +0000 2017
uc_1234812,1234812,@115873 signed out from account &amp; the linked email address have expired hence unable to login. Why can I not get the otp on my phone number?,"@409626 We're here to help! Send us a note here, https://t.co/Md7v036OoC and our team will be in touch.",Wed Oct 25 18:12:55 +0000 2017
uc_146872,146872,"@115873 why does it take forever for a driver to change his partner. After I hv filled d SSA form for almost 2 wks, it's still not done",@149346 We're here to help! Please send us a note via https://t.co/ZKt0NHVs3P so we can connect.,Fri Nov 24 14:14:37 +0000 2017
uc_1355528,1355528,@Uber_Support Please hurry I’m starving,"@297091 Found your request, Kyanna! Our team is reviewing and will get back to you as quickly as possible via in-app support.",Fri Oct 27 19:28:18 +0000 2017
uc_1522767,1522767,"Hey @115873, for peace of mind can you add check to never be selected for a driver again. My heart dropped so many times today","@473187 Sorry for the trouble! Send us a note here, https://t.co/fS660rQ8NQ and our team will be in touch.",Fri Nov 03 20:55:52 +0000 2017
uc_2893886,2893886,@115877 I can't schedule delivery. https://t.co/JiPqAaTRm4,@802036 Here to help! Send us a note via https://t.co/wLKQOAMWCk to assist you further.,Tue Nov 28 15:44:17 +0000 2017
uc_2410866,2410866,@Uber_Support very rude and racist driver - terrible and worst experience for my wife. This guy just kept shouting and will do same to other riders - please do something; below are details. https://t.co/j7ZxFhdkuE,@693174 We apologize for the trouble! Send us a DM with your email address with additional details and we'll connect.,Tue Nov 14 16:17:23 +0000 2017
uc_2070060,2070060,@Uber_Support Why did you suddenly cancel my ride and charge the fee while I was talking to the driver on my location?!?,@612189 That doesn't sound right. Let's take a look. Visit https://t.co/balq3Eyso6 so we can follow up.,Thu Oct 19 01:45:50 +0000 2017
uc_379858,379858,Some issue with #Uber today. Vehicles 20 min away getting booked even when I can see cars 3 min away on app. @Uber_Support @119983,@206115 Sorry to hear about this. Please send us a note here https://t.co/593jusCquh so we can follow up.,Mon Oct 09 06:20:01 +0000 2017
uc_866361,866361,@115873 need your attention on my account activation for 0714708424,@325711 Here to help! Send us a note at https://t.co/WbmljlOtLY so our team can connect.,Fri Oct 20 06:05:38 +0000 2017
uc_2713634,2713634,"@115873 you're 0/2 so far this evening. First driver misses arrival time by 10min, then 2nd driver had just finished smoking as i get in his car, no biggie because he's farting now. To cover up the smoke? #howconsiderate",@761790 Here to help. Send us a note at https://t.co/2qNW2wZ8Mg so our team can connect.,Sat Nov 18 02:54:30 +0000 2017
uc_966883,966883,When your @115873 driver drives away as you run after it and then cancels on you and charges you £4. #classic,"@349475 Sorry for the trouble! Send us a note here, https://t.co/e8HVorX5rh, and our team will be in touch.",Sun Oct 22 00:06:48 +0000 2017
uc_476504,476504,"@Uber_Support trying to get help with a charge credit issue. Exchanged 10-12 emails with support, getting standard replies. I have tried explaining in all possible ways. @AskAmex #amex #ubercredit. Please help",@228246 Here to help! Send us a DM with your email address so we can connect.,Fri Dec 01 11:15:56 +0000 2017
uc_161381,161381,"@Uber_Support Hey Uber! Happy Black Friday. How can I tell if I'm set up to drive in another city? Home is Seattle, Desired additional city is Tacoma. What's the process to confirm? I think I am eligible.","@153242 Hi, Ken! Here to help. Kindly send us a note at; https://t.co/O8xDqc4DQL so our team can assist.",Fri Nov 24 18:23:09 +0000 2017
uc_2952980,2952980,"@Uber_Support Not more than an hour ago, driver didn't pick me up, didn't answer my calls and started the trip. Wasted 45 mins. Had to cancel it later. Was charged for the trip which I didn't take. @1143 helped me get to the destination. #Outrageous",@815335 Sorry to hear that! Send us a note here: https://t.co/K05RdmK3t4 so we can follow up.,Wed Nov 29 18:09:29 +0000 2017
uc_376658,376658,@Uber_Support Just see the delay n it's pathetic to day that it's still un attended...If the process is instant why there is so delay to the resolution..,@205350 We've located your support request. A member of our team will follow up with you shortly. Thank you for your patience.,Mon Oct 09 01:44:23 +0000 2017
uc_2482788,2482788,@Uber_Support Why deactivate my account after I cancel ride because I requested an XL but you send me a sedan. Not cool. Your loss. Go @115879,@709342 Here to help. Send us a note at https://t.co/Md7v036OoC so our team can connect.,Sun Oct 29 23:01:14 +0000 2017
uc_443088,443088,"@115873 @Uber_Support Your service in India is pathetic. If someone wants to raise an issue, there is no response. I was charged a fee even though the driver cancelled the trip. Now I am not able to request a cab or place order via uber eats since it says previous payment pending",@220003 Sorry for the trouble! Please send us a note at https://t.co/QsI1vsdATF and we'll be happy to look into this for you.,Wed Nov 22 08:17:12 +0000 2017
uc_2103090,2103090,@Uber_Support Sir what happened to ur company last one month I didn't receive my payment when I talked to customers care they told me visit office when I visited office they told me next Wednesday ur payment would be receive but till now I didn't get any money sir I not expected,@620980 We see your outreach and a member of our team will be following up via email as soon as possible. We appreciate your patience.,Wed Nov 08 11:32:43 +0000 2017
uc_822756,822756,@115877 y’all are really going to do me like this?? https://t.co/rmtU1hQ5HV,@315984 We're working hard to expand our service area. Stay tuned to our website for updates: https://t.co/Mf9vzZ0uru,Thu Oct 12 22:09:41 +0000 2017
uc_2421535,2421535,@115877 not fair! Want my doughnuts 😳😣 https://t.co/T7o80Y56IX,"@695563 Demand is very high today, but we'll try our best to get a some doughnuts your way soon.",Tue Nov 14 14:33:27 +0000 2017
uc_1295785,1295785,"@115877 The food I just got from The Nexus Cafe was absolutely disgusting, it was raw, and completely inedible!",@422879 That's definitely not okay! Send us a note at https://t.co/OWBkgXcbMl so our team can connect.,Thu Oct 26 21:36:44 +0000 2017
uc_418459,418459,@Uber_Support __email__ I am so piss is beyond this a fraud,"@214838 We have reached out to you via in app support, you can find the message in under ""help"" in your app, you can also find it in your email.",Tue Oct 10 04:35:53 +0000 2017
uc_1158111,1158111,@Uber_Support the support in dubai does not exist need a number to talk to been over charged last 3 times drivers cancelled and im penalised,@392027 Here to help. Kindly send a note here: https://t.co/1xM0TILvAI so we can connect.,Tue Oct 24 16:11:55 +0000 2017
uc_76219,76219,@Uber_Support There is nothing I have given u SS of the update,@133051 Sorry to hear about the trouble. Our team has looked into this ride further and have adjusted the trip for you. This adjustment will appear in your payments within the next 3 business days. If we can assist with anything else please let us know!,Thu Nov 30 16:01:05 +0000 2017
uc_1600159,1600159,@115873 please let your drivers know how unprofessional it is to have heated arguments while you have customers in your car..,"@491342 Sorry for the trouble! Send us a note here, https://t.co/z8NNR56eyf, and our team will be in touch.",Sun Nov 05 04:26:06 +0000 2017
uc_488712,488712,"@Uber_Support why donot u display destination to cab drivers before allotting booking, they ask customer to cancel the booking after checking the destination from them. Such a pain, and you are not cheaper travel anymore",@231373 Here to help! Send us a note via https://t.co/QDn91HzZV0 and we'll be in touch.,Fri Dec 01 16:13:17 +0000 2017
uc_262707,262707,@115873 @Uber_Support this guy is not picking my call after I told him my destination he is standing there neither he is cancelling the ride. https://t.co/CdQ57GEKXc,@178585 Oh no! Thanks for bringing this to our attention. DM us your account email along with details for assistance.,Thu Oct 05 21:35:05 +0000 2017
uc_1580555,1580555,"@115873 you guys really need to fix your god damn drivers app. It's inaccurate and it makes hard to find customers , for all the profit you",@252219 We're so sorry about that! Please send us a DM with your email address with details so we can connect.,Sat Nov 04 19:34:52 +0000 2017
uc_598480,598480,@1582 @4735 Silver Nissan Ultima PA KFP-1244 2:30pm 12/3/17 on Columbus Blvd. Reckless driving threatening other drivers. Is this the type of drivers I can expect from Uber? https://t.co/MWSCMGA3Dv,@261909 We take this very seriously. Please send us a DM with your email address so we can connect ASAP.,Sun Dec 03 20:17:33 +0000 2017
uc_1335308,1335308,"I have to pay in full even when driver's in fault, bcz of him My train got delayed and Still I've to pay for it. Well Served! @115873 https://t.co/PE9Cl47nFm","@431497 We can look into that cancellation with you, Yogesh. Can you please send a note our way via https://t.co/QsI1vsvcif?",Fri Oct 27 14:08:09 +0000 2017
uc_1406318,1406318,@Uber_Support How long do I have to wait?,@446882 Hey! Requests are responded to in the order they are received. A member of our team will follow up with you soon. Thanks for your patience.,Thu Nov 02 04:26:33 +0000 2017
uc_379191,379191,@115873 how do I complain specifically about a ride?,@205979 Here to help! Send us a note via https://t.co/K05RdmK3t4 and we'll be in touch.,Mon Oct 09 06:10:30 +0000 2017
uc_1950298,1950298,I haven’t moved @115873 you gump muppets yet you cancel. Sort your GPS out #mongs,@579283 Here to help! Can you please contact us via https://t.co/h840Iouehc so our team can assist?,Sun Nov 26 09:37:18 +0000 2017
uc_2759780,2759780,.@Uber_Support i was physically abused by one of your drivers today. This behavior is unacceptable please do something or I'm suing.,@772211 We take this very seriously. Please send us a DM with your email address so we can connect ASAP.,Tue Nov 21 04:39:20 +0000 2017
uc_1660471,1660471,@115873 this was the actual driver who made threats against me not the other person that you weirdly connected me to https://t.co/n5R4uq9wXJ,"@506529 We've replied via DM, please follow up there.",Mon Nov 06 04:45:58 +0000 2017
uc_2751194,2751194,"Long live @115873, their cleaning fee for a small stain are so high that after 2 small stains in their cars, the driver can take the rest of the day off.... #Uber #cleaningfee #rats #scam",@770230 Here to help. Please send us a DM of the email address connected to your account and more details so we can further assist.,Tue Nov 21 00:36:06 +0000 2017
uc_1076464,1076464,@Uber_Support how am I suppose to change my phone number if I dont have the phone number for the verification code?,"@374006 We want to follow up right away, Ataniel! Please send us a DM with your account email address + details and we'll connect.",Fri Oct 13 11:57:31 +0000 2017
uc_2051422,2051422,@Uber_Support How can I report issues with your Ap? Also why is there STILL no option to do this in Ap?,"@189540 Thanks for reaching out, Joshua! You can find specific issues under 'Help' in the app or contact us here: https://t.co/zUe0dj6yoX.",Thu Oct 05 20:12:48 +0000 2017
uc_1950965,1950965,@115873 Trying to set up my account with company details (for invoicing purposes) but can't. And i don't find any solution online. Assist pls,@579429 Hi there! Please reach out to https://t.co/zUe0dj6yoX and fill out the 4 boxes at the bottom so we can get in touch.,Wed Oct 18 16:39:11 +0000 2017
uc_577384,577384,@Uber_Support Too late.,"@255906 We would be happy to take a closer look if you would like, we will just need you to DM us your email address and more information of the issue. We look forward to hearing from you.",Sun Dec 03 01:47:10 +0000 2017
uc_1599774,1599774,"@491240 @115873 I'm not even making minimum-wage! I could park my ass at McDonald's, make more, spend less in taxes, and not fuck up my car.",@376309 Hi there! ! You may write in your concern via https://t.co/FF2YGTGjuA so our team can get in touch.,Sun Nov 05 04:09:42 +0000 2017
uc_2558819,2558819,@Uber_Support - could you please assist me. I a monthly fee that comes of my account payable to UBER. I don't remember applying for this,"@726394 We're here to help! Send us a note here, https://t.co/dInR3racif and our team will be in touch.",Thu Nov 16 16:41:36 +0000 2017
uc_2578797,2578797,"@Uber_Support my account will not let me use an active card that has money on it, I need help with this situation since I depend on Uber to get around.",@731090 We’re here to help! Send us a note via https://t.co/yqIhbH9ohQ and we'll be in touch.,Thu Nov 16 21:45:27 +0000 2017
uc_2227388,2227388,@115877 +Adding @87972,"@650165 We can look into this with you, Shaz. Can you please send a note our way via https://t.co/uqkboJBiJd?",Thu Oct 19 16:06:16 +0000 2017
uc_1479831,1479831,@Uber_Support Ok still didn t go thru,@189071 We will be following up via your existing support message in-app/email.,Fri Nov 03 20:19:38 +0000 2017
uc_1471062,1471062,@Uber_Support ??? https://t.co/yhh8k9eXiU,"@461466 Hey, Ramu. Please send us a note at the link provided for further assistance.",Tue Oct 17 06:39:55 +0000 2017
uc_76190,76190,@115873 really sorry to write from some time your rider have no right to mail you and nothing to contact nos and mail id.,"@133048 At this time we don't offer phone support, as communication is streamlined via email. Visit this link https://t.co/balq3Eyso6 so our team can assist.",Thu Nov 30 11:29:42 +0000 2017
uc_248863,248863,@Uber_Support I have already sent details today morning!,"@175132 Glad to hear it, Heer. DM us with your Uber account email address, and we can take a closer look and follow up.",Thu Oct 05 16:46:11 +0000 2017
uc_1197988,1197988,@Uber_Support how long does it take to get support from Uber? https://t.co/BcBw8VS6lj,@278777 We're here to help! Send us a DM with your email address and more details so we can follow up.,Wed Oct 25 03:34:56 +0000 2017
uc_2483491,2483491,@Uber_Support I need help with the uber eats app.,@709520 We're here to help! Send us a DM with your email address so we can connect.,Sun Oct 29 23:40:43 +0000 2017
uc_2718540,2718540,@Uber_Support https://t.co/mGGBZglLas,@385972 We've responded to you via DM.,Mon Nov 20 08:20:15 +0000 2017
uc_2629080,2629080,@Uber_Support can you help on an account please,@554871 We're here to help! Send us a DM with your email address and more details so we can follow up.,Fri Nov 17 17:07:44 +0000 2017
uc_1466966,1466966,@Uber_Support Is it possible to reserve an Uber ride through your app 6 weeks in advance?,@460497 Here to help! Find out more info about scheduling a ride in advance here: https://t.co/VYt9zqEmr3,Thu Nov 02 19:39:03 +0000 2017
uc_2842791,2842791,@115873 you charge us $5.00 for a cancellation fee when the driver is taking forever! But when drivers cancel after we already waited 5+ minuets we get nothing ?!?!! We need a credit or something @115873,@790924 Here to help! Send us a note via https://t.co/h840Iouehc so our team can connect.,Mon Nov 27 17:20:39 +0000 2017
uc_1338177,1338177,@Uber_Support It tells me to contact support. I’m running late someone reach out to me,@432134 We're so sorry for the confusion. Kindly send us a note via https://t.co/yqIhbGRNqi so we can assist.,Fri Oct 27 14:51:39 +0000 2017
uc_1086132,1086132,@Uber_Support I was told that i was given a credit but i still haven't gotten it.,@375721 Thank you for providing the info. We are looking into your account right now.,Mon Oct 23 21:55:21 +0000 2017
uc_1486671,1486671,what time does ubereats or postmates stop delivering ?,@465254 Hi There! You can see our hours and delivery area at https://t.co/P4mEOOIdr4,Fri Nov 03 04:32:45 +0000 2017
uc_2680958,2680958,I told this uber driver I'm going to Festac and he shouted let me cancel 😢😢😢😢😢 Festac is not that far nau.,@754240 We're sorry to hear about this experience. Please send us a note at https://t.co/593jusCquh so we can connect!,Tue Oct 31 15:40:49 +0000 2017
uc_141499,141499,@115873 was hacked #Uber was hacked So sad,@147921 Here to help. Send us a note at https://t.co/kGIXas5Cxg so our team can connect.,Fri Nov 24 12:18:30 +0000 2017
uc_2509446,2509446,"@Uber_Support I accepted a ride request for a trip in a 1.3x Boost zone &amp; while enroute Uber automatically swapped me to a ""closer"" ride request that did not have a boost applied, but was well within the same boost zone. uber needs to pay me or I'll cancel EVERY time this happens",@265378 It seems a member of our team has reached out to you. Please check your email and follow up with them there.,Sun Nov 12 17:41:43 +0000 2017
uc_2051689,2051689,Y’all know where I can find the number to @115873 ? I just need to have a little chat with them &amp; my money....,"@606754 Here to help! At this moment, we don't offer phone support. Please visit this link https://t.co/QDn91HzZV0 so our team can assist.",Thu Oct 05 21:27:13 +0000 2017
uc_1158102,1158102,"@Uber_Support driver took double paymnts. paytm and cash both. After informing, Uber refused to help me. Uber cant give customer security.",@392431 We're sorry to hear this was your experience. Send us a DM with your email address and more details so we can follow up.,Tue Oct 24 16:14:20 +0000 2017
uc_945631,945631,@Uber_Support THAT IS JUST A LOGIN LINK. I CANNOT LOG IN. Give me a number to call you on.,"@344232 Hi, Mark. Send us a DM with your account email address and we'll be in touch to help with this.",Sat Oct 14 00:40:31 +0000 2017
uc_1789970,1789970,@Uber_Support Hello. The outreach team has not read my inquiry because they keep sending me links to a page to a form that I have already submitted. Can I please talk to a person over the phone?,"@425873 We understand that you would like to speak on the phone about this concern. At this time, we are only able to offer support through email or social media. We will be happy to address all of your concerns through these channels as quickly as possible.",Sun Nov 26 06:27:02 +0000 2017
uc_16500,16500,"@Uber_Support Hi UBER, I can't use to login and booking for my trip, is really important to me RIDE UBER",@119638 We can definitely take a closer look! Contact us here: https://t.co/Md7v036OoC so we can help.,Wed Nov 01 03:24:19 +0000 2017
uc_2455413,2455413,Third time in a row that @McDonalds got my order wrong on @115877 😭😭😭,@160102 Here to help! Please send us a note via https://t.co/DpLEahcQAT so our team can connect.,Wed Nov 15 04:01:57 +0000 2017
uc_962292,962292,@Uber_Support I tried logging into another phone but I cant receive the verification code.,"@348343 Very sorry to hear about your phone, Angel! We absolutely want to help you retrieve your item. Please send us a DM with your email address.",Sat Oct 21 22:14:30 +0000 2017
uc_2487363,2487363,@Uber_Support hi GM! Today I took an Uber and you guys charged me almost as double as the app says on my CC What can I do?,"@710421 Here to help! Follow up here; https://t.co/zJ6aIZinzb, and our team will connect right away.",Wed Nov 15 16:28:32 +0000 2017
uc_2020369,2020369,@Uber_Support help,"@597478 We're here to help! Send us a DM with your email address and more details of your concern, so we can follow up.",Wed Oct 18 20:51:43 +0000 2017
uc_2762951,2762951,@115873 if my receipt says $0.00 why was I charged? and when I try to see my receipt it won't let me.,@366456 Happy to help! Send us a note here https://t.co/OhfgxSAY58 and our team will follow up.,Mon Nov 27 00:13:00 +0000 2017
uc_2934728,2934728,Ordered food last night and the full order didn’t come @115877 it was the most expensive take out I’ve ever ordered so I’d at least like a refund 😩😩,"@811442 Sorry for the trouble! Send us a note here, https://t.co/ILV7P28gPt, and our team will be in touch.",Wed Nov 29 10:20:36 +0000 2017
uc_688035,688035,@115873 insists on charging me a cancellation fee for a trip I cancelled because there was so much trash in this guy's backseat there was nowhere for us to sit. It looks like the drivers have the upper hand in this game.,@194747 Sorry to hear about that! Can you please contact us via https://t.co/aBEgvdNWQN so our team can connect?,Thu Nov 23 13:58:55 +0000 2017
uc_868428,868428,"@Uber_Support Thanks! Already used this link. But answers are so slow... Only one ""hello"" message during the whole day.",@326194 Let's take a closer look - DM us the email address connected with your account profile so we can follow up.,Fri Oct 13 15:19:13 +0000 2017
uc_2420842,2420842,What a let down. @148768 I feel you have smashed the sanctity of trust in our beautiful relationship. Feeling traumatised @115877,"@695404 We're sorry to hear that, Luke. We're working hard to sort a technical issue caused by high demand. Please doughnut worry, there will still be plenty of time to order. If you're not immediately connected, do try again.",Tue Nov 14 14:44:43 +0000 2017
uc_2371537,2371537,@Uber_Support unable to request a ride through Uber app . Need help,"@684264 Happy to help! Send us a note here, https://t.co/xMxswVLBKT, and our team will follow up.",Tue Nov 14 00:28:23 +0000 2017
uc_1610409,1610409,@Uber_Support I will dm u my number u can contact me,@494361 We've responded to your DM.,Sun Nov 05 11:11:34 +0000 2017
uc_2107652,2107652,"@115877 very disappointing. From ordering to getting the food. How do you force people order ice cream or cream AND force people to add basic condiments? Meh, nah worth it. I rather fry eggs.",@621911 Here to help! Send us a DM with your email address so we can connect.,Sun Nov 26 12:29:30 +0000 2017
uc_616442,616442,@115877 When will UberEats finally roll out service in Temecula/Murrieta?,"@555546 We're expanding this product quickly, Steve, so stay tuned for changes. Keep up-to-date with our cities at https://t.co/tmdOwGmbUE.",Thu Oct 19 13:37:26 +0000 2017
uc_1262003,1262003,@Uber_Support HOW SWAY?!?!? Wtf is up with this calculation. This is only one trips total out of 5. https://t.co/Tq8RtWsF1S,"@415613 Thank you for bringing this to our attention. Our team is currently reviewing, and we hope to get this resolved shortly.",Fri Dec 01 01:50:01 +0000 2017
uc_2937742,2937742,"@115877 I order food 30 minuted ago, and I got a notification 7 minutes ago saying it had been delivered. Yet I am still without food, so please tell me where my food and money have gone to? It’s too cold for all of this rubbish!",@812063 Here to help! Can you please send us a DM with your email address so we can follow up.,Wed Nov 29 12:15:25 +0000 2017
uc_515343,515343,"@115873 @Uber_Support really needs to learn to read the Chicago traffic a little better, I ordered regular uber instead of pool to get me to my destination quicker and still ended up there at the same time, but charged 3 times more",@238709 We're here to help! Send us a DM with your email address so we can follow up.,Sat Dec 02 00:51:13 +0000 2017
uc_1250007,1250007,@Uber_Support I want a full refund,@356770 Here to help! Please send us a note at https://t.co/e8HVorX5rh and we'll be happy to look into this for you.,Thu Oct 26 02:49:24 +0000 2017
uc_1964945,1964945,@Uber_Support Will do! Thanks for your help with this,@582501 No problem! We are happy we could help.,Tue Oct 31 11:49:34 +0000 2017
uc_574662,574662,If I disappear after tonight it’s because I’m riding in a dangerous. @115873 and I’m pretty sure this guy is more drunk than I am.,@255176 We take this very seriously. Please send us a DM with your email address so we can connect ASAP.,Sun Dec 03 07:05:37 +0000 2017
uc_2002888,2002888,So @115877 &amp; @McDonalds can't refund me just because 'the portion size wasn't what I expected'. THIS IS A YOU PROBLEM NOT A ME PROBLEM. https://t.co/5nr5JfYrlL,@470485 We can definitely take a closer look! Please send us a DM of the email address connected to your account so we can further assist.,Fri Nov 03 23:01:49 +0000 2017
uc_270407,270407,"@115877 I never revived my food, and had a SUPER RUDE delivery, where he said I got my food, and you guys haven't contacted me yet! Grr",@180473 Please DM us your account email address so we can review the status of this request. https://t.co/sd7yH5jmbJ,Thu Oct 05 22:59:45 +0000 2017
uc_1971012,1971012,@Uber_Support how come I didn't get a uber pass email? This is the third time I was told I would get one. Stop lying and send me one,"@583824 Check out https://t.co/vMKzBXlRcL for information on ride passes. If you have questions, please let us know at https://t.co/zUe0dj6yoX.",Wed Nov 01 00:15:32 +0000 2017
uc_2386442,2386442,"@Uber_Support @119983 My sister made an account just a day before. She hasn't booked any ride yet, but her account has been disabled.",@687736 Thanks for reaching out. Please have the account holder reach out to us about her account and we will gladly assist.,Fri Oct 20 10:02:16 +0000 2017
uc_560892,560892,"@Uber_Support I logged in to the website and submitted a message, still very frustrated and hoping for a solution soon, or Im ordering a cab",@251236 Happy to help! Send us a DM with your email address and our team will follow up.,Sat Dec 02 22:36:26 +0000 2017
uc_1740934,1740934,@Uber_Support did not receive half of my food order tonight on @115877 filed complaint in app but thought might get a faster response here,"@525258 Happy to further assist you, Aubrey! Can you please send us a DM with your email address and additional details?",Sat Oct 28 23:31:41 +0000 2017
uc_1268723,1268723,"Guys, @119983 @115873! Left my phone in the cab. Driver is not picking up my calls now. What should I do?","@181439 Here to help! Send us a note here, https://t.co/IYZIHnGCtx, and our team will follow up.",Sat Nov 25 12:15:23 +0000 2017
uc_2206355,2206355,@Uber_Support is the Uber network down in Philadelphia? Seeing no cars available + service error...,@645106 Here to help. Send us a note at https://t.co/u3MyknJaaN so our team can connect.,Thu Nov 09 23:48:38 +0000 2017
uc_1771900,1771900,@Uber_Support Can a driver make a second account JUST for UberEats?,@532587 We'd be happy to assist you with this! Please DM us the email associated with your partner account and we'll follow up.,Wed Nov 08 01:26:21 +0000 2017
uc_2618436,2618436,@Uber_Support I haven't had a response about being eligible to drive with you all and it's been 3 weeks.,@739976 We're here to help. Can you please send us a DM with your email address? From there we'll be able to assist further.,Fri Nov 17 15:03:55 +0000 2017
uc_2720617,2720617,Idk who is in charge of @118730's customer service but clearly they're not doing their job right. It's cold af outside so I'm waiting in the gas station. The uber calls me &amp; I miss it by a second. I go outside &amp; call back. NO ANSWER. I get an email saying I've been charged.,@763384 Happy to take a closer look! Kindly send us your email address via direct message (DM) so our team can assist.,Sun Nov 26 22:56:53 +0000 2017
uc_573731,573731,Hey @26510 @141483 @115873 @Uber_Support — ever thought about adding an option where female clients can request female drivers? #SafetyFirst #safetyculture,@254895 Hi there! Please reach out to https://t.co/zUe0dj6yoX and our team will be in touch.,Sun Dec 03 05:55:19 +0000 2017
uc_1248396,1248396,@Uber_Support I'd call you to save myself from using twitter like a 45+ but...oh you don't have a customer service line for riders??? Nice!!,@412893 Sorry to hear about that! Send us a DM with your email address so we can follow up.,Thu Oct 26 01:15:35 +0000 2017
uc_1376497,1376497,@Uber_Support I was just hit from behind on a bike by an #Uberdriver. The incident occurred in #Toronto licence plate CCMS 245. blkHondaCRV,@440440 We absolutely want to follow up right away. Please send us a DM with your email address so we can connect.,Sat Oct 28 01:21:47 +0000 2017
uc_513025,513025,@115873 your app fucking sucks,@238031 We're here to help! Send us a DM with your email address and more details so we can follow up.,Fri Dec 01 23:32:21 +0000 2017
uc_2836276,2836276,@Uber_Support Have DM’d you,"@789448 Hey there, Adam. We'll be sure to follow up with your DM.",Mon Nov 27 15:15:53 +0000 2017
uc_2237868,2237868,@115873 don’t you verify email of those who register? I am getting somebody else’s emails.,@596530 We can definitely take a closer look! Please send us a note via https://t.co/kGIXas5Cxg so we can assist further.,Fri Nov 10 17:55:12 +0000 2017
uc_363422,363422,@Uber_Support I was incorrectly charged for a ride I did not take. I need a refund.,"@202105 Hi Eseosa, we've sent you a DM.",Sun Oct 08 16:55:27 +0000 2017
uc_2138153,2138153,Why is it that everytime I use @115873 I get the worst experience ever,@628888 Hi there! Please send us a note via https://t.co/K05RdmK3t4 so we can connect.,Wed Nov 08 21:45:41 +0000 2017
uc_2412793,2412793,"Bothered to download @115877 for the free @148768. App crashed and now doesn't show any stores. Lesson for us all, if you're doing a big giveaway make sure your systems can handle it. A good lesson for all brands, learn from this massive screw up! Test and test and test!","@693623 We're sorry, Guy. We're working hard to sort a technical issue caused by high demand. Please doughnut worry, there will still be plenty of time to order. If you're not immediately connected, do try again.",Tue Nov 14 14:31:39 +0000 2017
uc_95772,95772,@Uber_Support Yet no response adter ur acknowledgement of my tweet,"@136851 We definitely understand the sense of urgency here, and we assure you that our support team works through these inquiries as quickly as possible. Thank you for your patience with us so far, and be sure to keep an eye out for a follow up.",Fri Dec 01 00:34:24 +0000 2017
uc_242542,242542,@Uber_Support Now talking on phone while driving,"@173611 This is concerning, Anil. Please DM us the trip details once the ride has ended so we can follow up. https://t.co/sd7yH5jmbJ",Sun Oct 01 16:18:30 +0000 2017
uc_2647418,2647418,"Why the hell @115873 wants $17 for a 5 min ride , they really geekin","@746935 Happy to help! Send us a note here, https://t.co/oEOANqFpjc, and our team will follow up.",Fri Nov 17 22:56:51 +0000 2017
uc_574242,574242,@Uber_Support Done. Email me please I’m so livid about this lol,"@255058 We've replied via DM, please follow up there.",Sun Dec 03 06:39:20 +0000 2017
uc_1974059,1974059,@115873 Please do a better job of vetting your drivers. My husband and I will no longer use UBER,@584612 So sorry to hear about that! Please reach out to https://t.co/zUe0dj6yoX and fill out the 4 boxes at the bottom so we can get in touch.,Wed Nov 01 13:35:13 +0000 2017
uc_1358169,1358169,@Uber_Support Sorry but this page is not getting submitted!,@436651 We're here to help! We just sent you a DM.,Mon Oct 16 15:05:19 +0000 2017
uc_462637,462637,@115877 you’re fucking shit answer your phones u bellends,@224958 We're here to help. Can you please send us a DM with your email address and more details so we can connect?,Fri Dec 01 00:34:41 +0000 2017
uc_1444628,1444628,Order an @115873 they charge you upfront and then tell you we have no drivers right now! Are you refunding me?! How to contact uber dubai?,@455232 We can take a look on these. Kindly send a note here: https://t.co/1xM0TILvAI so we can connect,Thu Nov 02 15:28:19 +0000 2017
uc_2262122,2262122,How much would I have to pay Uber eats to bring me a polar pop,@658601 Here to help! Find out more info on how much does UberEATS cost here: https://t.co/gwEH0c7Tou,Sat Nov 11 00:40:33 +0000 2017
uc_2798517,2798517,@115873 change your company name to Moron...your drivers are fucking clueless (and don’t have their phone on so I can’t reach them).,"@592190 Sorry for the trouble! Send us a note here, https://t.co/fS660rQ8NQ, and our team will be in touch.",Tue Nov 21 23:10:49 +0000 2017
uc_2531437,2531437,@Uber_Support I've already checked that page. Not mentioned there or at least I couldn't deduce that from the help page.,@720494 Sorry to hear about that. Can you please send us a DM with your email address? From there we'll be able to assist further.,Mon Oct 30 11:57:26 +0000 2017
uc_1442046,1442046,"@Uber_Support Hi, Uber charged me a cancellation fee for two rides that didn't even show up. The driver cancelled at the 1 minute mark??",@454584 Here to help! Send us a note via https://t.co/h840Iouehc so our team can get in touch.,Thu Nov 02 11:42:01 +0000 2017
uc_942831,942831,"@115873 Why wld I be chrged a ""wait fee"" on 2 routes when the drvr did not wait? Infact our 2nd drvr didn't come all the way to the adress.",@343515 We're sorry to hear this was your experience. Send us a note at https://t.co/WJq5jsdLlf so our team can connect.,Sat Oct 21 16:18:16 +0000 2017
uc_2106345,2106345,"@115877 managed to somehow order food I didn’t order. And the support “couldn’t” cancel the order. Sorry, but I’m not down to paying $10 for a one mcmuffin.",@621668 We're here to help. Can you please send us a DM with your email address so we can connect?,Wed Nov 08 13:26:14 +0000 2017
uc_969955,969955,@Uber_Support I already have!,@350183 Hey there! Please send a DM our way with your account email and phone number so we can connect.,Sun Oct 22 03:53:11 +0000 2017
uc_564445,564445,Hey @115873 &amp; @Uber_Support - had two Uber Black drivers cancel after 5-10 min of waiting tonight. Seems like drivers need better training. https://t.co/UuXDGnzj60,@252211 Here to help. Send us a note at https://t.co/e8HVorX5rh so our team can connect.,Sun Dec 03 00:21:31 +0000 2017
uc_2975008,2975008,@820479 @115877 Good luck! I’m in the same boat and going to bed.,@820940 Here to help. Send us a note at https://t.co/pqZPVbpZRI so our team can connect.,Thu Nov 30 03:01:24 +0000 2017
uc_2552594,2552594,Is it just me or is the new thing with some @115873 drivers to accept the job then not attempt to get to you so you cancel and get charged 🤔,@267592 Sorry for the trouble! Send us a note via https://t.co/fS660rQ8NQ so we can connect.,Thu Nov 16 14:58:17 +0000 2017
uc_1267747,1267747,"@115873 driver don't knw route and making a fool out of me for past 10 mins and u expect me 2 pay 42. I,d rather uninstall this crappy app.",@416834 We're here to help! Send us a note via https://t.co/h840Iouehc so our team can assist.,Thu Oct 26 13:01:33 +0000 2017
uc_2145856,2145856,"@Uber_Support hi , I registered in Uber and i want to change the city...",@630831 Here to help. Please contact us via https://t.co/akqUV396RK so we can follow up.,Wed Nov 08 23:49:09 +0000 2017
uc_2507448,2507448,@Uber_Support Yea done that twice now and your right away is currently 30 min! Want to actually do something??,@714886 We'll be sure to follow up with your request. We appreciate your patience.,Wed Nov 15 20:55:20 +0000 2017
uc_109111,109111,"@Uber_Support someone from your team just emailed me asking me to verify my cell phone number...via my cell phone, with no other options. this is a joke please help me",@140219 We've been in touch via DM!,Thu Nov 23 22:03:14 +0000 2017
uc_1833920,1833920,I already did Hope to hear from you because I haven´t heard a thing from @137362 https://t.co/62rWeBQt5p,@545022 We responded to your DM please follow up there.,Wed Oct 18 05:14:57 +0000 2017
