pair_id,customer_tweet_id,customer_msg,brand_reply,created_at
uc_1427199,1427199,@Uber_Support This link was not helpful at all. How do I receive my credit for my driver canceling when she had no reason to,@451524 Sorry for the confusion. Please send us a note at https://t.co/h840Iouehc so our team can connect.,Thu Nov 02 05:07:25 +0000 2017
uc_1332868,1332868,1)Hey @115877 I have ordered from you many times without issue. Tonight I make an idea then a few minute later it’s cancelled.,@430934 We're sorry to hear this. Can you please send us a DM so we can look into this?,Fri Oct 27 13:18:40 +0000 2017
uc_1787453,1787453,"@Uber_Support Hi, is there any way for me to pay to Uber back? I was one of the Uber Driver. there is -RM9 in my estimated bank deposit ( uber pay statment). I have stop from doing Uber for quite a long time and not plan to cont yet. please help.",@536994 Here to help. Send us a note at https://t.co/EkibplQL1j so our team can connect.,Fri Nov 17 11:51:55 +0000 2017
uc_2495215,2495215,Yo our Uber driver just offered us a shot of fireball like wtf 😂😂😂 lmao,@712154 We apologize for the trouble! Send us a DM with your email address with additional details and we'll follow up.,Mon Oct 30 00:20:50 +0000 2017
uc_2696187,2696187,"@115873 why did my uber cost £7.50 when it stated £4-£6? I have complained on the app, my uber driver took me a very long way round!",@757642 Here to help! We're currently reviewing your email and will be in touch shortly. We appreciate your patience!,Sun Nov 19 18:36:12 +0000 2017
uc_1593466,1593466,I love it when the @115873 driver cancels the ride because they missed both turns two minutes from where im standing!,@489732 Here to help. Send us a note at https://t.co/593jusCquh so our team can connect.,Sun Nov 26 03:32:30 +0000 2017
uc_1589459,1589459,@Uber_Support not not for new year’s eve in london.. you must have some idea...🙂,@488750 Feel free to take a look at the following page for more information on dynamic pricing: https://t.co/QRLZIgZDSB.,Sat Nov 04 23:34:34 +0000 2017
uc_524304,524304,Very unprofessional @1285 drivers . My pick up shows 1 min &amp; the driver calls and says i on my way . 12 calls from me to him n he disconnects / switches off waiting for me to cancel the ride needless to say am late #uberdriver @Uber_Support @115873 https://t.co/E4xr0qDAqJ,@241215 We're sorry to hear this was your experience. Contact us via https://t.co/e8HVoseGiP and we'll be in touch.,Sat Dec 02 05:24:48 +0000 2017
uc_535318,535318,Not quite sure my @115873 driver is relying on GPS to get to the airport rather than GOING TO THE AIRPORT!,@244020 Here to help! Send us a note via https://t.co/fS660rQ8NQ so our team can connect.,Sat Dec 02 12:32:20 +0000 2017
uc_1487188,1487188,"Love it when I dispute a charge with @115873 because I prevented your ""out-of-it"" driver from hitting a pedestrian, then get denied? #lyft",@465402 We're here to help! Send us a DM with your email address and more details so we can follow up.,Fri Nov 03 04:59:13 +0000 2017
uc_703146,703146,@Uber_Support i reset my phone recently and re installed uber app in my phone. Now i am unable to re login with the same mobile number. I didn't updated my account with the email address so i am now having trouble in loggin in again.,@287973 We're here to help! Please send us a note viahttps://help.uber.com/h/53cf8809-a0fc-4856-8706-de637266d4f3 so we can connect.,Thu Nov 23 18:59:56 +0000 2017
uc_1377767,1377767,My @115873 driver gave me a bad review because I gave him 4 stars for a late pickup. Does @AskLyft have the same ridiculous rating system?,@440743 Hi Scott! Find out more info on how ratings are being determined here: https://t.co/kWptmPiR2h,Sat Oct 28 02:08:28 +0000 2017
uc_531755,531755,@Uber_Support It's been 2 hours since I'm trying to reach you. You guys are not responding. Please anyone attend the matter. __email__,"@243189 Hello there, Jacob. We have received your message through in app support, and a member of our team will be following up with you there once we have more information. Please check there for updates and let us know if you have any questions.",Sat Dec 02 11:04:44 +0000 2017
uc_1013844,1013844,@Uber_Support Go read your emails,@359897 Send us a DM with your email address and we can take a look. We'll keep an eye out for your message.,Sun Oct 22 22:58:58 +0000 2017
uc_2667456,2667456,@Uber_Support Yea I ve replied.,@751440 Here to help. Send us a DM (Direct Message) with your email address so we can connect.,Sun Nov 19 09:38:31 +0000 2017
uc_1796238,1796238,"@116276 @115873 @Uber_Support my Uber account was hacked more than 36 hours ago and after multiple attempts to contact your team, I still haven't received a response. Stunned that #Uber doesn't take these things more seriously.","@384864 Sorry for the delay, Jennifer. We're here to help! Please send us a DM with your Uber account email address and phone number.",Thu Oct 12 14:08:14 +0000 2017
uc_2323436,2323436,Badly let down by @115873 again. Will not be happening again as the app has been deleted.,@673187 Here to help! Please send us a note here; https://t.co/QDn91HzZV0 so our team can assist.,Mon Nov 13 13:30:21 +0000 2017
uc_1673419,1673419,@Uber_Support Why am I being asked to pay a penalty when the uber driver's phone goes off at the pick up but he still drives me and I pay.,"@509213 We're happy to connect, Titus. Please reach out at https://t.co/QsI1vsvcif and a member of our team will be in touch shortly.",Tue Oct 17 13:22:25 +0000 2017
uc_412223,412223,@115873 @Uber_Support I provided information into your above form..confirmed email..but still not get any information about my account...are you joking with us??,@213347 Happy to further assist you. Can you please send us a DM with your email address and additional details?,Wed Nov 29 03:18:35 +0000 2017
uc_2502186,2502186,"@Uber_Support Where can I #sue u guys #uber for the inconvenience caused and not showing up $150 in my account , as well not resolving the issue since 10th","@673195 Here to help, Pushkar. Our team will be in touch via email so please be sure to keep an eye on your inbox for our reply.",Wed Nov 15 20:09:17 +0000 2017
uc_1349374,1349374,@Uber_Support Thanks I’ve applied but I’d like to speak to someone to complain about his behaviour,@434661 We see you've written into our support platform. A member of our team is on this and will follow up with you. We appreciate your patience.,Fri Oct 27 17:46:40 +0000 2017
uc_1802609,1802609,@Uber_Support https://t.co/c7Aa3mN9s6 plz follow ups asap. thanks for your prompt response,@128312 Please send us a DM with your email address associated with your account so we can look into this for you. https://t.co/sd7yH5jmbJ,Fri Oct 13 08:45:08 +0000 2017
uc_1025697,1025697,@Uber_Support I send my email. I await a solution.,@362696 We've been in touch via DM!,Sun Oct 22 19:11:51 +0000 2017
uc_2769118,2769118,"@Uber_Support our UberEats order was rejected last night but my card has still been charged, how do I get the money back?","@774219 Sorry to hear about the troubles, David. Please send us a note at https://t.co/PwMnPVp5yK so we can look into this for you.",Tue Nov 21 11:23:42 +0000 2017
uc_2143530,2143530,Literally going through all the stages of grief over @115877 cancelling my @85063 order as it arrived.,"@476025 We see that you've reached out directly to our support team via in-app, and we will continue communications there moving forward.",Wed Nov 08 23:03:35 +0000 2017
uc_2569030,2569030,. @115873 @Uber_Support a 42 minute conversation for a really poor experience all for your floor Supervisor to say “Send an email.” https://t.co/kQASh6h8Li,"@591547 Hey, Melanie. Let's get another set of eyes on this for you. Please DM us your account email so we can take a closer look into this.",Sun Oct 22 23:24:12 +0000 2017
uc_1332870,1332870,@119983 @3564 @127960 I hv already vistd the same issue is nt resolved evn aftr chngng trips to uber XL still recvng uber Pool https://t.co/Zzdo0tyiqB,"@430935 Hello, Irfan. We've gone ahead and followed up with you via DM regarding this matter.",Fri Oct 27 13:09:52 +0000 2017
uc_2954547,2954547,@Uber_Support I am an @116988 platinum Uber VIP. But my account does not show the option select Uber vip rides in Wahsignton DC. Please advise.,@420793 Hi there! Please reach out to https://t.co/zUe0dj6yoX and fill out the 4 boxes at the bottom so we can get in touch.,Wed Nov 29 18:54:26 +0000 2017
uc_1119043,1119043,"Bizarre act of @115873 driver Dost Mohammad. I commented on very dirty foot mats.He stopped cab &amp;asked me to get off, left me stranded on road",@384020 So sorry about the trouble! Please send us a DM with your email address and more details so we can connect.,Sat Oct 14 11:20:25 +0000 2017
uc_1065395,1065395,@Uber_Support Check DM please.,"@371542 We responded to your DM, Richmond! Check your inbox for our message.",Sat Oct 14 20:14:16 +0000 2017
uc_574240,574240,@Uber_Support why do I have to walk to a pick up point for my uber? Isn’t the point for them to come to me? Y’all are trash,@255057 Here to help! Send us a note at https://t.co/593jusCquh so our team can connect.,Sun Dec 03 06:29:06 +0000 2017
uc_2697353,2697353,@115873 is there a number I can call to report a fraudulent charge?,"@757930 Sorry for the trouble! Send us a note here, https://t.co/dInR3racif and our team will be in touch.",Sun Nov 19 19:00:14 +0000 2017
uc_1332521,1332521,@Uber_Support im not getting any promotion since i open my account..i need help,"@430861 Here to assist, DJ! Stay connected here: https://t.co/vhhxzOTc9q within the app for any upcoming promotions. Hope this helps.",Mon Oct 16 05:57:02 +0000 2017
uc_1409782,1409782,So much for @115877 customer service and @Uber_Support. Day 4 since I received this email and all I received was 33 cents. https://t.co/9MGtuRGlJ1,@396349 Thanks for bringing this to our attention. DM us your account email along with details for assistance.,Sat Oct 28 18:01:30 +0000 2017
uc_1323550,1323550,@Uber_Support needs to see what dumb ass shit I deal with https://t.co/H2BiIBuI8U,@428854 We want to follow up with you. Send us a message at https://t.co/balq3EgQZw and a member of our team will follow up soon.,Mon Oct 16 06:26:28 +0000 2017
uc_378545,378545,"TW 1 of 2. So, @115873 let me get this right. You can cancel your rides to passengers at anytime without any penalties. But when a passenger..",@205828 Sorry about that! Please send us a note here https://t.co/h840Iouehc,Mon Oct 09 05:04:04 +0000 2017
uc_91550,91550,@115877 Order accepted by restaurant but in order details it is shown as sold out.. confusing status,"@135847 We're here to help! Find more info about Issue with an ongoing order via https://t.co/jbHuQoc6r1 thanks. If there's anything else, don't hesitate to reach us back.",Thu Nov 30 15:18:06 +0000 2017
uc_1383917,1383917,@115873 thanks for your shittt fucking drivers thanks,"@442067 Sorry for the trouble! Send us a note here, https://t.co/fS660rQ8NQ, and our team will be in touch.",Sat Oct 28 08:11:28 +0000 2017
uc_1409859,1409859,@115873 @Uber_Support I HAVE LITERALLY NEVER RECEIVED SUCH BAD CUSTOMER SERVICE WHAT THE FUCK IS WRONG YOUUUU https://t.co/SA8N79GIIw,"@125622 Hi, we have requested that a member of our team follow up with you directly. We appreciate your patience.",Wed Nov 01 22:00:50 +0000 2017
uc_2031297,2031297,@523627 @127188 Correct. Cc Hey @Uber_Support why is the code applied to the DELNOV75 not getting applied to the final price? https://t.co/eFJYluhmTw,"@152288 We'd like to look into this, Amol. Can you please provide us your email address associated with your account along with details via DM.",Tue Nov 07 12:28:10 +0000 2017
uc_750056,750056,@Uber_Support why was my account disabled when I haven't even taken my first trip yet lol,"@299291 Let's take a look, Jord! Please reach out at https://t.co/BDlHSjUF9c and we'll follow up.",Sat Oct 07 02:17:52 +0000 2017
uc_76115,76115,"@Uber_Support I am trying to reset my password. However at the stage of 2 factor verification, as I await to receive an sms from provider, I never get to receive the text. any adivse",@133031 Here to help! Send us a note here; https://t.co/bkUdpDezkY and our team will be able to assist!,Thu Nov 30 11:41:26 +0000 2017
uc_1083064,1083064,Left my a phone in the backseat of our @115873 driver's car last night. Driver isn't picking up. Anybody know what to besides report it?,@375485 Here to help! Send us a note via https://t.co/oY5vj3NqP3 so we can connect.,Mon Oct 23 17:36:05 +0000 2017
uc_2102717,2102717,@Uber_Support I tried already (on the spot),@620916 Please DM us using the following link. https://t.co/sd7yH5jmbJ,Thu Oct 19 20:50:42 +0000 2017
uc_1015851,1015851,@Uber_Support And 2. It isn't allowing me to sign in 🙄🙄,@360357 Thanks for reaching out to us about this. Please reach out to us directly using this link https://t.co/BDlHSjUF9c and leave a brief note.,Sun Oct 15 02:15:10 +0000 2017
uc_1560886,1560886,@Uber_Support tried ordering an uber and it kept taking me to this even after I confirmed so if i get charged you's are refunding me https://t.co/XU0aWvEMmT,@482238 We're here to help! Send us a note at https://t.co/u3MyknJaaN so we can assist.,Sat Nov 04 09:00:07 +0000 2017
uc_1252031,1252031,Beware of cheating by #Uber #ola is much better #thrusdaythoughts #BJP #gobackuber b4 trip amount ws 168 aftr trip 280. hapend thrice https://t.co/9l3mR17uTB,@413697 Here to help. Send us a note at https://t.co/oEOANqFpjc so our team can connect .,Thu Oct 26 04:53:33 +0000 2017
uc_2964587,2964587,@Uber_Support __email__ thank you!,"@817945 Emily, please DM us that information. We cannot proceed further until you delete the tweet containing your address and following-up with us through DM. We appreciate your patience and understanding.",Wed Nov 29 22:21:11 +0000 2017
uc_1273129,1273129,@418011 @Uber_Support I know right?,"@244441 Thank you for bringing this to our attention. Our team is currently reviewing, and we hope to get this resolved shortly.",Fri Dec 01 02:01:45 +0000 2017
uc_970664,970664,"when your @115873 decides to pick up another rider on YOUR card and tells you they'll be back.. while they're still ""on trip"" with ur cc.",@350323 Send us a note via https://t.co/bGbBMJqMgN so we can connect.,Sun Oct 22 07:12:50 +0000 2017
uc_934552,934552,@Uber_Support Not acceptable!!! We are starting a social media campaign to fix this!! Thousands of drivers are spending countless hours driving,"@341692 Hi, There. We've followed up via DM.",Sat Oct 21 18:24:36 +0000 2017
uc_1964743,1964743,"@115873 driver reached my location with trip already running. When I objected his act, driver cancelled the trip and told me he will not go.",@582461 Happy to take a closer look for you. Sign in and visit us at https://t.co/s9SVm2cb9K so our team can address this appropriately.,Tue Oct 31 06:37:27 +0000 2017
uc_2614405,2614405,I'm sorry to shame like this. But this is the 4th @115873 where the drivers personal hygiene smells way below par. I don't wanna star people lowly because of that but cmon #uberdrivers 😷😷😷🤢👃🏻,@739062 We're here to help! Send us a note via https://t.co/aBEgvdNWQN so our team can connect.,Fri Nov 17 13:21:39 +0000 2017
uc_2229809,2229809,@Uber_Support There’s no place to write a msg. One: driver didn’t alert me he was here and left. and charged me a cancellation fee,"@650737 Sorry for the confusion here! Send us a note here, https://t.co/h840Iouehc and our team will follow up.",Fri Nov 10 15:14:20 +0000 2017
uc_2930407,2930407,"@Uber_Support booked a cab in Bombay, first cabbie cancelled. Second cabbie refused my destination and he dint cancel. He started the ride and ended it. I got charged for it. Now there's no way for me to complain cause your application isn't allowing me to!!",@810619 Hi there! Please reach out to https://t.co/zUe0dj6yoX and fill out the 4 boxes at the bottom so we can get in touch.,Wed Nov 29 07:15:38 +0000 2017
uc_2818794,2818794,@Uber_Support The Forgot Password link isn't submitting for me. Just downloading a file to my computer when I put in my email or phone number.,"@155232 Sorry for the trouble. Send us a note at https://t.co/Md7v036OoC. If you'd like, you can also DM us with your email address so we can assist!",Tue Nov 28 04:14:12 +0000 2017
uc_2379922,2379922,"@115873 i been using the app for so long and so much and never, even in the first ride get a free one. Can you guys do something for me?",@686253 Here to help! Check out https://t.co/FQNTfKa7k0 for more information.,Tue Nov 14 04:32:56 +0000 2017
uc_853116,853116,hey @115873 can you explain why my friend Lily got attacked by one of your drivers heading to #Cubs game? https://t.co/bkRjel0Lua 😡 #uber,@322661 We take this very seriously. Please send us a DM with your email address so we can connect ASAP.,Fri Oct 20 15:14:01 +0000 2017
uc_1633697,1633697,@115873 Can you give me an explanation as to why your drivers are calling me to cancel the ride after 5 minutes when they’re not showing up?,@499830 We're sorry to hear this was your experience. Contact us via https://t.co/fS660rQ8NQ and we'll be in touch.,Tue Oct 17 12:52:51 +0000 2017
uc_1152848,1152848,"@Uber_Support Hi I am from Monterrey, Mexico I need support in billing, I have a familiar account and I can't get the bills from o/fam mem.",@391274 Here to help. Kindly send a note at: https://t.co/OhfgxSAY58 and our team will get in touch.,Tue Oct 24 16:52:34 +0000 2017
uc_2389881,2389881,@Uber_Support anyone on,@688473 Hey there! We've just followed up with you via DM.,Tue Nov 14 07:13:35 +0000 2017
uc_1461681,1461681,@Uber_Support @366976 I’d like to know if you got any resolve with this. I had an issue the other day and still haven’t got it resolved @Uber_Support,"@324000 Happy to help, Jason. Send us a DM with your account email address and we'll be in touch.",Sat Nov 04 11:25:21 +0000 2017
uc_412744,412744,@Uber_Support Uber and UberEats app both giving me error messages for the past two days. Had to use regular taxis multiple times,"@213512 Sorry to hear about the trouble, Philip! Please leave us a note at https://t.co/41EELX1UeL so we can connect.",Mon Oct 09 23:37:14 +0000 2017
uc_2691260,2691260,@Uber_Support Check DM,@756560 We have followed up via DM.,Sat Nov 18 16:37:31 +0000 2017
uc_1874667,1874667,Officially done using @115877 🙄 I'm so annoyed.,@269047 Will you please DM us with your email address associated with your account and the details of your experience? We'll look into it.,Sat Oct 21 21:03:04 +0000 2017
uc_2558777,2558777,"@726387 @Uber_Support @115873 Most annoying part is without understanding the trouble Sir, restart your app Sir, re-register Sir, reinstall the app Sir, Have u tried sign out and sign in...",@726386 We've followed up with you via DM. Please check your inbox for updates! Thanks.,Thu Nov 16 17:43:07 +0000 2017
uc_1911662,1911662,@Uber_Support @115873 Your services are going down the drain. Pathetic to say the least.,@569456 We're here to help! Send us a DM with your email address and more details so we can follow up.,Sun Nov 26 09:22:45 +0000 2017
uc_472503,472503,"I've been waiting 45 minutes for food that was supposed to be here 20 minutes ago, and I've been on hold w/ customer support for wayyyyy too long. @115877 @Uber_Support i just want my breakfast fam",@227520 Here to help. Send us a note at https://t.co/pqZPVbpZRI so our team can connect.,Fri Dec 01 09:23:26 +0000 2017
uc_1877906,1877906,@Uber_Support do you guys have cabs that go to titwala area in mumbai? are you functional?,@187535 We're not in that area at the moment. You're able to view our coverage area by searching for your city here; https://t.co/7nLCPSOc8m,Sat Oct 21 01:53:25 +0000 2017
uc_2382627,2382627,@Uber_Support I was trying to use my Uber credits but instead it keeps trying to charge my credit card,@686868 We're here to help! Send us a DM with your email address so we can connect.,Tue Nov 14 06:11:26 +0000 2017
uc_2347975,2347975,@Uber_Support no I don't receive it !,@678784 Hey there! We've just followed up with you via DM.,Tue Nov 14 04:33:32 +0000 2017
uc_854789,854789,"@Uber_Support I wasn't charged the fee, I'm here to rat this guy out. Tell him to stop and follow your rules. #uber","@250620 We'd like to look into this, Joe! Please send us a note at: https://t.co/QDn91HzZV0 and we'll connect.",Fri Oct 20 15:34:59 +0000 2017
uc_347823,347823,"@Uber_Support what’s up with your payment system? After making the payment for a trip, taking the next trip, making (1)","@198831 Sorry to hear about the troubles, Pratyusha. Please send us a note at https://t.co/hr88X1ZGuG so we can look into this for you.",Sun Oct 08 05:12:28 +0000 2017
uc_1322987,1322987,"@Uber_Support I requested Uber, I got a fare of N600 for a 7mins drive. Wen my family got to d place, d driva demanded and took 1k from them",@428745 Here to help! Send us a note via https://t.co/wW2bTlNcsR to assist you further.,Fri Oct 27 09:43:34 +0000 2017
uc_905425,905425,@115873 my driver was unprofessional and asked to be paid in cash. I ask a refund for the hassle.,@334946 We're here to help! Send us a note via https://t.co/QnJthn5XxC so our team can assist.,Fri Oct 13 18:59:17 +0000 2017
uc_299774,299774,@Uber_Support Have DM'd you to no avail. Almost seems as if you are avoiding my problem!,"@187462 We see your DM, and a member of our team will be in contact shortly.",Fri Oct 06 20:26:45 +0000 2017
uc_2680940,2680940,I hate @115873 . Who do I email to complain because the customer service people hard of hearing?,"@754233 Hi there, we're here to help! Can you send us a DM with your email address so we can connect?",Sun Nov 19 14:30:10 +0000 2017
uc_2059692,2059692,@119983 @115873 My driver denied my trip after allocation and took someone else on personal basis in front. Extremely unprofessional.,@609154 We're sorry to hear this was your experience. Contact us via https://t.co/iOszeeZA9o and we'll be in touch.,Thu Oct 19 00:35:04 +0000 2017
uc_1372041,1372041,"Wondering why there's no option to contact anyone @115873 for support for when none of the default ""help"" questions are applicable?",@439328 Happy to help! Send us a note here https://t.co/zUe0dj6yoX and a member of our team will reach out asap.,Fri Oct 27 23:24:51 +0000 2017
uc_2625389,2625389,@115873 stop forcing me to pay a $5 fee when the driver cancels. #theirchoicenotmyfee #uber #uberfees,@741588 We're here to help! Send us a note via https://t.co/h840Iouehc so our team can connect.,Mon Oct 30 22:47:25 +0000 2017
uc_1688658,1688658,@Uber_Support You didn’t address my concern at all though....like didn’t even mention it. Can I️ get a response?,"@512754 We see you've responded to your support, Alex. We'll be sure to follow up with you there. We appreciate your patience.",Mon Nov 06 19:25:49 +0000 2017
uc_2527682,2527682,@Uber_Support how am I able to do that? and thanks for the rapid reply,@553982 Happy to further assist you. Can you please send us a DM (direct message) with your email address and additional details?,Thu Nov 16 05:21:34 +0000 2017
uc_396153,396153,@115873 @18871 wtf? https://t.co/oXrHkpFTaY,@209801 So sorry about the trouble! Please send us a DM with your email address so we can connect.,Mon Oct 09 17:51:33 +0000 2017
uc_1783729,1783729,we have to wait for a cab for about 2 hrs. If this is your service then we are not gonna book any can from @115873 . we can go for @1143 .,"@535939 We'd like to look into this, Diwaker. Please send us a note at https://t.co/qHI8xcWfiW and a member of our team will follow up.",Wed Oct 11 05:39:31 +0000 2017
uc_1792951,1792951,@TfL can #uber refuse to take someone to A&amp;E -emergency services advised taking a cab because ambulance was one hour away?,"@538534 Due to our privacy policy, we will have to speak directly to the account holder. Please have them contact us via https://t.co/iOszeeHZhQ.",Thu Oct 12 02:26:04 +0000 2017
uc_1268459,1268459,@115877 sucks. They really pissed me off. Took my money without placing my order and you don’t have a CS number wtf 😒,@417007 We're sorry to hear this. Can you please send us a DM with your email address so we can look into this.,Thu Oct 26 13:09:05 +0000 2017
uc_1162955,1162955,@Uber_Support @393579,"@393578 Hi, Austin. Sorry to hear that you're having an issue. Please DM us with details on the issue you're having.",Sat Oct 28 08:32:46 +0000 2017
uc_726412,726412,".@116276 please, please follow up on this, for the stake of whomever operated your customer service division —and my frustration with #uber. https://t.co/6AQw1AyKHf",@289666 Thank you for reaching out. We've received your DM and will be following up shortly.,Wed Oct 11 03:57:59 +0000 2017
uc_1419177,1419177,Probably never going to use @115873 again... @Uber_Support customer service is useless,"@447154 Hello, Dan! Thanks for your patience. Please check your DM for our reply.",Wed Nov 01 22:50:01 +0000 2017
uc_2059628,2059628,@115873 my friend left his phone in the car last night- help!,"@609128 Due to our privacy policy, we will have to speak directly to the account holder. Please have them contact us via https://t.co/rOtqyWzf0B .",Sat Oct 07 13:05:29 +0000 2017
uc_2711946,2711946,"@115873 Fuck you and your shitty support reps, just because someone goes to a city and then weeks,months, years later they have a fraudulent charge for a ride in that same city it's legitimate? #Uberstories #uber #fraud @Uber_Support goodluck on the shit storm of PR I'm bringing to you",@602869 Happy to take a closer look! Send us a DM with your email address so we can follow up.,Mon Nov 20 02:13:48 +0000 2017
uc_273269,273269,@115873 @Uber_Support WHY DID YOU BAN MY ACCOUNT??!!! I have been using Uber for 4 years 😒😒🌎,@181131 Oh no! Thanks for bringing this to our attention. DM us your account email along with details for assistance.,Fri Oct 06 04:04:47 +0000 2017
uc_2746240,2746240,OK SERIOUSLY @115873 I CAN'T EVEN PUT IN A COMPLAINT AT THE WAIT FEE HELP PAGE?! I understand that there are a lot of people who make their drivers wait a long time but I am not one of them! 0.03?! That is incorrect. Thank you for being my first #280word,@246635 We're sorry to hear about your experience! Can you please contact us via https://t.co/WJq5jsdLlf so our team can connect.,Mon Nov 20 22:21:44 +0000 2017
uc_234022,234022,@115873 you’ve lost a customer! Charged a parking fee when driver didn’t pay for one! Complain and you side with that he did when he didn’t?,"@171721 We're here to help! Send us a note here, https://t.co/ijTJHFJJTx and so our team will assist.",Thu Oct 05 12:06:18 +0000 2017
uc_2035351,2035351,Is Panda Express on uber eats?,@601739 You can check out our coverage areas at https://t.co/uq7HqJ2XOL. We're expanding quickly so stay tuned if your city isn't there!,Tue Nov 07 18:31:08 +0000 2017
uc_102178,102178,@Uber_Support @115873 @134365 @2780 Still not resolved,@138409 We see your DMs and we'll be following up there. Please remove personal information from public view for your security. We appreciate your patience and understanding thus far.,Thu Nov 30 16:56:07 +0000 2017
uc_2423532,2423532,@Uber_Support No thanks.... your app crashed on everyone and even tho I managed to get thru one time the order got declined 😔,"@696024 We're sorry we couldn't get to everyone, but stay tuned for more fun promotions soon!",Tue Nov 14 18:25:43 +0000 2017
uc_2489130,2489130,@Uber_Support I can't place an order on uber eats because it says 'error cannot verify payment profile'. pls help.,@710809 Here to help. Send us a note at https://t.co/3eYc7uUEUm so our team can connect.,Sun Nov 26 19:06:40 +0000 2017
uc_1537776,1537776,"@Uber_Support Dear uber team, you have very poor help options in your app, i hav been trying to highlight double surcharge issue",@476718 Oh no! Please DM us the email linked to your account so we can look into this for you. We look forward to your response.,Mon Oct 16 22:56:12 +0000 2017
uc_1141779,1141779,@Uber_Support Cant access your server.,@388763 Oh no! Thanks for bringing this to our attention. Send us a note at https://t.co/xfSSaIKPY8 for assistance.,Sat Oct 14 18:03:18 +0000 2017
uc_2809860,2809860,@Uber_Support stop these SMS's!,@762855 Here to help! Send us a note via https://t.co/fyn3pR81ht so our team can connect.,Wed Nov 22 06:22:45 +0000 2017
uc_102119,102119,@Uber_Support what is the average rating score for #uk drivers? Have you got any bands e.g 4.8 is good 4.9 is outstanding etc?,@138388 Here to help! Find out more info on how rating works with driver here https://t.co/bRvxQGEanQ,Thu Nov 30 17:41:52 +0000 2017
uc_1197580,1197580,@Uber_Support @115877 Where do I inquire for a refund? Guess my complaint mentioning I couldn’t eat it didn’t matter. https://t.co/u9QgmewufV,@401384 That doesn't sound right. Can you please send us a DM with your email address so we can look into this?,Wed Oct 25 02:40:58 +0000 2017
uc_2614382,2614382,"@Uber_Support Charged excess rs 47/ as cancellation fee. Mob- 9851××9292,email __email__ Wrote in uber help.dud not respond",@625594 Hi there! We see your outreach and a member of our team will be following up via email as soon as possible. We appreciate your patience.,Fri Nov 17 13:29:57 +0000 2017
uc_831298,831298,@Uber_Support 11pm @ Ldn Liverpool St. one cancellation after I didn't answer the call &amp; then a 12 minute wait &amp; finishing a ride wtf?!,"@317958 Hey Carly, please reach out with the details at https://t.co/593jusU1lP so we can connect.",Thu Oct 12 22:38:46 +0000 2017
uc_2129611,2129611,@115873 I swear y’all have the worst service and the dumbest drivers i needs a refund,"@441978 We've responded via DM, please check your messages. Thanks!",Sun Oct 29 01:23:50 +0000 2017
uc_2241582,2241582,"@115873 this thing where ""your driver is dropping someone off and will be with you in 15mins"" thats not ok. Thats a glitch. I canceled my ride immediately. https://t.co/BhNOcTHa3M","@350265 Sorry for the trouble! Send us a note here, https://t.co/593jusCquh and our team will be in touch.",Fri Nov 10 20:57:42 +0000 2017
uc_366193,366193,@Uber_Support im having issues getting the correct information for the inspection..help!,"@202741 We've sent a DM. please see your inbox to follow up with us, thanks!",Sun Oct 08 18:57:20 +0000 2017
uc_2697368,2697368,@Uber_Support at least one of your drivers in Philadelphia today decided to start rides and charge costumers a mile away on the other side of the city after a request to be picked up near the marathon,"@757935 Sorry for the trouble! Send us a note here, https://t.co/Wavn5xnaeo and our team will be in touch.",Sun Nov 19 18:48:43 +0000 2017
uc_60354,60354,"Hey @Uber_Support, overcharged for a ride, $8.13 ride charged me $913 resulting in a massive overdraft my account incurring many penalties",@129804 Hi there! Please send us a note via https://t.co/ue84RGNpRP so we can connect.,Wed Nov 01 21:07:24 +0000 2017
uc_1807722,1807722,@Uber_Support What if the driver takes longer than expected to reach the pickup location but keeps saying they are a few minutes away?,"@356841 If your driver exceeds the initial ETA by 5 minutes, the fee will be waived. If you are charged a fee, visit: https://t.co/QsI1vsvcif.",Sat Oct 14 13:23:12 +0000 2017
uc_853118,853118,@Uber_Support My friend has left phone in Taxi in kolkata,"@322662 Here to help, Shiv. Please have the account holder visit https://t.co/4KMxrxTYYX to locate your drivers contact info.",Fri Oct 20 15:08:07 +0000 2017
uc_2311492,2311492,I had booked a Uber cab today around 2.45am @40227 but driver refused to pickup and I told him to cancel the ride but he didn't. In Uber App its shows that I'm on the trip &amp; I couldn't cancel it. I hadn't board the cab but how? @Uber_Support @115873 https://t.co/YhUuYDNsOp,@670356 We're sorry to hear this was your experience. Contact us via https://t.co/K05RdmK3t4 and we'll be in touch.,Thu Oct 19 22:02:58 +0000 2017
uc_769310,769310,"@115873 Your customer service process via emails needs some rethinking. People don't understand plain english, and keep double charging for same trip instead.",@303686 Sorry to hear about that! Send us a DM with your email address with details and we'll connect.,Wed Oct 11 22:47:28 +0000 2017
uc_1250723,1250723,"@118730 so I request a ride, your driver accepts, then cancels, and *I* get charged $5? Wanna explain that?",@413438 Here to help! Please send us a note at https://t.co/h840Iouehc and we'll be happy to look into this for you.,Thu Oct 26 03:12:23 +0000 2017
uc_2143543,2143543,@115873 I get charged for a ride in which the driver never picked me up,@630212 Hi there! Please send us a note at https://t.co/bGbBMJqMgN and we'll be happy to look into this for you.,Wed Nov 08 22:53:39 +0000 2017
uc_661734,661734,"@Uber_Support Majority of your drivers are rude and off putting. Lately in NYC the cars have been dirty and smelly. Yet I haven't commented on that because I can tell these ppl are struggling with their income. Yet here I am, disrespected.",@196738 We can definitely take a look! Send us a DM with your email address so we can follow up.,Thu Nov 23 00:56:54 +0000 2017
uc_1864065,1864065,"@Uber_Support I'd prefer to have a conversation about this one, no long things. Is there a contact?",@556935 Thanks for reaching out to us about this. Please reach out to us directly using this link https://t.co/balq3Eyso6 and leave a brief note.,Sat Oct 21 00:52:18 +0000 2017
uc_478095,478095,@Uber_Support You should have left the terms as they previously were with UNLIMITED UberPOOL and UberX throughout the City of Chicago and not to a specific destination 😡😡😡🤬🤬🤬,@228585 We see your DM and will be in touch shortly.,Fri Dec 01 12:24:09 +0000 2017
uc_1712595,1712595,@Uber_Support do you know why the multiple destination option is not available to me? The + doesnt show up besides the where to? box.,"@518729 Here to help! To know more about multiple stops, please visit: https://t.co/bo8dqbLieK",Tue Nov 07 02:04:24 +0000 2017
uc_1622505,1622505,Dear @115873: Miami drivers should have Sunpass and take Express Lines always. It is not expensive. Tks,"@387763 Here to help! Follow up here; https://t.co/rU9ajgRSdH, and our team will connect right away.",Tue Oct 17 11:48:28 +0000 2017
uc_2954563,2954563,@Uber_Support Thank you. Email is __email__,"@815682 Thanks for that info, Jaime. We've made an update and you should be set to purchase a ride pass as normal.",Wed Nov 29 19:16:01 +0000 2017
uc_1878171,1878171,@Uber_Support I've emailed &amp; everything through the app. I really to speak to an actual person. I was initially charged $37. Then car charged $72,@560623 We can definitely take a look! Send us a DM with your email address and details so we can follow up.,Thu Nov 16 01:39:37 +0000 2017
uc_1170235,1170235,@Uber_Support now it’s just about getting as many people as possible to know how terrible your customer service is,@395245 Our team is constantly working to improve your experience. Please reach out via https://t.co/Qjn35Ja2k1 so our team can connect directly.,Tue Oct 24 19:26:14 +0000 2017
uc_141531,141531,@Uber_Support I will notify @116827 that your transaction was fraudulent. I will also complain to the Texas AG business fraud section.,"@147930 We absolutely want to follow up right away, Steve. Please send us a DM with your email address so we can connect.",Fri Nov 24 12:08:30 +0000 2017
uc_2593391,2593391,@Uber_Support Just have a human read the tweet &amp; address as appropriate,@734436 We're here to help! Send us a DM with your email address so we can connect.,Fri Nov 17 02:39:41 +0000 2017
uc_532707,532707,@116288 why do you charge customers when your drivers cancel on them? @115873 @Uber_Support And why don't you set up a call Centre - for service in Delhi NCR is going from bad to worse. #cabs #uberdriver #uber,@243399 Here to help. Send us a note at https://t.co/1xM0TJ36sg so our team can connect.,Sat Dec 02 11:19:10 +0000 2017
uc_1872726,1872726,I’m pretty sure my uber Driver is stoned out of her mind. Send help,"@559201 That's definitely not OK, Alan. Please DM us the email address linked to your account and a member of our team will follow up.",Fri Oct 20 04:35:47 +0000 2017
uc_1307721,1307721,No one ever use uber eats they suck missing a bigmac two large fries and 4 drinks for a 62$ order from mcdonalds like fuck off lol,@425588 We're sorry to hear this was your experience. Contact us via https://t.co/ILV7P28gPt and we'll be in touch.,Fri Oct 27 02:17:15 +0000 2017
uc_1655769,1655769,@Uber_Support please ensure I am not charged for any of the cancellations done today. 4 of then denied duty. 2 denied to take @132444,"@505285 Hi Hanish, if you were incorrectly charged a cancellation fee, let us know here: https://t.co/h840Iouehc.",Tue Oct 17 11:43:24 +0000 2017
uc_1347411,1347411,@115877 had to thaw my pita for 20 minutes. Get rid of bike deliveries past august man.,@434210 Hi there! Please send us a note at https://t.co/EGiaYE5JMU and we'll be happy to look into this for you.,Sat Nov 25 21:08:30 +0000 2017
uc_2901146,2901146,@115873 I’m having issue with my account being locked and can’t seem to find some help :/,"@803614 We can definitely take a look! Contact us here; https://t.co/BDlHSjUF9c, so we can help.",Tue Nov 28 18:27:10 +0000 2017
uc_1794401,1794401,Craving dumplings. Help a sister out @115877 👋🏼,"@539220 Head over to https://t.co/IWfScGSb5o, or the app, and search ""dumplings."" Hopefully someone can accommodate you Lisa. Have a great day!",Thu Oct 12 02:42:59 +0000 2017
uc_941111,941111,@115873 1 potential accident.,@343102 We take this very seriously. Please send us a direct message with your email address so we can connect ASAP.,Fri Oct 13 23:53:52 +0000 2017
uc_1353010,1353010,@115873 how do you contact a driver if you left your phone behind?,@435546 Here to help! Get in contact with your driver here; https://t.co/rOtqyWzf0B.,Fri Oct 27 18:13:58 +0000 2017
uc_580934,580934,Also @115873 kindly terminate this driver from your platform too. Since after doing this act which I had quoted below. He said he doesn't care about @1143 he will use Uber. You must not have such drivers. That's the sincere advice from my side. #ola #uber #blogger #entrepreneurs https://t.co/s2CmGFz8ff,@256875 We definitely want to be aware of any issue that takes place on the Uber platform. Our team has located your information and will be in touch via in-app support shortly. We appreciate your patience!,Sun Dec 03 06:11:17 +0000 2017
uc_965402,965402,tonight a @115873 driver took me to an abandoned parking lot and just started circling. i was terrified and called my bandmate on speaker,@349082 Here to help! Send us a note here: https://t.co/yfZfahBCoB and our team will be in touch.,Sat Oct 21 23:15:48 +0000 2017
uc_38905,38905,"@Uber_Support I am already communicating w/someone in your Help department, they are not solving the issue, still trying to charge me $100",@124491 We're so sorry this was your experience. Please send us a DM with your email address so we can assist.,Wed Nov 01 14:56:32 +0000 2017
uc_981274,981274,"Absolutely fuming at @115873, driver cancelled on me and charged me!!","@352667 We're so sorry this was your experience. Please send us a DM with your email address, so we can connect.",Sun Oct 22 14:03:06 +0000 2017
uc_1631383,1631383,@115877 need to figure out how to get my @McDonalds hot or even warm wen it gets delivered.. no1 wants cold chips,@193651 We're sorry to hear this. Please send us a note via https://t.co/OWBkgXcbMl so we can assist you with this.,Sun Nov 05 19:50:03 +0000 2017
uc_2577122,2577122,"@115877 @2350 @139249 Are you just ignoring This, @115877 ? This is a legitimate complaint. One of your drivers, without a full license, driving irresponsibly and active in a threatening manner. Is there another way I should register my complaint?",@155049 That's definitely not okay! Please send us a DM with your email address so we can follow up.,Thu Nov 16 21:32:52 +0000 2017
uc_2862651,2862651,@Uber_Support no!,@795198 Hi there! Please confirm your email address or phone number that is associated with your Uber account and more details about your concern through DM(Direct Message) so we can further assist,Mon Nov 27 23:16:08 +0000 2017
uc_1763370,1763370,@115873 unimpressed when driver cancels fare to get a better one when I can see him,"@530512 That's not what we like to hear, Sharon. Contact us via https://t.co/fS660rQ8NQ and we'll be in touch.",Tue Nov 07 20:45:17 +0000 2017
uc_2880904,2880904,"@186864 I try to use your 11th trip £15 off offer with @Uber_Support but they basically say I don’t qualify as the payment method wasn’t right. Not clear on the promo at all! Uber refuse to help, can you guys step in? https://t.co/QZEbCQFrd0",@798917 We've followed up via DM.,Tue Nov 28 08:14:13 +0000 2017
uc_54493,54493,"@Uber_Support @115873 trying to use first free ride, wont work at all, please help, have all account information like cards linked as well.","@128343 Here to help! Send us a note here, https://t.co/lqVgKo4ZO3 and our team will follow up.",Wed Nov 01 18:31:39 +0000 2017
uc_2420421,2420421,@Uber_Support This has put me into my overdraft! Please can someone sort this out,@695292 We're here to help! Send us a DM with your email address so we can assist.,Sun Oct 29 12:51:47 +0000 2017
uc_864570,864570,@Uber_Support ... to send to each rider?,@325336 We'd be happy to follow up right away! Please send us a DM with your email address so we can take a look at this for you.,Fri Oct 20 23:01:08 +0000 2017
uc_1456875,1456875,"Anyone out there @115873, @Uber_Support? $218 for an $8 fare and help doesn't seem to care... may be switching to @115879","@458136 Happy to help, Julie. Can you DM us your email address associated with your Uber account so we can follow up?",Mon Oct 16 19:23:45 +0000 2017
uc_2083461,2083461,@150 @Uber_Support Can some1 in SF please take a 2nd look at my case? Driver didn't have FastTrak (big no-no for BayArea driver) didnt tell me til already @ Bay Bridge toll. Arrived 1hr late to destination than Uber estimated arrive time. Missed flight. Just asking for refund,@616178 Here to help. Send us a note at https://t.co/y4EDPcVZOI so our team can connect.,Wed Nov 08 05:39:26 +0000 2017
uc_1250057,1250057,@Uber_Support I’m not getting any promotions/driving incentives weekly? What email do I send my inquiry to? Thanks,"@413296 Happy to assist, Stephen. Please submit the details of your concern at the following link - https://t.co/IkmGv8vEZk.",Mon Oct 16 15:08:09 +0000 2017
uc_457953,457953,@Uber_Support I have completed 3 trips and have not been paid for any of them,@225876 Thanks for reaching out. Our team is aware of this issue. We're sorry for any inconvenience this has caused We've advised all drivers of this issue here - https://t.co/OzxT2aQEtb - and we appreciate your patience as we work to resolve it as quickly as we can.,Fri Dec 01 03:15:58 +0000 2017
uc_2115948,2115948,Man @115873 sucks. Mine just completely avoided the GPS and took a longer route to make it more expensive. Called him out &amp; ended the trip.,"@623743 We apologize for the trouble! Send us a note here, https://t.co/y4EDPcVZOI, and our team will follow up.",Thu Oct 19 05:31:06 +0000 2017
uc_1370882,1370882,@Uber_Support you guys should have a feature where we can rate the other riders we share a pool with...,"@439104 We're here to help! Send us a note here, https://t.co/kUyzFAuBFV and our team will be in touch.",Fri Oct 27 23:12:50 +0000 2017
uc_1857731,1857731,"Got a new phone, installed @115873, won’t let me register because i already have an account? I think your on boarding is busted :/",@555530 Here to help. Send us a note at https://t.co/mSBDsMUeID so our team can connect.,Thu Oct 19 13:18:44 +0000 2017
uc_1811748,1811748,@115873 it is disgusting how your customer service is handling unauthorized charges on people’s accounts! #fraud,@544316 Thanks for reaching out to you about this. We see your support inquiry. We will be passing this info along to the appropriate team.,Sun Oct 15 00:07:26 +0000 2017
uc_1808022,1808022,@115873 why isn't your app notifying me of drivers' arrivals? And also why are their maps giving longer routes than needed?,"@460015 If you would like us to look into this further, can you fill out the 4 boxes at the bottom of this page: https://t.co/zUe0dj6yoX",Sat Oct 14 14:26:35 +0000 2017
uc_1158107,1158107,@Uber_Support you guys charged me three times. AND I DIDNT EVEN GET AN UBER,@392432 Happy to take a look! Send us a note via https://t.co/dInR3racif so our team can connect.,Tue Oct 24 16:11:21 +0000 2017
uc_2925953,2925953,"@809567 @115873 I was on my way home in a regular cab. Mans canceled ride 20 minuets afterwards. Then I was automatically linked to another uber ride, where I was then hit with another 5 dollar fee. https://t.co/pdHTrYmI0f",@809566 We can take a look! Send us a note via https://t.co/e8HVorX5rh so our team can get in touch.,Wed Nov 29 03:50:13 +0000 2017
uc_2361988,2361988,My @115873 driver is driving like he's in a go kart. He's basically the go cart driver who takes turns at full speed and isn't scared to crash.,@682025 That doesn't sound right! Send us a note via https://t.co/yfZfahBCoB so our team can connect.,Mon Nov 13 21:04:55 +0000 2017
uc_1633287,1633287,@115873 I reported some riders yesterday about the racism and https://t.co/hFHrnBu3IX could i know the desicison uber made?,"@499723 Hey, Ozan. We've reached out via DM regarding your concern. Please check your inbox for our response.",Sun Nov 05 19:53:41 +0000 2017
uc_1240130,1240130,@115873 need serious help trying to pre schedule a ride for tomorrow morning but keep getting error message,"@410888 Here to help! For more info, please click here: https://t.co/VYt9zqEmr3",Wed Oct 25 22:02:05 +0000 2017
uc_1670319,1670319,@115873 I mistakenly gave my awesome drive 4 instead of the 5 stars he diserved. Even tipped him. How can I fix this??,@445291 Hi there! Find more info here; https://t.co/M1RhRwgiRE. Please let us know if you have any other questions or concerns.,Mon Nov 06 12:46:29 +0000 2017
uc_2221260,2221260,Mad as hell with @115873 @87620 @Uber_Support for not having more ways to get back or communicate for forgotten items with no phone services available and on top charging a 15 dollar fee... ridiculous. Mad at myself for even having to go through this,@648763 We've followed up via DM!,Fri Nov 10 13:21:21 +0000 2017
uc_552620,552620,@Uber_Support I didn't receive any resolution regards to my query???,"@248867 After reviewing your account, we do show that someone in the appropriate team has responded back to you via the in-app help section and via your email address associated with your Uber account. Please visit us there.",Sun Dec 03 12:59:35 +0000 2017
uc_1984201,1984201,@Uber_Support I can’t change my phone number,@587330 Please visit https://t.co/RY2a0oDSbF to send us a note. From there a member of our team will be in touch. JP,Wed Oct 18 16:59:06 +0000 2017
uc_669787,669787,FU @115873 . 2 driver already cancel the fucking trip after im waiting for more than 10mins each. Seriously Fuck You https://t.co/MNJqe8gygg,@279747 We're sorry to hear this was your experience. Contact us via https://t.co/e8HVorX5rh and we'll be in touch.,Thu Nov 23 05:27:31 +0000 2017
uc_1577582,1577582,@Uber_Support sorry I did not receive any email recently. __email__,@485920 Hi! Our team works to respond to each individual inquiry. We see your outreach and a member of our team will be following up to assist you.,Fri Oct 20 11:45:22 +0000 2017
uc_2893919,2893919,@Uber_Support I already did it! :(,@802045 Here to help! Can you please provide us your email address? From there we'll be able to assist further.,Tue Nov 28 15:56:31 +0000 2017
uc_462567,462567,@Uber_Support please call me at (901) 440-9726. I have an emergency,"@224936 At this moment, we don't offer phone support for these issues. We're sorry for any inconvenience. Visit this link https://t.co/balq3Eyso6 so our team can assist.",Fri Dec 01 02:43:08 +0000 2017
uc_2582014,2582014,It’s mad how I can literally see the McDonald’s from my bedroom window but @115877 won’t deliver it to my house,@731767 You can see our hours and delivery area at https://t.co/P4mEOOIdr4,Thu Nov 16 22:59:46 +0000 2017
uc_1718748,1718748,@Uber_Support You reinforced my mistrust in your company to the point I tell people not to use you. Get a grip because you're embarrassing at this point.,"@520366 Sorry to hear that, but we appreciate your feedback. Our team is constantly working to improve your experience.",Tue Oct 17 18:34:14 +0000 2017
uc_2167813,2167813,@115873 my driver canceled on me and I was charged $5. #wth,"@636114 Here to help, Michael! Send us a note here, https://t.co/h840Iouehc, and our team will follow up.",Sun Oct 29 04:08:16 +0000 2017
uc_2923045,2923045,"@Uber_Support Kindly, resolve the issue asap as it has already been 48 hours and the problem still exist",@808913 We can assure you a member of our team will be in touch via email asap. Thank you for your patience.,Wed Nov 29 02:48:00 +0000 2017
uc_2821266,2821266,@Uber_Support A driver cancelled on me on another trip and they never reached my location. I was then charged another cancellation fee.,@420618 We're here to help! Send us a DM with your email address so we can connect.,Mon Nov 27 07:06:56 +0000 2017
uc_109125,109125,@Uber_Support got charged wait fee for ride where driver wouldn't come to us. Sat over a block away and wouldnt move at all please waive!!,@140222 Let's take a closer look! Send us a note via https://t.co/0EPvSCxL8A so our team can follow up.,Thu Nov 23 19:49:16 +0000 2017
uc_1536367,1536367,"Really upset with @115877 for delivering a wrong order. I paid and didn't eat, thanks a lot.",@476366 Here to help. Send us a note at https://t.co/Tq0sPMsSdu so our team can connect.,Sat Nov 04 00:29:31 +0000 2017
uc_63263,63263,@115877 Just tried @115877 and they got my order wrong AGAIN. 3 our of 4 orders now have been wrong.,@130519 Will you please DM us with your email address associated with your account and the order details? We'll look into it.,Wed Nov 01 21:21:39 +0000 2017
uc_177051,177051,"Hi @Uber_Support I forgot My phone in my car in a Ride in Lima Peru, Who can I contact ? the driver is not answering",@157672 We’re here to help! Send us a note via https://t.co/oY5vj3NqP3 and we'll be in touch.,Sat Nov 25 00:53:08 +0000 2017
uc_1542745,1542745,@Uber_Support I’ve been through that three times now and no one has replied!,@477954 We're here to help! Send us a DM with your email address so we can follow up.,Fri Nov 03 23:16:12 +0000 2017
uc_2414662,2414662,"@Uber_Support @148768 sold me a dream and cancelled my order, won't be dealing with either again https://t.co/VH6knMtxu2","@694075 Demand is very high today, but we'll try our best to get a some doughnuts your way soon.",Tue Nov 14 14:36:22 +0000 2017
uc_1946853,1946853,1/2 Unethical thing hpnd Uber driver took cash despite of payment deducted from Uber credits.I paid without check app @115873 @Uber_Support,@578541 Sorry to hear about the troubles. Please DM us the email address linked to your Uber account so we can look into this for you.,Mon Oct 30 12:00:06 +0000 2017
uc_2255882,2255882,Ordered surprise dinner for someone and they’re saying they never got I️t. It’s saying delivered on the app @115877,"@657040 Sorry for the trouble! Send us a note here, https://t.co/nFTc4ODH3P and our team will be in touch.",Fri Nov 10 23:56:53 +0000 2017
uc_2597191,2597191,"hey just wanna tell how shady @115873 drivers are, charging intoxicated people a cleaning fee for throwing up when it never happened (Phoenix). Maybe take @115879 , hopefully that doesn't happen there.",@735355 Here to help! Connect with us through https://t.co/zUe0dj6yoX and we'll be in touch.,Fri Nov 17 04:28:28 +0000 2017
uc_2000797,2000797,@115873 any chance of a contact email so I can send a disgruntled email from a horrible Uber experience,@591625 Hi there! You may write in your concern to https://t.co/zUe0dj6yoX and fill out the 4 boxes at the bottom so we can get in touch.,Fri Nov 03 01:08:54 +0000 2017
uc_1901707,1901707,So @115877 cancel my order then I go outside my house to find this....please explain why I must pick up your rubbish when you didn't bother delivering my food https://t.co/WiGHbZnqcg,@566748 Sorry to hear about that! Send us a DM with your email address so we can connect.,Sun Nov 26 08:48:36 +0000 2017
uc_300716,300716,"@Uber_Support Yeah, it doesn't work. There's no button where there's supposed to be next to the ""where to?"" field.",@187703 We want to follow up. Can you please send us a DM with your account email address? https://t.co/sd7yH5AX3h,Fri Oct 06 20:39:05 +0000 2017
uc_492329,492329,Excuse meeee @115873 @Uber_Support I took so many rides last month and still haven't gotten offered an uber pass 😢,@232341 Hi there! Find out more info about ride pass on this link; https://t.co/3h8wdQ4EJK,Fri Dec 01 17:17:51 +0000 2017
uc_2733010,2733010,@115873 blocking my driveway WA license BEW8530. MOVE CAR!,@766066 We absolutely want to follow up right away. Please send us a DM with your email address so we can connect.,Mon Nov 20 15:57:13 +0000 2017
uc_2031364,2031364,@115873 your help desk is terrible. Still can’t get help with my payment issue. All I want to do is use you but you make it so hard,@600661 So sorry about the trouble! Please send us a DM with your email address so we can connect.,Wed Oct 18 21:49:21 +0000 2017
uc_1279125,1279125,"@Uber_Support Travelled a few days back with uber, the driver collected additional 150 rupees from me apart from the bill. https://t.co/O9adjVAZ8S","@419314 Hey, Ashwani. DM us your Uber email, phone #, and further details of your concern so we can better assist. https://t.co/sd7yH5jmbJ",Sun Oct 22 14:56:56 +0000 2017
uc_1852925,1852925,"Just as I was thanking @196983 for being on my company's panel, @115873 charges me $105.00 more than what I was supposed to be charged!","@554494 We absolutely want to review this charge for you, Lana! Please DM us your email address + the trip details so we can investigate ASAP.",Thu Oct 19 01:38:02 +0000 2017
uc_481046,481046,@115873 @116288 Twice canceled by driver https://t.co/fnKmpMgDo1,@229339 We're sorry to hear this was your experience. Contact us via https://t.co/e8HVorX5rh and we'll be in touch.,Fri Dec 01 13:41:17 +0000 2017
uc_835581,835581,@Uber_Support Unfortunately I didn't get one before I unlocked and it dissapeared. It had an emoji of an animal.,@318925 We reached out to you via DM.,Fri Oct 13 16:58:21 +0000 2017
uc_716102,716102,Nothing like being in an @115873 accident to get your blood pumping and your clothing soaked in a downpour waiting for a cab.,"@291360 We need to connect, Rebecca. Please DM the email address to your Uber account so we follow up. https://t.co/sd7yH5jmbJ",Tue Oct 10 23:52:33 +0000 2017
uc_2402516,2402516,I have the stupidest @Uber_Support driver ever 5 minute journey has now taken me £20 I want a refund,@415273 Here to help! Send us a note via https://t.co/fS660rQ8NQ so our team can get in touch.,Tue Nov 14 13:52:19 +0000 2017
uc_1590040,1590040,Oh yeah I forget to tell y’all after my fiasco with @115873 they gave me a $5 credit even though I paid they uber driver $15 😕,@169930 Happy to help. Please send us a DM of the email address connected to your account and more details so we can further assist.,Sat Nov 04 23:48:48 +0000 2017
uc_364842,364842,"@202426 @Uber_Support @115873 UBER, when I was in a cab the last time, my driver was watching a YouTube video while driving. I told him to shut it, he said nahi thokunga","@316304 Sorry to hear that, Kundan! Please reach out here so we can follow up: https://t.co/fS660rQ8NQ",Sun Oct 08 19:29:45 +0000 2017
uc_924597,924597,@Uber_Support My aaccount ：9652930055，could you help me check up why my account wasclosed？,"@339417 Thanks for providing us with your account information, Ming. Our team has followed up with you in-app via the Help tab.",Sat Oct 21 12:18:48 +0000 2017
uc_492360,492360,@115877 why this much difference? I am hungry here https://t.co/ugVQKJLmcX,@232350 Here to help! Send us a note via https://t.co/pqZPVbpZRI so our team can get in touch.,Fri Dec 01 17:01:20 +0000 2017
uc_1603148,1603148,@41821 waited 2hrs in non moving @115873 line after Derby..1 car per half hr for 400 ppl. Went 2Taxi stand-same! 🚊stopped ppl fainting,"@492011 Here to help! Send us a note here, https://t.co/e8HVoseGiP, and our team will follow up.",Sun Nov 05 07:21:58 +0000 2017
uc_781311,781311,@115873 drivers in Punjab are really unprofessionals. This guy here is taking with his girl friend while I’m in car. Not sure how they work,"@306535 We can definitely take a closer look! Contact us here; https://t.co/fS660rQ8NQ, so we can help.",Thu Oct 12 06:28:15 +0000 2017
uc_1911676,1911676,The experience with @115873 in Bangkok is starting to be the same as with regular taxis. 3 rides this week: 1 grumpy driver and 2 who cancelled once they knew the destination.,@569460 Here to help! Send us a note via https://t.co/h840Iouehc and we'll be in touch.,Sun Nov 26 09:08:41 +0000 2017
uc_1257176,1257176,"My Uber driver was pulled over and he turned to me and said ""bro tell him we are friends, do not tell him you are an Uber passenger""","@414603 Hi, Paul. We'd like to connect further on this, please DM us your email address on your account and details to this trip.",Thu Oct 26 06:55:16 +0000 2017
uc_2627838,2627838,"@Uber_Support I tried to add two different cards for payment but get message that there’s a payment issue and they can’t be accepted. I scanned and added manually, same results. Both are good cards. This is really tiresome.",@433197 Here to help! Send us a note here; https://t.co/yqIhbGRNqi and our team will be able to assist!,Fri Nov 17 17:07:09 +0000 2017
uc_146866,146866,Dear @Uber_Support my driver lied in a report and said I spilled things in the back of the car and so Uber charged me a $150 cleaning fee. What is the meaning of this!?!,@149344 Here to help! Send us a note via https://t.co/a6RfeBkKmr so our team can connect.,Thu Nov 23 18:06:42 +0000 2017
uc_2444091,2444091,"Oh I did, and got the most BS, reply I have ever had. Having been the 2nd time @115877 has cost me not getting a lunch, and with the reply ""Oh it happens"" You have lost a customer. https://t.co/kcebpQ5Ypd",@138942 We can definitely take a closer look! Please send us a DM with your email address so we can follow up.,Fri Dec 01 13:42:23 +0000 2017
uc_1175463,1175463,@Uber_Support I’ve been doing ubereats for 4 months without trip bonuses. Why don’t I have it?,@396506 We've responded via DM!,Sun Oct 15 13:32:10 +0000 2017
uc_36707,36707,"@115877 Hi, when I try to use my credit it says something went wrong in getting your promotions",@413222 Here to help! Send us a note here; https://t.co/iMxFJdr4fj and our team will be able to assist!,Thu Oct 26 02:19:45 +0000 2017
uc_1873001,1873001,@Uber_Support @30530 It’s really awesome that your drivers have been requested and then canceling rides for the last 30 minutes.,"@559266 That doesn't sound right, Alex. Please send us a note at https://t.co/qHI8xcEDUm and a member of our team will follow up.",Fri Oct 20 04:56:23 +0000 2017
uc_2078989,2078989,Just had the worst @115877 experience 👎🏼👎🏼👎🏼 and there’s no number to call or even communicate with anyone 🙄,@614866 We'd be glad to help! Please DM us your email address on your account and order details and we'll follow up.,Thu Oct 19 01:02:12 +0000 2017
uc_83608,83608,"Seriously, @115873 @134365 @Uber_Support ?? The driver has to go back for me after dropping off someone past my location? This is not the first time. Your driver assignment algorithm is fucked. I am never assigned someone without a drop off anymore. It caused longer wait times! https://t.co/PBrttm1HAi","@134364 Send us a note here; https://t.co/WFtPA6RjWt, and our team will be able to help!",Thu Nov 30 13:43:43 +0000 2017
uc_1868964,1868964,@Uber_Support someone please call me about my Uber eats order,"@558249 Sorry to hear about the trouble, Erica. Please DM us with the email linked to your account and further details; we'll get a closer look!",Sat Oct 21 00:06:35 +0000 2017
uc_2973930,2973930,@Uber_Support Driver left me waiting for 30 minutes at Newark Airport. Just wanted to tell you that I’m done being a client. Lyft driver picked me up in 5 minutes,@820191 Sorry to hear about that! Can you please contact us via https://t.co/e8HVoseGiP so our team can connect?,Thu Nov 30 02:11:42 +0000 2017
uc_2408925,2408925,"@Uber_Support @115877 has crashed, really not happy",@692673 Sorry to hear that! Demand is very high today. We're working hard to get Krispy Kreme to as many people as possible. Please keep trying.,Tue Nov 14 14:30:08 +0000 2017
uc_1591148,1591148,I'm pretty sure my @115873 driver is upset we're heading to the burbs and as retribution is now trying to hotbox the Demogorgan out of me.,"@283330 Here to help! Send us a note here, https://t.co/fS660rQ8NQ and our team will follow up.",Sun Nov 05 00:07:43 +0000 2017
uc_2269725,2269725,"@Uber_Support hi i've just ordered and the address i delivered to is completely wrong as the app thought i was in a different location, what do i do?",@660451 Here to help! Can you please send us a DM with your email address so we can assist?,Sat Nov 11 10:22:17 +0000 2017
uc_302357,302357,Nothing like calling a nice old lady with a ton of groceries an Uber to get home only to get scammed by the driver. Thanks y’all @115873,@188147 We’re here to help! Send us a note here: https://t.co/fS660rQ8NQ and our team can assist.,Fri Oct 06 21:35:05 +0000 2017
uc_1211831,1211831,"@115873 My husband left his phone in one of your drivers cars’ late last night, and has been trying to contact him with no luck.",@404430 Please have the account holder reach out via https://t.co/VRGZX0s7tO. A member of our team will follow up as soon as possible.,Wed Oct 25 12:17:11 +0000 2017
uc_104085,104085,@Uber_Support I need help! your contact driver function is not working and I left my phone in my uber - I can't even make the initial connection or get to the drivers voicemail via the website - please help ASAP!,@138944 We see your outreach and a member of our team will be following up via email as soon as possible. We appreciate your patience.,Thu Nov 30 17:51:56 +0000 2017
uc_1916580,1916580,"Shoutout to @115873 for telling my best friend TOO BAD when she left her iPhone in an Uber, and the driver immediately turned off his location...#terriblecustomerservice","@570861 Due to our privacy policy, we will have to speak directly to the account holder. Please have them contact us via https://t.co/balq3Eyso6.",Thu Oct 26 06:02:30 +0000 2017
uc_381034,381034,"@115877 Hey, Out order came it was very wrong. Can't find a way to resolve this through the app. Thanks :)",@206365 Lets look further into this! Please DM us the email address linked to your Uber account and more details so we can connect.,Fri Sep 29 22:25:05 +0000 2017
uc_1130056,1130056,@Uber_Support really? https://t.co/bBHWi92847,@386341 Please connect with us at https://t.co/XijNMfvSmO so we can follow up.,Sat Oct 14 14:32:46 +0000 2017
uc_2366474,2366474,@115877 just messed my order up so badly and now I'm stuck with food I'm allergic to and have to just straight up order new food because they won't make it right. People are straight dumb as shit,@683132 Here to help! Send us a note via https://t.co/qLzKaGQcAg so our team can connect.,Mon Nov 13 22:45:49 +0000 2017
uc_100107,100107,@Uber_Support :( I left my keys in the car &amp; my driver isn’t contacting me back. Please help!!,@137935 We can take a look! Send us a DM with your email address so we can follow up.,Thu Nov 30 16:49:59 +0000 2017
uc_1158104,1158104,"How tricky, been more than 2 hours and the timer just stopped at 1hr. Still no reply, alright. @Uber_Support #UberEATs https://t.co/L2ZeRH7nII",@389173 We have received your DM and will follow up there. Thanks!,Tue Oct 24 14:34:08 +0000 2017
uc_2851374,2851374,"wow @115877 , u guys really let me down today. I dont know what to to do with y'all.. it'll be 2 hours of waiting for a meal at 12:30 without a delivery. 🖕🖕🖕🖕🖕🖕🖕",@792811 Sorry to hear that! Please send us a note here; https://t.co/nFTc4ODH3P and our team will get in touch to assist.,Mon Nov 27 19:42:57 +0000 2017
uc_599420,599420,I am upset with @115873 I've been charged $36 for a trip that I normally pay $11-$15. Something isn't right I feel cheated taken advantage of.,@262192 Here to help! Follow up here - https://t.co/6IqAxVj2X4 and our team will connect right away.,Sun Dec 03 20:24:55 +0000 2017
uc_284997,284997,@Uber_Support locked me out my account putting new card in! i just want FOOD,@183904 Thanks for letting us know. We'll be in touch with you via DM shortly.,Fri Oct 06 07:01:43 +0000 2017
uc_1542034,1542034,@Uber_Support The driver didn't pick us up but started the ride so I was charged! Wtf?,@419151 Here to help! Please send us a note at https://t.co/e8HVorX5rh and we'll be happy to look into this for you.,Fri Nov 03 22:43:41 +0000 2017
uc_2807622,2807622,@Uber_Support I emailed support but no response. The debit card you alleged was fraudulent is in my possession and I am using my account so wtf,@154048 We see your outreach and a member of our team will be following up via email as soon as possible. We appreciate your patience.,Wed Nov 22 04:33:58 +0000 2017
uc_2568583,2568583,@115873 @Uber_Support @821 SOMEONE MAKE THIS STOP I’ve texted STOP since October 22nd STOP THIS NOW https://t.co/D4dMEaKgRj,"@728550 Happy to help! Send us a note here, https://t.co/fyn3pRpCG3 and our team will follow up.",Mon Oct 30 15:42:00 +0000 2017
uc_2983800,2983800,"Hey @115877 @Uber_Support, my order says delivered but never arrived...not cool.",@822798 Here to help. Send us a note at https://t.co/nFTc4ODH3P so our team can connect.,Thu Nov 30 05:40:53 +0000 2017
uc_635845,635845,@Uber_Support r u not listening to my query,"@270777 We've responded via DM, please check your messages. Thanks!",Wed Nov 22 18:27:29 +0000 2017
uc_1941582,1941582,@115873 @uber_support what is happening here? Why can’t you communicate changes effectively? https://t.co/YnjWoGmXFz,"@272963 Thanks for reaching out and providing feedback, Damon. We'll pass this along to the appropriate team so they can take a look into this.",Sun Oct 29 22:08:13 +0000 2017
uc_1881856,1881856,@115873 please help me,"@561576 Hi there! Here to help. Let us know if you have any specific questions, or visit our help site at https://t.co/ek6lECjMS3 for more info.",Sat Oct 21 18:39:49 +0000 2017
uc_1311983,1311983,"@Uber_Support Trying to coordinate rides for others during Norcal fires, need support and questions answered ASAP!!!","@426579 Thanks for reaching out to us about this, Alex. Please DM us your questions so we can further assist you. We look forward to your reply.",Sat Oct 14 00:03:37 +0000 2017
uc_588799,588799,Seriously @115873? I added the wrong promo code and now I can’t delete it. #frustratedcustomer,@259162 Hi there! Please reach out to https://t.co/zUe0dj6yoX and fill out the boxes at the bottom so we can get in touch.,Sun Dec 03 16:24:33 +0000 2017
uc_2691275,2691275,@Uber_Support @264924 Talking to a robot for gods sake,"@756789 No robots here, Freddie! We've sent you a DM in furtherance of our efforts to assist you with your trip concern. Please check your inbox for information pertaining to next steps. We absolutely want to help you, and we very much look forward to having the opportunity to do so.",Mon Nov 20 01:54:51 +0000 2017
uc_2749415,2749415,"@115873 @Uber_Support Just a suggestion: for the uber pool option, kindly give the option of allowing other passengers to be dropped early. Ex. A car has 2 passengers, the 1st is bound for ortigas, the 2nd is bound for Makati. Pls give the option for the Makati-bound passenger...",@769797 We're here to help! Send us a DM with your email address so we can assist.,Mon Nov 20 23:38:06 +0000 2017
uc_1462125,1462125,@Uber_Support Thanks for your prompt response. I would love to be able to DM you guys to explain the scenario more,"@226792 Hey there, Arnab! We think that's an excellent idea. Please send us your email address, as well as the details of the scenario surrounding your account/payment concern, via DM. We look forward to hearing from you. https://t.co/sd7yH5jmbJ",Sun Nov 26 01:54:44 +0000 2017
uc_2887713,2887713,@Uber_Support Uber charged me 350 rupees for no reason using my paytm account. Why so?,"@800761 Send us a note here; https://t.co/dInR3racif, and our team will be able to help!",Tue Nov 28 13:12:32 +0000 2017
uc_2496381,2496381,"@115877 Ok , thank you","@407583 Here to help, Sandra. A member of our team has followed up via DM.",Mon Oct 30 01:51:14 +0000 2017
uc_1689547,1689547,"@Uber_Support hi, just signed up for uber hoping to get the $15 credit. Trying with code hittheroad, it says it is not working for my acc??",@512977 We're here to help! Please send us a note here; https://t.co/O1dsjntprg so our team can assist.,Mon Nov 06 20:19:43 +0000 2017
uc_1411712,1411712,@115873 this driver is a menace! Nearly ran me over twice. Not paying attention to pedestrians at all. #Uber #Bad Driver. https://t.co/Ha2mb5eNOx,@448109 We're here to help! Send us a DM with your email address so we can follow up.,Thu Nov 02 00:16:06 +0000 2017
uc_219949,219949,"@Uber_Support: I booked three different SUVs during five mins. One told me he was 15 mins away, when the app said 6 and yelled at me to","@168449 We'll be happy to review these charges, Pedro. Please reach out at https://t.co/lyqXfbVdYK and we'll take a look.",Thu Oct 05 00:00:07 +0000 2017
uc_74884,74884,Just calculated that @115873 and @115877 owe me £386.31 after charging “me” for all the times drivers cancelled and food that never arrived?,@132756 Here to help! Please send us a note at https://t.co/wW2bTlNcsR and we'll be happy to look into this for you.,Thu Nov 30 11:05:17 +0000 2017
uc_549983,549983,@Uber_Support My driver drove in the exact opposite direction of my dest until i asked to get out. App refunded me 20 cents. Human help pls?,@140652 Here to help! Please send us a note via https://t.co/y4EDPcVZOI so our team can connect.,Sat Dec 02 18:52:24 +0000 2017
uc_456831,456831,@Uber_Support I've not received any email as of yet.,"@223439 Hey there, David! We absolutely want to assist you. A member of our team has reached out to you via DM. Please refer to our most recent message for information pertaining to the steps we're taking in furtherance of our efforts to help. Thank you!",Thu Nov 30 20:27:27 +0000 2017
uc_2968422,2968422,@Uber_Support That’s a cancellation fee form-she finally showed up and blamed traffic which isn’t the case (and she never responded to messages). Not good customer service at all.,"@192805 Hello, Guy! Thanks for your patience. Please check your DM for our reply.",Wed Nov 29 23:41:03 +0000 2017
uc_274507,274507,@115873 every time you make your booking a few minutes before a text says the price is higher. Today's was crazy DOUBLED. No more!!,@181581 We're here to help! Send us a DM with your email address and more details so we can follow up.,Fri Oct 06 05:44:35 +0000 2017
uc_769687,769687,"@115873 hi can u plz undisable my account , it got disabled for no reason and I'm rlly annoyed :)","@303779 Here to help! Send us a note here, https://t.co/Md7v036OoC, and our team will follow up.",Wed Oct 11 23:07:22 +0000 2017
uc_893497,893497,@115873 wrong to levy “cancellation” charge when your driver decided to cancel pickup.,"@332158 Sorry for the trouble! Send us a note here, https://t.co/h840Iouehc and our team will be in touch.",Fri Oct 20 21:12:46 +0000 2017
uc_1173120,1173120,@Uber_Support *happened,"@395924 That doesn't sound right, Zach. Send us a DM with your email address so we can follow up ASAP.",Tue Oct 24 20:01:36 +0000 2017
uc_472512,472512,"Dear @115873 @Uber_Support just checking, who runs your company? Bots or humans? From the attached screenshot, it looks like computers run things at Uber. Scary! #future_is_worrying #uberhack #Uber @120319 https://t.co/kQVCj492KI",@227523 So sorry about the trouble! Please send us a DM with your email address and more details so we can connect.,Fri Dec 01 09:18:18 +0000 2017
uc_271369,271369,@115873 worst cab service by Uber never recommend to any to use it,@180752 So sorry about the trouble! Please send us a DM with your email address and more details so we can connect.,Fri Oct 06 01:54:13 +0000 2017
uc_1149007,1149007,@Uber_Support Not gettng verification code... https://t.co/hIKtHoWsrr,"@390395 Sorry for the trouble! Send us a note here, https://t.co/dwDjAokZht, and our team will be in touch.",Mon Oct 30 12:35:12 +0000 2017
uc_2476323,2476323,Had the rudest @115873 driver today smh imma stop taking uber for awhile,@370806 Here to help! Send us a note here; https://t.co/CpWTFOquUn and our team will be able to assist!,Wed Nov 15 13:54:35 +0000 2017
uc_313327,313327,@Uber_Support Why can’t you help me here?,"@190820 Hey Matt, it's always best for us to have the trip and account info handy through our system.",Sat Oct 07 05:06:58 +0000 2017
uc_2738011,2738011,@Uber_Support NO GO. UBER in Brazil doesn't have Uber XL.,@739585 Hi there! Please reach out to https://t.co/zUe0dj6yoX and fill out the 4 boxes at the bottom so we can get in touch.,Mon Nov 20 22:18:28 +0000 2017
uc_2524602,2524602,"@115877 wow why is the surge 14$+ is toronto???? Is this a glitch? And how come certain restaurant I use to order from are ""too far now""",@718910 Here to help! Send us a note here; https://t.co/NcKEnQDmxQ and our team will be able to assist!,Thu Nov 30 23:53:42 +0000 2017
uc_429617,429617,@Uber_Support The driver is not receiving my call and is going in opposite direction.why so?i am stuck in rain,"@217175 Sorry to hear this, Abhijit! Please reach out to us here: https://t.co/XijNMfvSmO to further connect.",Tue Oct 10 14:25:23 +0000 2017
uc_1097878,1097878,@Uber_Support I have reached out through email and the app,@379071 Hi Leah! Please send us a DM with your email address with details so we can follow up.,Mon Oct 23 22:22:13 +0000 2017
uc_2805304,2805304,"@Uber_Support Yes, I saw this page a dozen time. It says ""scheduling a ride in advance does not guarantee you'll be connected with a driver. "" How do I know I surely have a driver?- do I get an information about car and a driver in [Your Trips] page of Uber App?- because I see no driver info.","@782438 We can certainly understand your concern, Hyeonji. When you schedule a ride, a nearby driver-partner will be requested on your behalf at the beginning of the pickup window you selected. At that point, you will see your driver's information. Hope this clarifies.",Wed Nov 22 02:51:28 +0000 2017
uc_2699200,2699200,@Uber_Support what a rubbish response! Total lies! I want a refund ASAP. https://t.co/uPAZI36MMa,@758329 Happy to take a closer look! Send us a DM with your email address so we can follow up.,Sun Nov 19 19:58:55 +0000 2017
uc_2383462,2383462,I got charged for a ride I didn’t even take wtf @115873 ????? I’m a broke college student SOS,@687049 Here to help. Send us a note at https://t.co/1xM0TILvAI so our team can connect.,Fri Oct 20 07:40:34 +0000 2017
uc_1083078,1083078,@Uber_Support @115873 https://t.co/VFcOuszP6Z,@375491 Sorry to hear of the trouble! Please reach out to us here: https://t.co/e8HVorX5rh so we can follow up.,Mon Oct 23 17:21:03 +0000 2017
uc_1226673,1226673,@Uber_Support can't sign up for new account with uber..Johnstown-altoona pa area. pls cal me at ph 814 330 9387,@407785 So sorry for the trouble! Please contact us via https://t.co/2GUj1y6rFA so our team can connect.,Wed Oct 25 18:58:42 +0000 2017
uc_457857,457857,"@Uber_Support I've been on since 430pm, done several trips and there is still nothing there! Pls tell me I didn't lose all that work!!",@225206 We're aware of the issue and are working to resolve ASAP. We appreciate your patience.,Fri Dec 01 02:47:36 +0000 2017
uc_2652720,2652720,@Uber_Support What did u mean you guys have been screwing with me for 3 days. First somebody hacked my card got my account shut down. I had to make a new one and get a new debit card and now I can’t get back in my Account!!! What the hell is going on?? @116276 @115873,"@271774 @116276 @115873 Thanks for reaching back out to us about this, Sara. We have gone ahead and escalated this to the appropriate team. Please give them time to look into this and get this resolved. Thank you for your patience.",Sun Nov 19 07:12:36 +0000 2017
uc_80873,80873,"@Uber_Support my house address is elite homes apts,opposite to Karnataka sslc examination board office,48,6th cross road,malleshwaram,bangalore-560003.but you have shown in the receipt as soundarya pride in 7th cross road in malleswaram.so please correct my address inyour records",@133942 Hi there! Please reach out to https://t.co/QDn91HzZV0 and fill out the boxes at the bottom so we can get in touch.,Thu Nov 30 13:16:52 +0000 2017
uc_1038200,1038200,@Uber_Support Already did. Heard nothing back. I suppose I should have expected that.,@365607 Happy to further assist you. Can you please send us a DM with your email address and additional details?,Fri Oct 27 08:03:40 +0000 2017
uc_2776153,2776153,@Uber_Support FIX THIS @115873 !,@267055 Sorry to hear about the trouble. Our team has looked into this ride and have adjusted the fare for you. This will be reflected in your trip payments within the next 3 business days. If we can assist with anything further please let us know!,Tue Nov 21 16:57:41 +0000 2017
uc_1166834,1166834,@Uber_Support 9654278004 Driver refuswd to take my rides but still cancellation has been charged to my account. Very unfair business,@195611 Our team has recently responded via email. Please reply there if you have additional questions.,Tue Oct 24 18:21:12 +0000 2017
uc_100069,100069,"@Uber_Support Ok, I did that and am getting no response.",@137919 We have followed up via DM.,Thu Nov 30 18:46:41 +0000 2017
uc_2401578,2401578,@115873 hi my account says it’s temporarily disabled... don’t know why and there isn’t anything on your help. What can I do,@326895 We're here to help! Send us a note via https://t.co/BDlHSjUF9c so our team can connect.,Fri Oct 20 13:27:10 +0000 2017
uc_2916504,2916504,Waiting for your call about the #uber accident @115873,@803962 We hope everyone is ok. Please confirm your email address or phone number through direct message so we can follow up immediately.,Tue Nov 28 23:32:17 +0000 2017
uc_622808,622808,"@115877 @267827 said we can get discount on first two deliveries with promocode through 11/12, but app says it's expired! https://t.co/RO8yKCTVbs",@267826 Here to help! Send us a note at https://t.co/h3vAjBLlBH so our team can connect.,Tue Nov 07 18:09:21 +0000 2017
uc_2805266,2805266,@115873 @Uber_Support My drivwr asked cash on a non cash trip. I asked him to cancel and then he refused to cancel and kept going on. I had to cancel it and said u complain in Uber they would not anything . This is ur reputation. Another driver same issue https://t.co/X1Vkn0Xljy,"@318517 Sorry for the inconvenience. Send us a note here, https://t.co/fS660s7JFo and our team will be able to assist.",Wed Nov 22 02:35:12 +0000 2017
uc_864623,864623,@Uber_Support I just did...'awaiting further instructions and connections. thank you!,"@325344 We're unable to see your DM, Dan. Please use the link below to send us your information. https://t.co/sd7yH5jmbJ",Fri Oct 20 17:25:42 +0000 2017
uc_1106593,1106593,@Uber_Support Solve this issue yaar,"@381160 Hey, Arman. We see that one of our team members have gotten back to you via in app support please follow up there.",Sun Oct 15 04:49:01 +0000 2017
uc_2121220,2121220,"Whoa @115873 @Uber_Support @2780 - why did I get a ""corrected fair"" charging me DOUBLE what I was quoted...nearly an hour after the ride???",@624979 Thanks for reaching out. We'll get this sorted out! Please send us a note through https://t.co/rMyIZ1kWhc so we can help.,Thu Oct 19 06:05:16 +0000 2017
uc_1568871,1568871,@Uber_Support I did already... and spent 2 weeks working with them without a solution,"@484011 Hello, Jonathan! Thanks for your patience. Please check your DM for our reply.",Sat Nov 04 16:45:17 +0000 2017
uc_773570,773570,@115873 says they over charged me because I mistakenly lookedat uberpool estimate. Maui doesn’t have uberPool #808news #uber #WednesdayWidsom,@302510 We've been in touch via DM!,Wed Oct 11 22:38:34 +0000 2017
uc_2804461,2804461,@Uber_Support How do I request a ride w/o a functioning cell phone? I tried to do so online but I can't get the verification code b/c my phone is broken!,@419869 Hi there! Please reach out to https://t.co/QDn91HzZV0 and fill out the 4 boxes at the bottom so we can get in touch.,Wed Nov 22 02:05:01 +0000 2017
uc_129958,129958,@Uber_Support One of the worst experience with Uber Pool. My trip was ended in half way and I was asked to leave vehicle by Customer Care executive when driver contacted him. Horrible treatment? Shame on Uber! https://t.co/luVbyjLwzO,@145296 Here to help! Send us a note at https://t.co/K05RdmK3t4 so our team can connect.,Thu Nov 23 09:26:46 +0000 2017
uc_1941532,1941532,Instead of resolving the issue they just keep writing back same terms and bullshit. @Uber_Support Use to be a big fan of #Uber but u suck. https://t.co/eX8xctELSU,"@577370 Sorry to hear that, Kamran! Please DM us some additional details of your concern so we can connect with you. https://t.co/sd7yH5jmbJ",Sun Oct 29 21:05:23 +0000 2017
uc_1110328,1110328,@Uber_Support Just wondering when I'll be approved to drive. I finished my car inspection over 3 weeks ago. Still haven't heard anything.,"@382037 Here to help! For more info regarding your concern, please visit; https://t.co/Iw8Hz9DyiU",Tue Oct 24 01:16:40 +0000 2017
uc_1095226,1095226,@115873 been charged for an Uber that I wasn’t even told had arrived. I was waiting for the Uber where the app said I should wait....,@378451 Here to help. Send us a note at https://t.co/1xM0TILvAI so our team can connect.,Mon Oct 23 21:17:43 +0000 2017
uc_2412935,2412935,@Uber_Support Still didn’t work. How are you going to compensate me for this and by the looks of it the rest of London also? #MajorFail,@693668 We're so sorry you didn’t get your free Original Glazed Dozen box. Demand was through the roof and stocks ran out. Stay tuned for more fun promotions soon!,Thu Nov 16 20:26:40 +0000 2017
uc_1660458,1660458,"Uber drivers can’t find simple locations so when they tell you to cancel the trip, you still get charged smh. It’s stupid. @Uber_Support",@480725 Send us a note at https://t.co/QsI1vsvcif and a member of our team will follow up soon.,Mon Nov 06 04:24:25 +0000 2017
uc_1966561,1966561,@Uber_Support When i'm access the app It ask to update my number and when i put It the app says that my number are in use the same happens with my email,@582803 Here to help! Send us a note via https://t.co/mSBDsMUeID and we'll be in touch.,Tue Oct 31 12:16:15 +0000 2017
uc_232583,232583,@Uber_Support Will wait only for 5 days if Uber won't respect my Language i am not going to use this app and tell my friends too.,"@154517 We're here to help, Shail. For more information on how to change your language settings, please visit this link: https://t.co/zSsPJHQn6M.",Sun Sep 24 11:53:59 +0000 2017
uc_782144,782144,@Uber_Support hi there! Uber said I canceled a trip earlier today but I didnt. I didnt see the Uber driver show up. And now there will be a charge?? help!! thanks,@306712 Here to help! Send us a note here https://t.co/e8HVorX5rh so we can assist.,Thu Nov 30 22:07:05 +0000 2017
uc_2671647,2671647,@1562 i got a promo code frm u guys. But i cannot able to use it. It is saying that my account cannot use a promo and it ll charge me with normal fares. Please help me out!!,@752286 Please send us a DM with your account email address + details and we'll connect.,Tue Oct 31 10:14:24 +0000 2017
uc_1864787,1864787,@Uber_Support I was charged for a ride that never showed up,@466140 So sorry to hear about this! We see your DMs and we'll be following up with you there shortly. Please keep an eye out for updated messages.,Fri Oct 20 15:20:00 +0000 2017
uc_1041389,1041389,@Uber_Support Having issues when entering verification code. Once I enter the code it give me an error message in ubereats and uber app!?!?,@366295 We see your DM and will follow up there.,Sat Oct 14 17:53:01 +0000 2017
uc_1670448,1670448,@115873 THEN WHEN I TRIED TO CALL HIM HIS FUCKING PHONE WAS OUT OF SERVICE!!!,"@508513 Sorry to hear about this experience - DM us with the name of the driver, along with your account email so we can follow up with you.",Tue Oct 17 15:35:02 +0000 2017
uc_2023363,2023363,@Uber_Support I do have recording of that driver asking for cancellation and i ll not pay even a single peni for that. Kindly stop looting.,@598405 Oh no! Thanks for bringing this to our attention. DM us your account email along with details for assistance.,Wed Oct 18 20:22:41 +0000 2017
uc_1539393,1539393,"@Uber_Support Did I click on the right link? I don’t have an outstanding balance, I verified my number. So confused but thanks. 🤷🏽‍♀️",@477166 Let's take a further look into this. Please send us your email and phone number linked to your account.,Sat Nov 04 04:55:56 +0000 2017
uc_2335113,2335113,@Uber_Support Hey instead of refunding me you guys charged me MORE! 323500630six. NO customer service # no chat support this is BS!,@328658 We see your support messages &amp; we'll follow up directly there as soon as possible. Thanks for your patience in the meantime.,Fri Oct 20 01:43:27 +0000 2017
uc_1343726,1343726,@Uber_Support https://t.co/ezlX5mZep7,@433397 We're here to help! Send us a note via https://t.co/1xM0TILvAI so our team can assist.,Fri Oct 27 16:06:48 +0000 2017
uc_1119640,1119640,@Uber_Support What kind of drivers do you guys employ?! 😡😡,"@159421 Here to help, Matthew! Send us a DM with your email address with more info so we can assist.",Tue Oct 24 06:09:32 +0000 2017
uc_1111592,1111592,"@Uber_Support Already opened a ticket, was pretty much told there is nothing they can do. So im done with @115877",@382368 We'd be happy to take a second look at this for you. Please send us a DM with your email address so we can follow up right away.,Sat Oct 14 01:16:45 +0000 2017
uc_2652833,2652833,"I am not able to login with application, it is showing that my password is incorrect. There is no problem when I log in with web. @Uber_Support",@748132 Here to help. Send us a note at https://t.co/Md7v036OoC so our team can connect.,Sun Nov 19 06:55:19 +0000 2017
uc_2627841,2627841,"@115873 @Uber_Support this dude calls me thrice asking for destination and knowing ur drivers,I ignore twice n third time he says my car has.. https://t.co/hTDmhhM1EF",@742198 Here to help. Send us a note at https://t.co/e8HVorX5rh so our team can connect.,Fri Nov 17 17:06:32 +0000 2017
uc_2052588,2052588,@Uber_Support I was charged almost 80$ for no reason and was double charged for a trip I took this weekend and no one is responding....,@607032 Sorry about the confusion! Send us a DM with your email address and more details so we can follow up.,Wed Oct 18 23:45:18 +0000 2017
uc_126494,126494,@Uber_Support my Mail reciepent address is :__email__,"@144391 Hi, Tarun! Please DM us further details as it's not clear as to what had happened on the trip. We look forward to your response so we can get this handled.",Fri Nov 24 02:56:57 +0000 2017
uc_306703,306703,@Uber_Support Sent,@189222 We've followed up with your DM. Please check there for more information.,Fri Oct 06 23:19:21 +0000 2017
uc_1085290,1085290,@Uber_Support Hi. I would like to find out where my background screening check is.at right now. Could you provide me with its link? Thanks,@352435 We can take a look! Send us a note via https://t.co/tv4psVy8sr so our team can get in touch.,Mon Oct 23 17:59:21 +0000 2017
uc_1098758,1098758,Been waiting for my #uber for like 10 min. He was a min away and cancelled the trip! WTF?,@300491 Sorry to hear about that! Can you please contact us via https://t.co/593jusU1lP so our team can connect.,Mon Oct 23 22:21:13 +0000 2017
uc_2206501,2206501,@Uber_Support why is it such a hassle to change payments?,@645148 Happy to further assist you. Send us a DM with your email address so we can assist.,Thu Nov 09 23:01:41 +0000 2017
uc_2207990,2207990,"@115877 yo, if the wrong food gets delivered don't have me reorder it and then deliver the original stuff freezing cold and inedible. Looking at you @87161",@645501 Sorry for the delay. Our team is currently reviewing your email and will follow up shortly.,Fri Nov 10 01:33:08 +0000 2017
uc_959368,959368,WHY DOES UBER POOL PICK PEOPLE UP WHO ARE COMPLETELY OUT OF MY WAY @115873 ???????,@347616 We can take a look! Send us a note via https://t.co/kUyzFAuBFV so our team can get in touch.,Sun Oct 22 01:54:23 +0000 2017
uc_2942674,2942674,"@115873 This friend is THEEEE most harmless human on Earth, turns out the driver made up this incident because he didn’t have change and wanted her to walk to a gas station and make change for him.","@812992 Hi there! Due to our privacy policy, we're not able to address these concerns over social. Please have the account holder (or the person you're writing in for) contact us at https://t.co/balq3Eyso6 so we can assist them further. Please let us know if you have any other questions.",Wed Nov 29 13:58:22 +0000 2017
uc_1749370,1749370,@Uber_Support Can you help me?,"@527269 Here to help! Send us a note here, https://t.co/LDXEzScUGp, and our team will be in touch.",Tue Oct 17 20:26:23 +0000 2017
uc_1268446,1268446,"very dissapointing, difficult 2 submit support issues 2 @Uber_Support driver didn't close the ride after dropping me, was overcharged 500 Rs",@417003 Sorry for the trouble! Send us a DM with your email address so we can follow up.,Thu Oct 26 13:24:10 +0000 2017
uc_39702,39702,@Uber_Support But I need to know now this is a scheduled ride for Friday.,"@124695 Hi, Betsy. There is no way to confirm that information until you have been matched up with your driver once the request has been accepted.",Wed Nov 01 17:31:08 +0000 2017
uc_791980,791980,"Had a sweet racist uber driver tonight. By sweet, I mean not sweet and just racist.",@308851 We're here to help! Send us a DM with your email address so we can assist.,Sun Oct 08 02:03:30 +0000 2017
uc_2915136,2915136,"@Uber_Support @806934 That's the whole issue, UberEATS need to offer phone support, like myself being left with missing food + drink with no reply for over 24 hours is NOT acceptable!","@806571 Hello, Paul! Thanks for your patience. Please check your DM for our reply.",Tue Nov 28 23:13:57 +0000 2017
uc_2446487,2446487,@Uber_Support My issue isn't covered there at all. It's literally an error message saying that my request could not be processed. This is no help at all.,@173215 We're here to help! Send us a DM with your email address so we can assist.,Wed Nov 15 01:21:20 +0000 2017
uc_2545780,2545780,"@115873 I’m currently experiencing the worst ride of my life. My driver has missed turns and exits on purpose, caused me to miss my train, which means im about to have to pay for a very expensive direct ride to work and tried to drop me off in the middle of the highway. Furious.",@723601 Here to help! Send us a note via https://t.co/2qNW2wZ8Mg so our team can connect.,Thu Nov 16 14:00:48 +0000 2017
uc_1641428,1641428,@Uber_Support would be nice if you make the designated pickup zones like at Levi stadium no smoking Zones.,@491870 We'll be happy to take a closer look. Send us a note via https://t.co/QDn91HzZV0 so our team can connect.,Sun Nov 05 23:59:59 +0000 2017
uc_91611,91611,@115877 just ordered @McDonalds burger &amp; fries were cold from waterloo branch. Had to wait 20 minutes. Starving no food. really disappointed. first time using uber eats too. Please rectify,@135867 We're sorry to hear this was your experience. Kindly contact us via https://t.co/jP6giifgNM and we'll be in touch.,Wed Nov 29 20:12:57 +0000 2017
uc_2837707,2837707,"@115873 I have a $123 charge for your services, but I don’t use uber unless I’m in Atlanta &amp; I haven’t been there in over a year . 🤔 help?",@253815 We're happy to look into this - send us a note at https://t.co/jm4ITwt95w so we can follow up!,Mon Nov 27 15:56:41 +0000 2017
uc_622756,622756,@Uber_Support How long would it take? I need to leave ASAP,@267812 Sorry for the delay. Our team is currently reviewing your email and will follow up shortly.,Wed Nov 22 17:55:36 +0000 2017
uc_1682792,1682792,@Uber_Support That takes me to a referral program page. What does that have to do with no promotions showing up. No boost zones for this week?,@341046 Sorry for the confusion. Please send us a note at https://t.co/WToW6dugx0 and we'll be happy to look into this for you.,Mon Nov 06 16:43:33 +0000 2017
uc_2981971,2981971,"@115873 @119983 Hi, my number is blocked can'tuse Uber in my phone, alsotried tocreate account from my device usingother numbers, not working..I think device isalso blocked, can you help? This is the second time Iam writing this tweet, first written on 19Nov,no responseyet..",@822455 It seems a member of our team has reached out to you. Please check your email and follow up with them there.,Thu Nov 30 05:07:26 +0000 2017
uc_948935,948935,@345042 @115877 their delivery fees be more than the fuckin food bruh,@345041 We're here to help. Can you please send us a DM so we can connect?,Thu Oct 26 04:08:25 +0000 2017
uc_288978,288978,Be aware @115877 will not help nor refund you on orders if you receive bad food due to their lack of riders! @115873 shouldn't accept jobs https://t.co/uIKiK59d0s,@184860 Sorry to hear about this! Send us a DM with your email address so we can take a closer look.,Mon Oct 02 12:02:23 +0000 2017
uc_2402962,2402962,@148768 @115877 still can't get them at Baker Street,@691545 Sorry to hear about the trouble. Demand is currently high. Please keep trying!,Tue Nov 14 14:30:10 +0000 2017
uc_207234,207234,"@115877 your service is so bad lmao this is the second time I've had a uber driver avoid coming straight to me, he just drives in circles.","@165024 Sorry to hear about this, Christian. Please connect with our team here; https://t.co/0oDYZOkLQ2, so we can better assist.",Fri Oct 06 21:53:50 +0000 2017
uc_1692005,1692005,@115873 getting multiple replies from UBER. This was a HIT and RUN. I gave u all the info I have. Ur company is SHAMEFUL no HELP,"@498986 We just got back to you via DM, Deborah.",Mon Nov 06 17:09:44 +0000 2017
uc_611364,611364,@Uber_Support I have sent a note but haven't received a response. May I please be assisted?,@265358 We've made an adjustment and an updated receipt has been sent to your inbox for review. Please let us know if we can help with anything else!,Sat Nov 25 13:56:08 +0000 2017
uc_1148095,1148095,@115877 @Uber_Support I did not pay $10 so I could be fed rice with a bug in it. I didn't even eat my food because I was so freaked out 😰,@358497 That doesn't sound right. Let's take a look. Visit https://t.co/balq3Eyso6 so we can follow up.,Sat Oct 14 22:56:19 +0000 2017
uc_1085282,1085282,"@Uber_Support A driver threw us out of his SUV at the airport for having luggage, after coming home from Puerto Rico doing disaster recovery",@376006 Sorry to hear what happened. Please send us a note here; https://t.co/fS660rQ8NQ and our team will get in touch.,Mon Oct 23 18:11:47 +0000 2017
uc_631935,631935,Am I able to sue @115873 now that my drivers license has been compromised?,"@218566 Here to help! Follow up here; https://t.co/tv4psVy8sr, and our team will connect right away.",Wed Nov 22 16:06:11 +0000 2017
uc_1491930,1491930,"@Uber_Support when am i going to be an uber select driver, i have the car, the rides (50+) and 5 stars",@305082 Here to help. Send us a note at https://t.co/ZKt0NHVs3P so our team can connect.,Fri Nov 03 09:46:56 +0000 2017
uc_1449727,1449727,@115873 why are the airports trying to ruin y'all by making me travel so far out of the way?,"@456412 Here to help! Follow up here; https://t.co/FF2YGTGjuA, and our team will connect right away.",Mon Oct 16 19:34:07 +0000 2017
uc_2381992,2381992,@115873 wow your driver literally sexually harassed my sister. And then had the audacity to report as the other way around and charge her a cleaning fee of $150.00. Way to go,@686713 We take this very seriously. Please send us a DM with your email address so we can connect ASAP.,Tue Nov 14 05:28:03 +0000 2017
uc_327489,327489,"@Uber_Support I got two replies saying it's a policy. What is your policy? If you needed, you should have charged me 100 rupee then and there and I would have paid without any complaint. But showing lower amount and charging higher amount is serious cheating. It's not about 20 rs, but ethics.",@194066 Hi there! It seems a member of our team has reached out to you. Please check your email and follow up with them there. We apologize for any inconvenience this may be causing you and appreciate your continued patience throughout this matter.,Sat Nov 25 13:15:40 +0000 2017
uc_349155,349155,Overcharged! I've taken poolride frm FilmCity Noida. I've given full payment to driver. But still showing Rs160 as due. @119983 @115873,@199103 Sorry to hear about that! Can you please contact us via https://t.co/6IqAxVj2X4 so our team can connect?,Sun Oct 08 07:52:02 +0000 2017
uc_404683,404683,@Uber_Support can regular uber gift cards be used for ubereats?,@211779 Happy to help! You can use an Uber gift card for both rides and UberEATS orders.,Mon Oct 09 20:21:04 +0000 2017
uc_703121,703121,"@115873 My account is disabled, can you help?",@287963 Here to help! Send us a note via https://t.co/Md7v036OoC so our team can connect.,Thu Nov 23 17:53:48 +0000 2017
uc_928286,928286,@115873 along with @115877 you should deliver alcohol !!!,"@340255 This mostly depends on local regulations, Hasso. We're always adding more options to our menu though. Stay tuned!",Fri Oct 13 20:15:52 +0000 2017
uc_2170130,2170130,my @115873 driver sold my iphone that i️ left in his car...even when i️ reported it a missing item. only found out from the poor soul he sold it to #lyftforlife #ubercrooks,"@636621 Happy to help! Send us a note here, https://t.co/rOtqyWzf0B and our team will follow up.",Thu Nov 09 04:01:49 +0000 2017
uc_53021,53021,"@Uber_Support hi there! i received an email that Ride Pass would go on sale today at 10a, but still not seeing it. is it delayed?","@127426 Hey there, Rosie. Sorry about the trouble with purchasing the Ride Pass. Ride Passes are limited and do sell out fast.",Wed Nov 01 17:22:44 +0000 2017
uc_1339104,1339104,"@115873 I have a charge on my card in the amount of $10.47 from this AM, but no trip w/a corresponding amount. Please clarify and refund.","@432362 Hello Kelsey, here to help! Send us a note via https://t.co/aJtaJUwNEK and we'll be in touch.",Mon Oct 16 13:25:14 +0000 2017
uc_2518408,2518408,"@115873 yo, I'm getting charged for rides I never took. Y'all need to fix this ASAP! I refuse to get screwed over and have my money stolen from me! #uber #getyourshittogether",@414198 Here to help! Send us a note here; https://t.co/dInR3racif and our team will be able to assist!,Thu Nov 16 00:13:30 +0000 2017
uc_124463,124463,Dear @115877 maybe instead of just relying on giving feedback to the driver you address the fact that one of your drivers has an anger issue and not let his text response turn into something against a rider. #uber #dobetter https://t.co/gk8TU8WSZd,@143876 Here to help. Send us a note at https://t.co/hVMgTsth35 so our team can connect.,Fri Nov 24 01:41:17 +0000 2017
uc_340743,340743,@Uber_Support What’s up with the servers? I can’t get my payout and haven’t been able to all day...?,"@197396 Happy to help. Please go here https://t.co/TZfdydbgWq, so we can follow up with you.",Fri Oct 13 19:28:12 +0000 2017
uc_628073,628073,@Uber_Support can you guys refund me for my canceled trip? He never picked me up but it showed he did and wouldn’t answer my call. I had to reorder.,@268767 We apologize for the trouble! Please send us a note at https://t.co/QsI1vsvcif and our team will be in touch.,Wed Nov 22 15:21:50 +0000 2017
uc_438166,438166,@Uber_Support @115873 What is this complication in ur app.... not able to reset the password since last 48 hrs.. the otp doesn’t go through.. I think am done with Uber,"@219098 We're here to help! Send us a note here, https://t.co/Md7v036OoC and so our team will assist.",Sat Nov 25 06:05:30 +0000 2017
uc_156095,156095,@115873 @Uber_Support I keep seeing on various social media sites all the Bonuses you offer in other markets but we never see any in Hampton Roads... #alliwantforchristmas,"@151839 Here to help. Send us a note here, https://t.co/WToW6dugx0, and our team will be in touch.",Fri Nov 24 16:54:49 +0000 2017
uc_527787,527787,@115873 @Uber_Support another of your idiot drivers just nearly hit me in a bikelane in SF - Folsom at Langton - then threatened me with his car. now calling cops. White Toyota 7SXF471 https://t.co/UGHszT1lRT,@242170 We take this very seriously. Please send us a DM with your email address so we can connect ASAP.,Sat Dec 02 08:06:03 +0000 2017
uc_1379953,1379953,@Uber_Support That I know... But y should... Read my tweet again,"@441240 Hi, Yogesh. Send us a DM with your account email address + trip details and we'll be in touch.",Sat Oct 28 04:47:48 +0000 2017
uc_789798,789798,@115873 my driver told me one price on the curb but another price ($20+ more once I was in the car) I did not request it through the app,@308347 Here to help! Send us a note via https://t.co/dInR3racif to assist you further.,Thu Oct 12 11:46:06 +0000 2017
uc_861801,861801,"@Uber_Support I thought last time was just a one off, it happened again today. My email id is mdreza[@]gmail",@324637 Sorry to hear about any trouble. Please DM us additional details so we can better assist.,Fri Oct 13 14:21:16 +0000 2017
uc_1871100,1871100,@115873 ubereats. I ordered 2 sandwiches from Gandolfos Deli in Salt Lake City. I ordered 2 full lengths Turkey avocado sandwiches. The,@558793 Happy to help! Please DM us your UberEATS account email and the trouble with your order so we can look into that. https://t.co/sd7yH5jmbJ,Thu Oct 19 23:54:53 +0000 2017
uc_1121379,1121379,Going to bed starving thanks to @115877 #neveragain,@384525 So sorry about the trouble! Please send us a DM with your email address and more details so we can connect.,Tue Oct 24 06:19:23 +0000 2017
uc_2596573,2596573,Complete @Uber_Support failure at LGA in NYC tonight. Horrific service.,@735190 We're here to help! Send us a DM with your email address and more details so we can follow up.,Fri Nov 17 03:48:06 +0000 2017
uc_1250718,1250718,can you uber eats candy corn :( ?,"@413436 If it's on the menu, we'll deliver it!",Thu Oct 26 03:04:38 +0000 2017
uc_1533921,1533921,@Uber_Support it would be very helpful if the rider app would allow for an additional rider name if the account holder is setting up a trip for someone else.,@441099 Here to help. Send us a note at https://t.co/oPsmsdUCX5 so our team can connect.,Fri Nov 03 23:34:31 +0000 2017
uc_2221218,2221218,@115873 why did you recommended me a driver who cancell me three times in Santiago! Tried to call him but number doesn't exists!!,@648753 We're here to help! Send us a note via https://t.co/e8HVorX5rh so our team can assist.,Fri Nov 10 13:36:20 +0000 2017
uc_1498609,1498609,"@Uber_Support I’ve had a few Uber’s since getting this and it hasn’t been used, but won’t allow me to click on it to see how to use it. https://t.co/BUK5lTfXlq",@467943 Will you please DM us with your email address associated with your account? We'll look into it.,Sat Oct 28 22:56:41 +0000 2017
uc_2780718,2780718,"So @Uber_Support offer terrible customer service and ignore their customers. No apology, a response repeating back to me what I already told them and now ignoring me completely. They won’t even acknowledge my message... 🤨 what are you playing at?",@769315 We have followed up via DM. Keep an eye out for our message and respond there so we can best assist.,Tue Nov 21 16:47:05 +0000 2017
uc_1417811,1417811,#Uber Charges double pmt for the same ride. Booked cab for my Sis and driver charged cash when it was Paid through @122951 @Uber_Support,"@449548 Here to help! Send us a note here, https://t.co/DceIRNI6kV, and our team will follow up.",Thu Nov 02 03:12:00 +0000 2017
uc_1280710,1280710,@Uber_Support .@uber_support Already sent 6 messages. Please refund immediately. Your driver went to Tesco and did not pick me up. Gave up after 30 mins,@419653 Thank you for letting us know. We'll be sure to follow up with your request. We appreciate your patience.,Thu Oct 26 17:07:25 +0000 2017
uc_306284,306284,Hey @Uber_Support what happened to my visa local offers? Just updated my app and they appear to be gone,"@189125 We can look into this with you, Hema. Can you please send a note our way via https://t.co/2ZHQmE5gSn?",Fri Oct 06 22:30:22 +0000 2017
uc_821252,821252,@Uber_Support i paid money...it got debited in my account still ur app showing outstanding and not allowing to book. No one is responding,"@315615 Happy to help! For further assistance, please reach out through in app support or here: https://t.co/OhfgxSAY58",Thu Oct 12 18:29:46 +0000 2017
uc_1891257,1891257,@Uber_Support I was rear ended by an Uber driver. How do I contact you &amp; report the accident? Your Help section doesn't have any useful info,"@563989 Oh no! Please fill out the form at https://t.co/sKZsBXPxp7 with as much info as possible. Then, DM us your email address. We'll follow up.",Sun Oct 22 16:06:29 +0000 2017
uc_1227310,1227310,@115873 I entered the wrong Uber at an event last night in Tampa. Was charged for missing my original Uber and the Uber I ended up in I was,@407910 We take this very seriously. Please send us a DM with your email address so we can connect ASAP.,Mon Oct 16 00:33:24 +0000 2017
uc_2162581,2162581,Hey @Uber_Support did you know uber drivers are being attacked in mexico by stupid taxi drivers that think they are the only ones,@569826 Happy to take a closer look! Send us a DM with your email address and additional details so we can connect.,Thu Nov 09 07:35:57 +0000 2017
uc_2194048,2194048,"So @115877 makes atleast $70-100 from me a week 😩, if you guys kindly slid in my DM’s with a coupon code. I️ promise I️ won’t post I️t 🙏🏾","@535726 Thanks for reaching out, Luke! You can always share your referral code with friends so you can rack up free rides and credits when they sign up.",Thu Nov 09 21:17:19 +0000 2017
uc_786192,786192,@Uber_Support Why can't drivers cancel rides? He couldn't find me and then I had to cancel 😟,@307549 Sorry to hear about the trouble! Please send us a message at https://t.co/QsI1vsvcif with the details and we'll follow up.,Thu Oct 12 02:20:24 +0000 2017
uc_513027,513027,"@Uber_Support I am being told my phone number is used already. +1 250 202 8164, __email__. Please help resolve",@238032 Here to help! Send us a note here https://t.co/mSBDsMUeID so we can further assist.,Fri Dec 01 23:30:06 +0000 2017
uc_1181692,1181692,why does Eastvale not have uber pool? @115873,@397899 Hi there! Please reach out to https://t.co/zUe0dj6yoX and fill out the 4 boxes at the bottom so we can get in touch.,Tue Oct 24 22:06:45 +0000 2017
uc_1339100,1339100,"@Uber_Support One of your drivers ran me off the road, then flipped me off and sped away at 100+ mph. White Kia Optima. Oregon Plate 144JVE.",@432360 We want to follow up. Can you please send a note our way via https://t.co/sKZsBXPxp7?,Mon Oct 16 07:27:16 +0000 2017
uc_28504,28504,@115873 @119983 @116288 your driver harassed and badgered my guests to pay cash for a non cash payment drive. These were poor folks,"@122237 We can absolutely follow up, Tarun! Can you please send us a DM with your email address?",Wed Nov 01 10:10:51 +0000 2017
uc_980547,980547,@Uber_Support Thank you for taking action Really appreciate it,"@352495 You're welcome, Lloyd!",Sun Oct 22 21:39:56 +0000 2017
uc_2354013,2354013,@Uber_Support I can’t sign in to reply.,@196516 Happy to help! Send us a DM with your email address and our team will follow up.,Mon Nov 13 18:45:26 +0000 2017
uc_2281828,2281828,@Uber_Support Thank you I submitted the feedback already thru the system you suggested. Please respond,@663264 We're here to help! Send us a DM with your email address so we can assist.,Sun Nov 26 23:02:46 +0000 2017
uc_714320,714320,@115873 account has been hacked and your customer service sucks! Please check ur DMs and call@me ASAP!,@290877 Our team is currently reviewing your email and will follow up. Thanks!,Tue Oct 10 22:38:38 +0000 2017
uc_662867,662867,"@115877 your servers are down and i can’t order my food. Please fix. Sincerely, a hangry girl🙃",@277928 We're here to help. Send us a note at https://t.co/NcKEnQDmxQ so our team can connect.,Thu Nov 23 01:38:46 +0000 2017
uc_2614411,2614411,@Uber_Support morning! My gift card balance is incorrect. Who should I️ Call/email?,@739064 Sorry to hear about the trouble. Please send us a note at https://t.co/balq3Eyso6 with more details so our team can look into this.,Fri Nov 17 13:21:39 +0000 2017
uc_2954630,2954630,@115873 @Uber_Support I tried to purchase at the very min of the email so it’s not a sold out thing! I “uber” upset!,@815693 Hi there! Please visit; https://t.co/3h8wdQ4EJK for more info. Please let us know if you have any other questions or concerns.,Wed Nov 29 18:26:25 +0000 2017
uc_2885967,2885967,"@115873 @119983 @Uber_Support On 26 November,i wanted to go to my home from Chandigarh railway station which is about 5 km &amp; then uber shows me 173 Rs.after promo applied. Although i got the cab in my next try for 134 Rs How can you charge so much for just 5 km of journey? https://t.co/gIQ8Fzu9Ue",@800437 Here to help! Send us a note via https://t.co/oEOANqFpjc so our team can get in touch.,Tue Nov 28 12:18:22 +0000 2017
uc_2710992,2710992,@Uber_Support : Can u please check why my account is disabled for promotion. Please enable it for number: 7507237849,@761178 Hi there! Please reach out to https://t.co/zUe0dj6yoX and fill out the 4 boxes at the bottom so we can get in touch.,Mon Nov 20 02:08:43 +0000 2017
uc_2200861,2200861,Ordered an @115873 2 hours in advance....2 mins before it arrives get a text to say the fare is doubled. Won’t be using them again! #uber #Ripoff,@643652 Happy to help! Can you please contact us via https://t.co/1xM0TILvAI so our team can connect.,Sun Nov 26 14:10:49 +0000 2017
uc_374247,374247,My @115877 is currently an hour plus late,@204731 Sorry to hear about the trouble. Please send us a DM with your UberEATS account email address and phone number.,Sun Oct 08 21:13:29 +0000 2017
uc_2665607,2665607,"@Uber_Support I was charged 66$ for a 10 minute trip last night and I would like this to be addressed, this is ridiculous.","@751014 We can definitely take a closer look. Contact us here; https://t.co/1xM0TILvAI, so we can help.",Sun Nov 26 22:14:47 +0000 2017
uc_1052488,1052488,@115873 Hey uber how do I contact your Manchester office about lost property? They have my keys and I’d like to call them.,@368731 Hi there! We're here to help. Can you please provide us your email address? From there we'll be able to assist further.,Mon Oct 23 14:33:56 +0000 2017
uc_871367,871367,"I just got done checkin the uber driver for taking the long way now it's quiet af in here, he already know he about to get 1 stars","@326872 We can always review a fare, Nate! Please reach out to us here: https://t.co/XijNMfvSmO so we can follow up.",Fri Oct 20 20:25:35 +0000 2017
uc_1216419,1216419,I love it when @Uber_Support drivers cancel because they don't want to come to your pick up point and cancel. And then there's a surge on.,@227045 We're here to help! Please send us a note here; https://t.co/fS660rQ8NQ so our team can take a closer look.,Wed Oct 25 17:03:21 +0000 2017
uc_2545148,2545148,"@Uber_Support I have a problem with my Uber. It said ""The number linked with your account is out of date"". And when I chose ""update your mobile number"" by entering 4-digit code, it announced ""This mobile number is already in use and can't be transferred to another account""","@723431 We can definitely take a closer look! Contact us here; https://t.co/mSBDsMUeID, so we can help.",Sun Nov 26 20:08:36 +0000 2017
uc_765223,765223,@116276 @Uber_Support Plz arrange a call back and lodge my complaint,"@300680 While we don't currently provide phone support, we're happy to work with you via in-app support to resolve this as quickly as possible.",Sat Oct 07 06:29:31 +0000 2017
uc_1816975,1816975,@115877 what do we do? Help!,@545819 Here to help! Have the account holder send a DM with their email + order details or send a note at https://t.co/uqkboJBiJd for assistance.,Mon Oct 16 03:57:33 +0000 2017
uc_1304290,1304290,"@115873 My uber rating has dropped. Ordered @16072 they got her home safe, sick and all. You suck uber, you suck.",@424783 Here to help. Send us a note at https://t.co/1uWOXe5ubr so our team can connect.,Fri Oct 27 00:24:31 +0000 2017
uc_1560078,1560078,@Uber_Support I follow up at that link. Looking forward to reply. I hope you don’t penalize drivers for following the bad uber app directions.,@407247 Let's take a closer look! Send us a DM with your email address with details so we can follow up.,Sat Nov 04 13:53:21 +0000 2017
uc_2834873,2834873,Why are @115873 drivers so rude 😕,@400346 Here to help! Please send us a note here; https://t.co/fS660rQ8NQ so our team can connect.,Mon Nov 27 14:51:14 +0000 2017
uc_305345,305345,"@115873 hello, Where do I address a complaint regarding the cost of a trip taken today due to the driver's error? Thanks :-)",@188903 We're so sorry for the trouble. Send us a note via https://t.co/K05RdmK3t4 so we can assist.,Fri Oct 06 22:54:08 +0000 2017
uc_802536,802536,Ordered an @115873 yesterday. Dude drove around lost for ten minutes then canceled the ride. I never saw him. Uber charges me a $7 fee. WTF?,"@243865 Here to help! Send us a note here, https://t.co/h840Iouehc, and our team will follow up.",Thu Oct 12 12:15:06 +0000 2017
uc_2870069,2870069,Is it just my experience or is @Uber_Support worse then before. They can’t explain why 2 people leaving from 1 place going to the same destination get 2 different rates. Mine always higher and no surging. I sense shady practice.,@136336 Hey there! We've just followed up with you via DM.,Tue Nov 28 02:00:25 +0000 2017
uc_1844087,1844087,@Uber_Support hi i live in uae i down lode the app butt not copleate log in my name is hossam my email is __email__,"@552497 We're so sorry to hear about the trouble signing in, Hossam! Please send us a quick note at https://t.co/Md7v036OoC so our team can assist.",Wed Oct 18 10:44:04 +0000 2017
uc_1613596,1613596,@Uber_Support __email__ +919890008405,@495003 Hello Sachin! Our team is reviewing your email now and will be in touch. We appreciate your patience.,Sun Nov 05 13:04:56 +0000 2017
uc_2697779,2697779,"@115873 @119983 while I booked cab , driver switched off cell and I'm waiting since 20 mints",@758024 Here to help! Send us a note via https://t.co/e8HVorX5rh so our team can get in touch.,Tue Oct 31 18:06:16 +0000 2017
uc_2411582,2411582,@115877 here I am trynna bag some free donuts and your whole app decides to break!,"@693325 We've been overwhelmed by demand! Please try uninstalling and reinstalling the app. Supply is limited, but please keep trying.",Tue Nov 14 14:10:04 +0000 2017
uc_2777652,2777652,"@Uber_Support On Sunday morning, my ride literally left me in the rain at 1am and drove away. He didn't return to get me. I was not late. Support via app is useless and won't reply to me in English. Please reverse the cancellation fee. Thanks :)",@373083 We've refunded the cancellation fee. You should see the credit within 1-3 business days.,Tue Nov 21 15:42:51 +0000 2017
uc_1024536,1024536,"@Uber_Support - My BF keeps getting these promotions, but I never get these in my inbox. I've checked the spam folder. How do I sign up? https://t.co/Mu9Khv5OcM",@362440 Here to help! Send us a note via https://t.co/2GUj1y6rFA and we'll be in touch.,Mon Oct 30 17:39:50 +0000 2017
uc_469502,469502,@Uber_Support hi I upload my profile 2days ago still waiting on response. It's says I am wait list . Just wondering how long it's take,"@226793 Hi Subha, here to help! Please visit; https://t.co/u2m6LgUm1D for more info.",Fri Dec 01 07:18:25 +0000 2017
uc_1483681,1483681,Pretty sure @115873 just scammed me :/,@464544 We're here to help! Send us a DM with your email address and more details so we can follow up.,Fri Nov 03 02:29:19 +0000 2017
uc_347812,347812,I have just lost a phone in #Uber. Not able to contact the driver or #Uber,"@198828 Here to help! Send us a note here, https://t.co/oY5vj3NqP3 and our team will follow up.",Sun Oct 08 05:51:49 +0000 2017
uc_2754854,2754854,"@Uber_Support TY for response. That does not appear to be accurate, though. Clicking in email receipt says I've already rated and no option to change rating in-app. Also read something saying changing star rating not allowed.",@771083 Hi there! Please reach out to https://t.co/QDn91HzZV0 and our team will be in touch.,Tue Nov 21 02:37:43 +0000 2017
uc_2221458,2221458,"@115877 and @McDonalds suck... I didnt get my drink, my sauce, and both my cheeseburgers had No cheese... And my large fries were half empty... Then the uber driver said he's not going back after we tipped him... Never again!! 🖕🏼","@648816 Happy to help! Send us a note here, https://t.co/ZFaWy0Lkdu, and our team will follow up.",Fri Nov 10 11:15:22 +0000 2017
uc_914260,914260,When you order @115877 4 times for #EatsWeek and 3 out of the 4 orders are messed up. #hangry,@280665 Let's take a further look into this. Please send us a DM with your email and phone number linked to your account.,Sat Oct 21 07:20:06 +0000 2017
uc_1889531,1889531,@151419 Wht can u do for ths unpleasant experience ? &amp; makng me stranded on road for almost 25 mins? @115873 @Uber_Support @119983 #troll them,"@563491 We're ready to look into this, Kiran. Please send us a message with details of the trip here: https://t.co/biBCTHpjMe so we can follow up.",Sun Oct 22 09:04:20 +0000 2017
uc_1464905,1464905,@Uber_Support How come there are no promotions coming up this week for the Hoboken/Jersey City area?,"@460021 Thanks for reaching out, Amanda. Promotions can be found via the app or your account email. Keep an eye out for updates!",Mon Oct 16 15:59:47 +0000 2017
uc_293010,293010,@Uber_Support Nothing has happened at all still waiting for the solution,"@185783 We'll be sure to follow up with your DM, Yashraj.",Fri Oct 06 17:04:21 +0000 2017
uc_1727245,1727245,"@115873 Horrible experience with Venus in Cedar Hill , TX. Unprofessional, used profanity, poor representation of UBER, never got to work.","@522362 Sorry for the trouble! Send us a note here, https://t.co/fS660rQ8NQ, and our team will be in touch.",Tue Nov 07 05:42:06 +0000 2017
uc_1549519,1549519,"The @115877 driver said that @116273 ran out of something &amp; the gave me some coupons. Thinking ok, maybe this is why I have a bowl. Nope!",@237672 Here to help! Send us a note here https://t.co/rpgpQWLRtD so we can further assist.,Sat Nov 04 02:24:18 +0000 2017
uc_835582,835582,@Uber_Support I got a notification about 50% promo today through 10/15 but they are not be applied when I request an Uber,@318925 Hey there! Can you provide us a screenshot of the promotion offer? We look forward to hearing from you soon.,Fri Oct 13 01:50:16 +0000 2017
uc_441146,441146,@Uber_Support it’s been over a week. Am I gonna drive or not?,@219654 It seems a member of our team has reached out to you. Please check your email and follow up with them there.,Fri Oct 27 13:37:15 +0000 2017
uc_2130185,2130185,@115877 when I ordered it said 20mins... and now 30 mins later it's telling me it'll be another hour.. my food better not be cold 😡,@134111 We're here to help. Can you please send us a DM with your email address so we can connect?,Wed Nov 08 19:23:16 +0000 2017
uc_2408983,2408983,@Uber_Support I was one of the first to try at 2pm - I assume they are old sold out now as it’s still not showing 😕 https://t.co/yvsGbzmRTG,"@692694 We're so sorry you didn’t get your free Original Glazed Dozen box, Bert. Demand was through the roof and stocks ran out! Stay tuned for more fun promotions soon!",Tue Nov 14 16:11:44 +0000 2017
uc_2410811,2410811,"""@115877, you have 30 minutes to deliver our @148768 donut's or we will burn Gotham to the ground"" https://t.co/66aeDDHVM6","@693156 We're still going strong – keep trying, and we hope to get to you ASAP!",Tue Nov 14 14:21:27 +0000 2017
uc_1872620,1872620,Hey @119720- this math looks like it's incorrect. Can we fix this? https://t.co/WV34ywMK4H,"@559181 Certainly doesn't add up to us, Justin! If you send your email address + the trip details via DM, we'll be happy to look into this for you.",Fri Oct 20 03:26:56 +0000 2017
uc_2614421,2614421,@Uber_Support hello uber is so difficult to navigate to your chat link.. Please i would want you to look at my driver profile as i have a document pending for review.,@739066 Happy to clarify. We've looked into your account and see your document is still pending. Once it has been processed our team will be following up with you. Please let us know if you have any questions.,Fri Nov 17 13:17:48 +0000 2017
uc_2574026,2574026,@Uber_Support You’re not your app is trash and so is your “customer service”,@251926 Sorry for the trouble! Please send us a DM with your email address and phone number so we can connect.,Thu Nov 16 20:28:04 +0000 2017
uc_459080,459080,@115873 I left my shit in yaw shit and dude ass not answering da phone dis how yaw rock and roll?,@224026 Hi there! Please clarify your concern so we can assist.,Fri Dec 01 00:31:16 +0000 2017
uc_703144,703144,@Uber_Support Unable to login into the App on my new cellphone coz no OTP is being sent on my phone number. Help.,"@287972 Here to help! Send us a note here, https://t.co/7noMs7ap6M, and our team will be in touch.",Thu Nov 23 17:35:15 +0000 2017
uc_2782087,2782087,I wish male @115873 drivers would stop hitting on me. So damn annoying,@776935 Hello! Please report any issues you've had on recent trips at https://t.co/z8NNR56eyf. We'll follow up.,Tue Nov 21 17:21:15 +0000 2017
uc_177911,177911,@Uber_Support I just checked both emails and spam and nothing ? Should I just call cause this is ridiculous,@157913 We have just resent the message via in-app support and email. Keep an eye out for our reply and respond there so we can get this sorted out.,Sat Nov 25 16:19:23 +0000 2017
uc_2373615,2373615,"@Uber_Support We were waiting outside front of venue for more than 40mins, I had phone in my hand watching cars accept ride then turn around other way.",@546233 We're here to help! Send us a DM with your email address so we can connect.,Sun Oct 29 07:56:33 +0000 2017
uc_983440,983440,@Uber_Support need to contact TLC Uber support team to get back online,@353152 Please connect with us at https://t.co/xPiskerIJO or https://t.co/WQboREqSSu so we can look into this.,Wed Oct 11 18:46:36 +0000 2017
uc_2321270,2321270,"@115873 u guys are ridiculous ,I mailed several time, tweeted but my number is still blocked Poor customer service",@672676 We've responded to your DM.,Sun Oct 29 06:32:29 +0000 2017
uc_2167265,2167265,"@Uber_Support somehow got two accounts with my phone number, only lets me log into the newer account and says the older one owes money on my card. how do i fix this so i can use the app again?",@635977 We're here to help! Please send us a note via https://t.co/76zx6Rm1i6 so we can connect.,Thu Nov 09 09:48:14 +0000 2017
uc_265094,265094,@Uber_Support Hi. I’m trying to order food and every time I go to place order it ask me for my # but then says “error.” How do I fix this?,@179159 We've replied to your DM. Please check your inbox for a follow up.,Thu Oct 05 23:16:24 +0000 2017
uc_1879192,1879192,No access in the ASL. Obstructed by 2 professional drivers. #badblackcabdriving #UberEATS https://t.co/Svju6b0c5f,"@560877 We want to follow up on this. Please send us a note here https://t.co/sKZsBXPxp7, and a member of our team will reach back out.",Sat Oct 21 09:50:14 +0000 2017
uc_605276,605276,"@Uber_Support Help! Changed phones, locked out. Handicapped, need services!",@263862 Here to help! Send us a note here; https://t.co/epjfBJANVY and our team will be able to help.,Wed Nov 22 10:35:33 +0000 2017
uc_2674403,2674403,"@Uber_Support @115873 @115877 WORST customer service ever! Brought me a burrito bowl with nothing but cheese and salsa - forgot the beans, etc. Refunded me only for the beans, not the bowl wtf! #ubersucks #deletinguber",@752869 Please send us a DM with your account email address for further assistance.,Sun Nov 19 12:47:31 +0000 2017
uc_1240679,1240679,Very dodgy @115873 driver in central Manchester fraudulently doing kerbside pick ups like black cabs. Anyone at Uber interested in a report? Sped off when challenged.,@411005 We're here to help! Send us a DM with your email address and more details so we can follow up.,Thu Nov 30 19:23:25 +0000 2017
uc_1350675,1350675,"Hey @115873 @Uber_Support , if driver waits 5min, I get charged $5. But if I cancel after waiting longer... I get charged $5?? 🤔. Explain...",@434949 So sorry about that! Find out about our cancellation policy here; https://t.co/JyzdtQmyxT.,Fri Oct 27 17:42:47 +0000 2017
uc_2539059,2539059,@Uber_Support CHECK DM,@722099 Happy to help! We'll follow up there.,Thu Nov 16 09:30:45 +0000 2017
uc_319204,319204,"@Uber_Support Hello I’ve sent you a PM please reply ASAP, thank you",@192135 We've followed up via DM so please check your inbox.,Sat Oct 07 11:04:43 +0000 2017
uc_1750567,1750567,@115873 y’all double charged me. I need my money ASAP!!,@527543 Here to help! Follow up here; https://t.co/DceIRNI6kV and our team will connect right away.,Tue Nov 07 18:00:13 +0000 2017
uc_1076581,1076581,@Uber_Support I need urgent help as I have downloaded uber app and I was checking for driver nearby it shows user is blocked. Please help.,"@374029 We can look into this with you, Siju. Can you please send a note our way via https://t.co/41EELWKjnd?",Mon Oct 23 12:08:45 +0000 2017
uc_375869,375869,@Uber_Support @205142 Where will i get the answer to my problem from tweeter or email. My email is __email__,@205143 We see you've been in touch and are looking into this now. We'll be following up momentarily.,Mon Oct 09 14:21:32 +0000 2017
uc_333302,333302,@Uber_Support having another issue booking an Uber HELP! Lol,@305875 We followed up with you via DM.,Sat Oct 07 19:39:29 +0000 2017
uc_2217802,2217802,@Uber_Support help! Uber won’t accept my Apple Pay payment!,"@647945 Hi AJ, please check this out for more info: https://t.co/yqIhbGRNqi.",Thu Oct 19 14:54:13 +0000 2017
uc_2792107,2792107,@115873 my driver just took the wrong exit because he turned his gps off 🙄I hope I don’t get charged extra,@779241 Here to help! Send us a note via https://t.co/y4EDPcVZOI and we'll be in touch.,Tue Nov 21 20:34:51 +0000 2017
uc_1049966,1049966,@115873 @Uber_Support the driver cancelled on me and I got charged 5 dollars that’s not fair,@216662 Here to help! Please send us a note via https://t.co/h840Iouehc so our team can connect.,Mon Oct 23 00:49:48 +0000 2017
uc_36704,36704,@115877 How do you use this &amp; how much does it cost,@298553 Happy to explain! Please visit https://t.co/pr7COoFqeL for more information.,Wed Oct 11 15:38:11 +0000 2017
uc_2663838,2663838,@Uber_Support I was charged full price for a ride I had a credit that was applied to it.,"@174757 Here to help! Send us a note here, https://t.co/Wavn5xnaeo and our team will follow up.",Sat Nov 25 23:33:26 +0000 2017
uc_2138144,2138144,@Uber_Support my uber eats keeps saying it cannot find created order and won't let me place it,@628886 Here to help! Please send us a DM with your email address with details so we can follow up.,Wed Nov 08 21:49:02 +0000 2017
uc_1663614,1663614,@Uber_Support Whats the use of sending promo code when they are invalid? #Fakeoffers #highlydisappointed,@507082 So sorry about the trouble! Please send us a DM with your email address so we can connect.,Mon Nov 06 09:36:12 +0000 2017
uc_393638,393638,@Uber_Support what do I do when I get charged for a ride that never came?,"@209241 Happy to help, Sydney. Please DM us your email address and issue details; we'll follow up.",Mon Oct 09 16:04:31 +0000 2017
uc_704631,704631,@115873 I’ve been charged £127 for a 10 minute trip?! Please explain and refund me. https://t.co/zjv1hroYup,@288394 Sorry to hear about that! Can you please contact us via https://t.co/1xM0TILvAI so our team can connect.,Thu Nov 23 19:01:12 +0000 2017
uc_1754309,1754309,"Dear Seattleites, ever book an @115873 driver named Konstantinos driving a VW Tiguan? Cancel immediately! Rudest driver I've ever experienced",@528384 Sorry to hear about that! Can you please contact us via https://t.co/TmWmJyGFaK so our team can connect?,Tue Nov 07 19:06:08 +0000 2017
uc_996776,996776,"Dear @115877 @Uber_Support, dinner was supposed to arrive 30 mins ago and there are three hungry and disappointed kids. Whyyyy? #4CFCF","@356036 Sorry to hear that, Sandra, we'd like to give this a closer look. DM us your Uber account email address, and we can follow up.",Sun Oct 22 10:54:01 +0000 2017
uc_1976575,1976575,"@Uber_Support but without being able to click on the driver it was myself, i am rendered helpless now . need to call but NO customer svc #","@585325 Due to our privacy policy, we will have to speak directly to the account holder. Please have them contact us via https://t.co/VRGZX0s7tO .",Wed Nov 01 17:59:35 +0000 2017
uc_1869805,1869805,@115873 @Uber_Support @115873 @Uber_Support pls share all invoice copy of acc 8009550315 to __email__,@135002 Thank you for reaching out. A member of our team will be following up shortly through DM.,Wed Nov 08 04:03:52 +0000 2017
uc_231252,231252,@Uber_Support @171069 Respond to my dms you idiots,@171070 Hello! Thanks for your patience. Please check your DM for our reply.,Thu Oct 05 09:20:05 +0000 2017
uc_2777698,2777698,@Uber_Support Kindly confirm to me if the referral for new driver still valid? and how much is the referral bonus Thanks.,@776034 Here to help! Follow up here; https://t.co/dqn5AzytdB and our team will connect right away.,Tue Nov 21 15:37:17 +0000 2017
uc_2577655,2577655,"@Uber_Support hello, I paid £18 for an uber last night that I cancelled 5 seconds after ordering.. anything can be done about a refund?",@730840 Here to help! Please send us a note here; https://t.co/1xM0TILvAI so our team can assist.,Sun Nov 26 20:43:37 +0000 2017
uc_2145893,2145893,I’ve found the biggest idiot @115873 driver in Miami. @Uber_Support this guy is a moron.,@405065 That doesn't sound right! Send us a note via https://t.co/fS660rQ8NQ so we can follow up.,Wed Nov 08 23:26:31 +0000 2017
uc_999338,999338,@Uber_Support I received a trip receipt at my email for someone that is not me. How do I get you to remove that email address?,"@356625 Hi Andrew, please send us the details at https://t.co/GiHkiRdJSR so we can take a look.",Thu Oct 12 00:02:14 +0000 2017
uc_1785118,1785118,"@Uber_Support I have Indian Driver License, can I do Uber eat delivery job ?",@536337 Happy to help! Please reach out to us via DM with your city preference and we'll be in touch with more info. https://t.co/sd7yH5jmbJ,Wed Oct 11 09:45:20 +0000 2017
uc_2684187,2684187,"@115873 driver dropped me off about 5 blocks from my destination, refused to acknowledge the address and you all refuse to give me a refund. This is not the quality of service that I am expecting!","@558219 Sorry to hear about this, Magen. Please DM us the exact drop-off location that the driver dropped you off at so we can review this further. https://t.co/sd7yH5jmbJ",Sun Nov 19 14:13:51 +0000 2017
uc_2264013,2264013,First time using @115877 and my coupon codes doesn't work. 🤷🏾‍♂️ #WhyTho #TheStruggle,@659060 Sorry to hear about the trouble! Please visit https://t.co/h3vAjBLlBH so we can sort this out.,Thu Oct 19 17:57:05 +0000 2017
uc_1655749,1655749,@Uber_Support I've sent notes all I get are form responses saying it's maybe the card or the bank and use another card. I've tried 3 now still don't work.,@505281 Here to help! Please send us your email address so we can connect.,Tue Oct 17 14:42:57 +0000 2017
uc_2134214,2134214,@Uber_Support @115873 Is account registration not working for the iPhone X? I can’t get past adding my first and last name.,"@259364 We're here to help! Send us a note here, https://t.co/2GUj1y6rFA and our team will be in touch.",Wed Nov 08 17:15:11 +0000 2017
uc_2916495,2916495,@115873 WTF are your uber driver doing in gatwick? It's the 3time I order it and they cancel aftr 3mi waiting. Exactly the same than last week,@807255 Sorry to hear this was your experience! Please send us a note at https://t.co/e8HVorX5rh so our team can connect right away.,Tue Nov 28 23:37:26 +0000 2017
uc_2981978,2981978,Had the worst customer service on the planet today courtesy of my @115873 driver...Is there a number I can call about this guy? I want my money back and I took his plate number,"@822457 At this moment, we don't offer phone support for these issues. We're sorry for any inconvenience. Send us a note at https://t.co/fS660rQ8NQ and we'll follow up.",Thu Nov 30 05:01:40 +0000 2017
uc_1108466,1108466,Does Uber eats deliver rillos?,@381594 Find out more info about Uber Eats availability here: https://t.co/bl5B9dVLvX,Tue Oct 24 00:51:00 +0000 2017
uc_2968448,2968448,"@115873 in Massachusetts its illegal to record someone without their expressed consent, so why is my uber driver recording me? I should know in advance before accepting a ride.",@271767 Here to help! Can you please contact us via https://t.co/fS660rQ8NQ so our team can connect?,Wed Nov 29 23:31:17 +0000 2017
uc_2758303,2758303,@115873 How long does it take to get a reply? I’ve been waiting 2 hours?,"@771880 We've replied via DM, please follow up there.",Tue Nov 21 03:28:27 +0000 2017
uc_661706,661706,@115873 my account has been blocked. I need help,@277639 We'll be happy to take a closer look. Send us a note via https://t.co/BDlHSjUF9c so our team can connect.,Thu Nov 23 01:11:48 +0000 2017
uc_335007,335007,"@Uber_Support help! Trying to order McDonalds. I live in a converted school &amp;your app won't deliver to a ""school."" Can I order on the phone?",@195840 Oh no! Thanks for bringing this to our attention. DM us your account email along with details for assistance.,Sat Oct 07 20:25:52 +0000 2017
uc_175024,175024,". @115873 app doesn't recognise ""Wellington Airport"". Surely this is a common use case?",@157070 Here to help! Send us a note via https://t.co/u3MyknJaaN so our team can connect.,Fri Nov 24 23:42:18 +0000 2017
uc_2135816,2135816,@Uber_Support Any of My UBERS Today doesn’t have the Tag ready to use! SO ANNOYING! I Demand a recalculation if my fare. Not paying for others mistakes!,@628338 Hi there! Please reach out to https://t.co/zUe0dj6yoX and fill out the 4 boxes at the bottom so we can get in touch.,Wed Nov 08 20:58:55 +0000 2017
uc_909641,909641,@115873 this driver didn't show up then tried to charge ME for cancelling. Why is there no way to review or complain in these cases?!? https://t.co/Aur4g57MhG,"@336060 Sorry for the trouble! Send us a note here, https://t.co/e8HVorX5rh, and our team will be in touch.",Fri Oct 13 21:03:50 +0000 2017
uc_2662276,2662276,"Thank you @115877 for putting me to bed hungry in Raleigh NC, after an hour order is cancelled, from McDonald’s !! And nothing is open now",@750337 Here to help! Send us a note at https://t.co/P4hKbfQBbP so our team can connect.,Tue Oct 31 05:11:02 +0000 2017
uc_373691,373691,@Uber_Support why is there no way to call or contact your company!!!!!! Your employees are horrible drivers and threaten with violence!,@117813 That's definitely not ok. Please DM us the email on your account and additional details. We'd like to connect.,Sun Oct 08 22:59:02 +0000 2017
uc_2130229,2130229,"@115873 I'm an Uber driver. Since my car, Hyundai Elantra was vandalized and is in for repairs, my rental car, Hyundai Sonata, is included under my existing Elantra policy that you currently have on file. Can you help clear up this insurance snafu so I can drive ?",@627004 Here to help! Send us a note here; https://t.co/BdsLWRyuBl and our team will be able to help.,Wed Nov 08 18:58:01 +0000 2017
uc_619653,619653,@Uber_Support Hi. Can I get an e-mail address of the support? I need to send a detailed complaint. I'm from Brazil and I don't see it on the official website. Thanks.,"@267057 Hi there! We're here to help. Let us know if you have any specific questions, or visit our help site at https://t.co/9zsMJKZ2dB for more info.",Sun Nov 19 20:39:46 +0000 2017
uc_1462159,1462159,What with @121516 train breaking down on the way and @Uber_Support taxi cancelling on me today’s transportation to Manchester and back has been epic!,@459358 Here to help. Send us a note at https://t.co/593jusCquh so our team can connect.,Sun Nov 26 01:32:59 +0000 2017
uc_2269807,2269807,@Uber_Support Deplorable customer management. People like you are responsible for downfall of the company. Don't know why Uber has hired such unprofessional and incompetent people.,@660446 So sorry about the trouble! Please send us a DM with your email address and more details so we can connect.,Sat Nov 11 09:10:36 +0000 2017
uc_1179858,1179858,"Thank you, @115879 for having Fabian rescue me from THE WORST (and def. my last) @115873 ride ever! Kidnapped &amp; dropped at random gas station.","@301018 We're so sorry to hear about this, Liz. We've escalated this to the appropriate team and they will be reaching out shortly via email.",Tue Oct 24 16:57:45 +0000 2017
uc_1343124,1343124,@Uber_Support Where can I find the Trip ID? I've searched in my trip details but I didn't see anything that could be useful.,"@267514 We see you were able to connect with our team, Timi. Please feel free to follow up to your support thread with any questions you may have.",Mon Oct 16 14:13:57 +0000 2017
uc_1177720,1177720,@Uber_Support @396997 Youvguyhire untrained Drivers who are unfamiliar with local geography rely heavily on GPS which goes Wrong. Hope you're doing BG checks,@200617 Hey Mitesh! Can you please provide your account email so we can better connect? A member from our team will follow up shortly.,Mon Oct 16 11:20:10 +0000 2017
uc_2451738,2451738,"*sigh* And @115877 forgot one of our entrees. No working option to replace or refund, only able to contact via email.",@702538 That doesn't sound right. Can you please send us a DM with your email address so we can look into this?,Sun Oct 29 17:16:08 +0000 2017
uc_965841,965841,#UberEats should compensate you when 30 min or less turns into 30 min or more 🙄 #StillWaiting @Uber_Support,@349205 Thanks for bringing this to our attention. DM us your account email along with details for assistance.,Sat Oct 21 23:36:09 +0000 2017
uc_521793,521793,@Uber_Support Waiting for support 🙏,@240478 Sorry to hear about the trouble! We see that you've submitted a support request and a member of our team will follow up with you as soon as possible. Thanks for your patience while we look into this.,Sat Dec 02 04:28:03 +0000 2017
uc_2802518,2802518,@Uber_Support hi does any Uber drivers available in UK during christmas day? Especially at heathrow airport,@781768 Happy to help! Send us a note via: https://t.co/QDn91HzZV0 so our team can assist.,Wed Nov 22 00:52:14 +0000 2017
uc_2776124,2776124,@Uber_Support hello can you help me unban my account? I had set up a credit card that I had locked to be used and forgot to unlock before requesting a ride and was banned,@775699 Happy to take a look! Send us a note via https://t.co/BDlHSjUF9c so our team can connect.,Tue Nov 21 15:09:52 +0000 2017
uc_993059,993059,@115873 I accidentally rated a driver the wrong number of stars bc my phone died. Can you assist me with changing the number of stars?,@341268 Here to help! Simply follow the link to update your rating; https://t.co/M1RhRwgiRE.,Thu Oct 12 01:31:08 +0000 2017
uc_253674,253674,"@Uber_Support folks, you charged me twice... how I can proceed to correct the situation?",@176309 Hey Rogelio! Can you please provide your account email so we can further connect? Thank you,Thu Oct 05 16:52:31 +0000 2017
uc_2373620,2373620,So @115873 and @Uber_Support decide to cheat me off my money and then disgust me with these responses. #UberCheat #UberIndia https://t.co/Y5U585gECm,@684758 We can definitely take a look! Send us a DM with your email address and details so we can follow up.,Sun Oct 29 07:23:23 +0000 2017
uc_703129,703129,"Sigh....@115873 app officially cancelled, you guys suck! Now pay me back my money PRONTO! What a joke 😒",@287966 We can definitely take a closer look! Please send us a DM with your email address so we can follow up.,Thu Nov 23 17:45:07 +0000 2017
uc_2383480,2383480,@115873 you have charged for 150 dollars again and I haven't used Uber in months. I sent in the form and heard no reply,@687054 Here to help! Send us a DM with your email address so we can assist.,Fri Oct 20 07:29:23 +0000 2017
uc_1504420,1504420,UGH I WISH I COULD @115877 please come to Rochester! https://t.co/Y34CCXw3Cw,"@469167 We're working hard to expand our coverage area, Zack. Stay tuned to https://t.co/IWfScGSb5o for updates!",Mon Oct 16 22:41:27 +0000 2017
uc_2691940,2691940,@Uber_Support our driver has cancelled our order and we can’t get hold of him... please help,"@756713 We're here to help! Send us a note here, https://t.co/clOFmCD3pl and our team will be in touch.",Sun Nov 19 16:29:09 +0000 2017
uc_2404117,2404117,@115877 fix your shit 🙄,@691551 We're here to help! Send us a DM (direct message) with your email address so we can connect.,Tue Nov 14 14:09:33 +0000 2017
uc_997243,997243,@Uber_Support done,@356148 We just sent you a DM! Please check your messages.,Tue Oct 24 21:56:08 +0000 2017
uc_464459,464459,Ok @Uber_Support @115873 we should be able to rate the people we take an uber pool with. Because the girl I just pooled with was rude AF and it took everything in me to be a good passenger. 😒,@225437 We're sorry to hear this was your experience. Contact us via https://t.co/kUyzFAuBFV and we'll be in touch.,Fri Dec 01 03:21:24 +0000 2017
uc_2227391,2227391,"@Uber_Support hi, I need to contact someone about my most recent ride. I need a full refund for my incompetent driver; not a fare adjustment",@299463 Here to help! Could you please DM us with your Uber email and a description of the trip so that we can look into this?,Thu Oct 19 16:00:52 +0000 2017
uc_2402961,2402961,@148768 @115877 Placed my order and it got rejected by Liverpool Street Krispy Kreme! 😣,"@694041 We've been overwhelmed by demand! Supply is limited, but please keep trying.",Tue Nov 14 14:37:32 +0000 2017
uc_983839,983839,@Uber_Support everytime i request a ride from my Uber account 9005845589 i get an error message “error processing request” https://t.co/khoJpNEiW3,"@353239 Sorry to hear about the troubles, Fardan. Please send us a note at https://t.co/41EELWKjnd so we can look into this for you.",Sun Oct 22 05:09:17 +0000 2017
uc_2241683,2241683,@115873 I know you guys are a little stressed at the minute but 4 drivers have just cancelled on me....please sort it!!,@653585 Here to help! Please send us a note at https://t.co/lyqXfbVdYK and we'll be happy to look into this for you.,Fri Nov 10 20:10:20 +0000 2017
uc_2757570,2757570,@115873 I was wondering if it was possible to report unsafe driving of one of your employees. I was only able to get a tag number,@771716 Happy to further assist you. Can you please send us a DM (direct message) with your email address and additional details?,Tue Nov 21 03:10:20 +0000 2017
uc_597319,597319,@115877 your service is garbage. After one poor experience I decided to try I again and was met with the same terrible service. Driver was provided the wrong address (again) and food arrived cold and inedible. Very disappointed.,@261626 We're here to help! Send us a DM with your email address so we can assist.,Sun Dec 03 19:28:38 +0000 2017
uc_2819512,2819512,"@Uber_Support They're having trouble getting a confirmation text, is that something you have a suggestion for or is the answer getting a SIM card?","@785876 To clarify, due to our privacy policy we're not able to address these concerns over social. Please have the account holder reach out via the link previously provided.",Mon Nov 27 05:49:08 +0000 2017
uc_2832191,2832191,@645430 @115873 Did you talk over them on your speaker phone? Do we still say speaker phone?,@788529 We're here to help! Send us a DM with your email address so we can connect.,Mon Nov 27 13:46:38 +0000 2017
uc_1728064,1728064,@Uber_Support __email__,@522545 We followed up with you via DM.,Tue Oct 17 19:27:26 +0000 2017
uc_1211271,1211271,@Uber_Support Ummmm has was just charged $11 and was taken further away from my destination! I need my FULL refund for my inconvenience!!!!,@404301 Sorry to hear about the troubles. It appears a member of our team has followed up via in-app. Please follow up through your open thread.,Sun Oct 15 23:23:14 +0000 2017
uc_1507129,1507129,"@Uber_Support Cannot belive the level of incompetence and frankly, shitty #CustomerService",@469783 Sorry to hear this! Please DM us your Uber account email address so we can look into this for you. https://t.co/sd7yH5jmbJ,Mon Oct 16 23:20:03 +0000 2017
uc_1969294,1969294,@Uber_Support The result of that link. https://t.co/rpgMGy8zSw,"@124004 Sorry to hear about the troubles, Josh. Please DM us the email address linked to your Uber account so we can look into this for you.",Tue Oct 31 10:28:26 +0000 2017
uc_651296,651296,@115873 What is a good email address or tel no. to contact you in UK. Your website has our number on it and we are getting your calls!,@274896 We're always here to help! Simply click on the 'Help' button in the app to contact us.,Thu Oct 05 08:15:18 +0000 2017
uc_877346,877346,@Uber_Support This isn't sufficient I need to send an email please provide an email address,@328271 Please use the the link provided and the information will be forwarded to the appropriate team.,Fri Oct 13 14:18:27 +0000 2017
uc_1208811,1208811,"@Uber_Support No help at all, page seems like info blog but no options to solve my problem, does someone in your BIG company can help? Someone Real? Thank",@403800 We're here to help! Send us a DM (Direct message) with your email address so we can assist.,Wed Oct 25 15:51:33 +0000 2017
uc_2373640,2373640,@Uber_Support @119983 when u r driver is not having haryana tax paid then why he picked up the ride? nd now he cant cancel it https://t.co/ua63Zpqdsx,@684765 We're here to help! Send us a note at https://t.co/fS660rQ8NQ so we can assist.,Sun Oct 29 07:15:33 +0000 2017
uc_267442,267442,@Uber_Support https://t.co/1gSV9AReaU,"@179760 Hello, Joseph, we are happy to assist you. We are unable to locate an account with the email provided in that screenshot.",Thu Oct 05 22:28:23 +0000 2017
uc_263097,263097,why is an UBER POOL $41?????????? @115873,@178701 Here to help! Follow up here; https://t.co/oEOANqFpjc and our team will connect right away.,Thu Oct 05 22:31:36 +0000 2017
uc_2820725,2820725,@115873 my friend @786179 was just abandoned by his uber driver terrible employee will never be using your service,@786180 Here to help! Send us a DM with your email address and details so we can follow up.,Mon Nov 27 06:49:16 +0000 2017
uc_2538254,2538254,@Uber_Support I am not able to login thru __email__ pls help need to book cab (Delhi),"@721932 Hi, Naveen. A member of our team has been in touch via in-app support regarding this issue. Please check the ""Help"" section of the app and reply there directly.",Thu Nov 16 08:01:39 +0000 2017
uc_1268199,1268199,My driver cancels the trip and bill comes to me @115873 : Stop the fraud https://t.co/7Yqwr3TTja,@416944 Here to help! please send us a note via https://t.co/h840Iouehc so our team can connect.,Mon Oct 16 06:23:41 +0000 2017
uc_1904558,1904558,"# @Uber_Support Why is it everytime I'm trying to see if a car is available, the price keeps changing on me ... higher and higher","@144254 We're here to help! For more information on this, click here; https://t.co/kkAwlbpH4B. Feel free to reach out with any questions.",Wed Oct 25 08:49:28 +0000 2017
uc_372237,372237,"@Uber_Support Hello, I have sent an inbox. Please check",@204188 Happy to help! Look for our follow-up in DM.,Sun Oct 08 21:23:23 +0000 2017
uc_249465,249465,@115873 @Uber_Support just got scammed with an $80 cleaning fee. The pictures provided by the driver were absolutely not from us. Never left a mess or damaged the car in anyway. Beware customers of this scam! Deleting uber app now.,@175284 We'll be happy to take a closer look. Send us a note via https://t.co/a6RfeBkKmr so our team can connect.,Sat Nov 25 02:41:57 +0000 2017
uc_2964596,2964596,@Uber_Support I sent you a message please respond back.,@817947 Check out https://t.co/3h8wdQ4EJK to learn more.,Wed Nov 29 21:56:48 +0000 2017
uc_2614431,2614431,So #pissed with @Uber_Support waiting for a cab since an hour with no proper communication from atleast 3 different drivers #neveranuberagain,@739070 Here to help! Send us a DM (direct message) with your email address so we can connect.,Fri Nov 17 13:16:02 +0000 2017
uc_2550374,2550374,".@115873 driver tried to steal $20/$30 from me using a card swiper. Uber offers me $5 to sweep it under the rub. Sadly, I'm not surprised 👎🏾 https://t.co/xkEMfMAKon",@720902 We're sorry to hear this was your experience. Our team is reviewing your email and will be in touch.,Mon Oct 30 14:25:44 +0000 2017
uc_543062,543062,My @115873 driver has his seat leaned ALL the way back and I get to have my knees in his back 👌🏼👌🏼👌🏼👌🏼 https://t.co/LlN5dx77Gf,"@246097 Here to help! Send us a note here, https://t.co/fS660rQ8NQ and our team will follow up.",Sat Dec 02 16:16:07 +0000 2017
uc_1736308,1736308,"@115873 our driver just got a ticket in #Hoboken for ""obstructing traffic"" while picking us up.. didn't deserve it. Let your other driver know plz.",@524207 We take this very seriously. Please send us a DM with your email address so we can connect.,Sun Nov 26 05:43:45 +0000 2017
uc_1617287,1617287,"Dear @115873, why when waiting for a car are your estimates *always* too low? Don’t you have an #AI platform to solve this problem for you?","@495915 Here to help! Follow up here; https://t.co/SjsQQ8ofRq, and our team will connect right away.",Sun Nov 05 14:25:09 +0000 2017
uc_2849962,2849962,Dear @115873 @Uber_Support please stop charging me for rides that are never confirmed in the first place. Refund please.,@792482 Here to help! Send us a note via https://t.co/dInR3racif and we'll be in touch.,Mon Nov 27 19:26:08 +0000 2017
uc_1910393,1910393,@115873 really?? 5 mins before my ride arrives you tell me that it’s now going to be 2 x higher price because of increased demand? I booked it 30 mins ago. Wasn’t too busy then. Charge them more!,@569114 Here to assist! Find out more info here; https://t.co/kkAwlbpH4B,Wed Nov 08 04:14:49 +0000 2017
uc_274328,274328,@Uber_Support Hi still not working have replied via dm,@181542 We followed up with you via DM.,Fri Oct 06 21:12:26 +0000 2017
uc_378377,378377,You should be able to cancel @115873 free of charge when the driver is 3x longer than ETA,"@205792 Here to help! Send us a note here, https://t.co/e8HVorX5rh, and our team will follow up.",Mon Oct 09 04:58:22 +0000 2017
uc_2689597,2689597,"@115877 My friends free delivery code doesn’t work when I try to use it, and I don’t even seem to have one to give back!","@756167 We're here to help! Send us a note here, https://t.co/Stfa0qxoqB and our team will be in touch.",Sun Nov 19 15:47:42 +0000 2017
uc_2923014,2923014,@Uber_Support still haven’t heard back from anyone about the mess that happened last week. 🤔🤔🤔,"@726744 Hey, Jade. A member of our team has been in touch via email, so please check your inbox and follow up there directly.",Wed Nov 29 02:14:26 +0000 2017
uc_1384256,1384256,Your driver went miles away and you are still charging me for it ? @Uber_Support @115873 https://t.co/u3Qyj1GnVe,@442138 Sorry to hear about that! Can you please contact us via https://t.co/593jusCquh so our team can connect.,Sat Nov 25 21:37:11 +0000 2017
uc_2427557,2427557,@Uber_Support Still waiting. Why is this taking so long to sort out,@697019 We're here to help. We just sent you a DM.,Thu Nov 16 19:28:22 +0000 2017
uc_1323592,1323592,@115877 ordering &amp; waiting for over an hour. Each time they were canceled w/ no explanation. Restaurants are now closing in the next 10 min.,"@428864 Sorry to hear about this, Monica. Send us a note at https://t.co/uqkboJBiJd and a member of our team will follow up soon.",Mon Oct 16 04:47:43 +0000 2017
uc_677679,677679,@Uber_Support You say you take this very seriously but it’s been 10 min and nothing ....,@281662 Thank you for reaching out to us. We've received your DMs and will be following up shortly.,Thu Nov 23 07:00:39 +0000 2017
uc_1539379,1539379,@Uber_Support __email__,@477162 Here to help! Send us a note here https://t.co/tv4psVy8sr and our team will be in touch.,Sat Nov 04 01:58:52 +0000 2017
uc_834479,834479,@Uber_Support Check your Dm I have sent more screen shot on the debit initiated.,"@309973 Please DM us the email address you used to send your support message with, so we can follow up. https://t.co/sd7yH5jmbJ",Fri Oct 13 09:25:10 +0000 2017
uc_2438243,2438243,Why u gotta play me like this @115877 https://t.co/5K2hIvfMKn,@699391 We're here to help! Please send us a note via https://t.co/qLzKaGQcAg so we can assist further.,Sun Oct 29 15:42:45 +0000 2017
uc_19677,19677,@Uber_Support What you guys think of yourself......you don't know how to do business......u don't come in time.....u dont come to location given..,@467967 We're so sorry this was your experience. Please send us a note here; https://t.co/JyzdtQmyxT so our team can connect.,Sat Nov 04 14:02:43 +0000 2017
uc_608203,608203,My last 3 @115873 drivers haven’t turned in any air... https://t.co/jGw8qjreWC,@264556 Sorry to hear that! Send us a note here: https://t.co/fS660rQ8NQ so we can follow up.,Wed Nov 22 12:08:14 +0000 2017
uc_1967395,1967395,@115873 I m referring this cheating case by uber to Govt authorities to suspend their license. Uber has no helpline no to contact.,"@582995 At this moment, we don't offer phone support for these issues. We're sorry for any inconvenience. Visit https://t.co/QDn91HzZV0",Tue Oct 31 12:42:12 +0000 2017
uc_958478,958478,@115873 HE WONT AIR OUT THE DAMN CAR,@347421 Sorry to hear about that! Please send us a note via https://t.co/aBEgvdNWQN so we can connect.,Sat Oct 14 02:12:50 +0000 2017
uc_883648,883648,@Uber_Support how do I toggle my payment method. I wanna use my uber credit balance for uber eats but it keeps trying to charge my card :(,@329837 Let's look further into this! Please DM us the email address linked to your Uber account so we can connect.,Fri Oct 20 19:28:32 +0000 2017
uc_2217510,2217510,"@115873 is too arrogant , they blocked my account for promotions, and not removing it also, not giving justifiable reason!!! #UberisTooArrogant #KeepYourPromotionsWithYou #Arrogant #Uber #Cab #PrivateCab #PrivateCabUber",@647862 Here to help! Send us a DM with your email address so we can assist.,Fri Nov 10 07:00:58 +0000 2017
uc_1141173,1141173,@Uber_Support I honestly haven't experienced worse customer service: 18 fraudulent journeys in India were made from from Oct 2 to 4 (I was in France at the time) means that £162.18 has been debited. Still no refund despite 10 emails to Uber CS. @76474 can you help?,@388620 Sorry for the delay. Our team is currently reviewing your email and will follow up shortly.,Tue Oct 24 15:27:54 +0000 2017
uc_2518402,2518402,"Wow, @115873 you’ve given rights to some of your drivers whom don’t have knowledge about road rules of #NSW #Sydney",@717370 Here to help! Can you please send us a DM with your email address and details so we can connect?,Thu Nov 16 00:15:55 +0000 2017
uc_1602634,1602634,@115873 URGENT Uber needs to know that very negative information regarding your company will be released via Twitter. Your insurance James River is not assisting me. Thomas Sanchez 619 9626245,@375710 Let's take a further look into this. Please send us a DM with your email linked to your account.,Sun Nov 05 06:33:43 +0000 2017
uc_1194142,1194142,"@115873 all our drivers in Tucson, AZ are incompetent. Please do some kind of customer service seminar and mandate them to attend.",@400592 Here to help. Send us a note at https://t.co/zUe0djo9gv so our team can connect.,Wed Oct 25 00:57:06 +0000 2017
uc_2241577,2241577,"@Uber_Support Or better yet, how about you DELETE. MY. ACCOUNT. NOW!!!!!","@326878 We've followed up within your Direct Messages, Brent.",Fri Nov 10 20:12:54 +0000 2017
uc_2941466,2941466,@115873 not very happy with your drivers in Pune india,"@812733 Happy to help! Send us a note here, https://t.co/e8HVorX5rh, and our team will follow up.",Wed Nov 29 13:31:25 +0000 2017
uc_2324804,2324804,@Uber_Support my ride never showed they told me to cancel it. Awful service. Can’t believe I get charged $2 for your mistake. Done with Uber,"@673447 We can definitely take a closer look! Contact us here; https://t.co/e8HVorX5rh , so we can help.",Tue Oct 31 00:28:55 +0000 2017
uc_992083,992083,"Hi @Uber_Support, can you please enable us to change phone numbers without having to beg for it every single time? https://t.co/BFz1dKf5ij","@355000 If you're having trouble updating, you'll want to reach out at https://t.co/qHlZSjDE9L for help.",Sat Oct 14 06:39:25 +0000 2017
uc_2497144,2497144,@Uber_Support Thanks! I sent a note about 20 minutes ago. Hoping to hear back soon!,"@712612 Perfect, a member of our team will be in touch as soon as possible.",Mon Oct 30 02:44:06 +0000 2017
uc_2941462,2941462,Gonna have to #boycott @115873 their drivers cancel too often + they are still charging for the rides. I don't have time this shit! #uber,@475350 We can definitely take a closer look! Please send us a DM with your email address so we can follow up.,Wed Nov 29 13:32:24 +0000 2017
uc_255932,255932,So @115873 charges 15$ to return a lost item!? You guys are fucking greedy man.,"@176876 Drivers are independent contractors and this is to compensate them for their time. The entire fee is passed on to the driver, not Uber.",Thu Oct 05 16:00:09 +0000 2017
uc_2170155,2170155,"No music, no AC. Silence for over an hour. Very awkward @115873 ride.... 1 star.",@636627 We're sorry to hear this was your experience. Contact us via https://t.co/aBEgvdNWQN and we'll be in touch.,Thu Nov 09 03:41:41 +0000 2017
uc_2398339,2398339,@Uber_Support I can’t log in to the site because of tfa.,@690219 Hi there! Please send us a DM with your email address so we can assist.,Tue Nov 14 14:24:28 +0000 2017
uc_154500,154500,@Uber_Support Your customer care service is pathetic,"@151411 We definitely understand the sense of urgency here, and we assure you that our support team works through these inquiries as quickly as possible. Thank you for your patience with us so far, and be sure to keep an eye out for a follow up.",Fri Nov 24 16:42:59 +0000 2017
uc_578092,578092,Wow I just got charged 5 bucks because I decided i didn't want to wait almost 10 minutes for a @115873 to show up,@256075 Here to help! Send us a note here; https://t.co/e8HVorX5rh and our team will be able to assist!,Sun Dec 03 10:02:16 +0000 2017
uc_2837720,2837720,@789789 @115877 @52126 I suggest a refund is due. Otherwise this story should be broadcast,@789788 We're here to help! Send us a DM with your email address and more details so we can follow up.,Mon Nov 27 15:53:26 +0000 2017
uc_1887262,1887262,@115873 my father 943512691 booked a cab from Narangi to Ganeshguri he lost his mobile in ur cab I would request you kindly to look into it,"@562875 Due to our privacy policy, we will have to speak directly to the account holder. Please have them contact us via https://t.co/rOtqyWzf0B,",Mon Oct 23 14:17:12 +0000 2017
uc_1007870,1007870,"@115873 pretty much ruined my trip. Charged me for rides I didn't take, charged me for drivers cursing at me, etc. Uninstalling",@358496 We're here to help! Send us a note at https://t.co/dInR3racif so we can assist.,Sat Oct 14 13:46:07 +0000 2017
uc_2145882,2145882,Why does it charge twice sometimes for one route? Just for the money to be put back in the account...is it a hold or error? @Uber_Support,@260970 So sorry about the trouble! Please send us a DM with your email address and more details so we can connect.,Wed Nov 08 23:38:05 +0000 2017
uc_1663448,1663448,"@Uber_Support hi - given a promo code for ubereats UK, but the website is saying it has expired - even though the flyer states otherwise",@507056 We can take a look! Send us a note via https://t.co/h3vAjBLlBH so our team can get in touch.,Sat Oct 28 22:29:42 +0000 2017
uc_229040,229040,@Uber_Support I already did this; but the hacker is continuously using my account. I am unable to login to my account. My credit card is being charged 😡,@170626 We've followed up via DM so please check your inbox.,Thu Oct 05 09:03:14 +0000 2017
uc_1449351,1449351,I had to file a report against this uber eats driver cause he literally left half my order at the restaurant,"@456321 We apologize for what happen, kindly send a note here: https://t.co/ILV7P28gPt so our team will get in touch.",Thu Nov 02 16:32:41 +0000 2017
uc_2907302,2907302,"I am pissed with @115873 !! My driver was 3 minutes away! Mind you I need to be to work at 3, the driver CANCELS on me and now I’m late to work! Why take the ride if you already had someone you were dropping off? Then turn around and cancel",@805023 We're sorry to hear this was your experience. Kindly contact us via https://t.co/e8HVorX5rh and we'll be in touch.,Tue Nov 28 20:00:39 +0000 2017
uc_2435781,2435781,Don't lose your phone in an @115873 they are very un helpful,@698853 We're here to help! Please send us a DM with your email address so we can connect.,Sun Oct 29 14:25:11 +0000 2017
uc_2206505,2206505,@Uber_Support your drivers allowed to hold multiple personal calls while driving? 🤔,@260692 Here to help. Send us a note at https://t.co/yfZfahBCoB so our team can connect.,Thu Nov 09 23:08:21 +0000 2017
uc_2266549,2266549,@Uber_Support When I booked the cab it was showing ₹74 but when we were on our way I got a message that fare will be higher than expected. Why did it happen? Why are you duping your customers? #Uber #India #Delhi,@247517 Sorry to hear about that! Can you please contact us via https://t.co/pT35thgjaj so our team can connect.,Sat Nov 11 07:33:43 +0000 2017
uc_460111,460111,@115873 how do i know my driver details??? Gawd!! https://t.co/Pcd4dZAG4C,@224330 Here to help! Send us a note at https://t.co/u3MyknJaaN so our team can connect.,Fri Dec 01 01:39:00 +0000 2017
uc_303059,303059,@Uber_Support I used my friends Uber account. Is there a contact number I can use ?,@188329 Due to our privacy policy we're not able to address these concerns over social. Please have the account holder (or the person you're writing in for) contact us at https://t.co/fS660rQ8NQ so we can assist them further. Please let us know if you have any other questions.,Sat Nov 25 03:40:06 +0000 2017
uc_2986553,2986553,@Uber_Support I want to reactivate my account but it’s been really hard. I was wondering if there is an easier way to reactivate one’s account.,@823498 Let's look into that! Send us a note at https://t.co/WbmljlOtLY so our team can connect.,Thu Nov 30 07:04:55 +0000 2017
uc_2221251,2221251,Hi who do I contact as my food order arrived with fries missing? @115877,@648762 We're here to help! Send us a note via https://t.co/ZFaWy0Lkdu so our team can connect.,Fri Nov 10 13:22:39 +0000 2017
uc_855194,855194,@Uber_Support Any Update on this ?,"@323113 We just followed up via your in-app support inquiry. Please check your messages in the ""Help"" section of your app for further assistance.",Sun Nov 05 22:25:15 +0000 2017
uc_143637,143637,Beware of @115873 scams during the holidays. We had $79 fraudulently removed from our B of A acct. by an Uber in England. B of A responded and Uber backed up the fraudsters by suspending our account. Use Lyft!,@148459 Sorry to hear about that! Send us a DM with your email address so we can assist.,Wed Nov 22 12:03:08 +0000 2017
uc_934544,934544,"@Uber_Support I had a question about my billing for UberEats, added a gift card into my account but you guys charged my card instead!",@333207 Please connect with us at https://t.co/PwMnPVp5yK and we'll be happy to look into this.,Sat Oct 21 16:42:30 +0000 2017
uc_482383,482383,I believe @115873 should elevate hospitality by giving a credit every time the driver cancels. It happens with some frequency with no effect other than burning the clients’ time.,@229723 We always appreciate feedback! Please reach out directly so we can further connect; https://t.co/LlerXNH4PG,Fri Dec 01 12:48:18 +0000 2017
uc_2769128,2769128,see what uber can do... #Uber #uberindia @115873 @Uber_Support @2780 @2006 https://t.co/F0UOk74ltO,@774222 Here to help! Send us a DM with your email address so we can connect.,Tue Nov 21 11:54:05 +0000 2017
uc_1564140,1564140,"@Uber_Support Usual response, that shows irresponsible organisation culture who are here only to cheat us. #shamelessuber",@120551 It seems a member of our team has reached out to you. Please check your email and follow up with them there.,Sun Nov 05 01:59:59 +0000 2017
uc_893441,893441,@Uber_Support I am the account holder,@332150 Thanks for clarifying! Please be sure to reach out to our team at the link previously provided and we'll be sure to get a closer look.,Fri Oct 20 21:42:58 +0000 2017
uc_2195302,2195302,@Uber_Support .... the one getting their emails.,"@642334 We want to follow up, Jorge. Can you please send a note our way via https://t.co/WvFcM6aFYx?",Thu Oct 19 14:00:01 +0000 2017
uc_2062860,2062860,@115873 the promise of shipping my phone never happened! Still waiting what is going on with Uber poor service ! https://t.co/bbNExDdf0k,"@610080 Happy to assist, Angel! We have routed this to the appropriate team who will be in contact within the in-app help section momentarily.",Fri Oct 06 15:08:18 +0000 2017
uc_2798528,2798528,"@Uber_Support I reported this already, and was told the fee was applied correctly in order to compensate the driver for the time it took him to get to my apartment.",@780811 We're here to help! Send us a DM with your email address and more details so we can follow up.,Tue Nov 21 23:03:49 +0000 2017
uc_2715243,2715243,"Tried @115877 for the first time today, and I’ll NEVER do it again. 👏",@762212 We're so sorry about that! Can you please send us a DM with your email address and additional details so we can assist?,Mon Nov 20 04:56:01 +0000 2017
uc_1417842,1417842,"Contacted @Uber_Support multiple times, still the issue isnt fixed. Its been two days",@449559 We're here to help! Send us a DM with your email address so we can follow up.,Thu Nov 02 03:05:26 +0000 2017
uc_2253949,2253949,@Uber_Support just been dropped off in your uber an hour ago in the U.K. And lost my phone. Please can you help me thank you,"@656562 Here to help! Follow up here; https://t.co/Sy2fWIhhC2 , and our team will connect right away.",Sat Nov 11 03:56:25 +0000 2017
uc_133118,133118,@Uber_Support no answer yet.i have been told that we have sent an answer to ur other account email I'd ..which account? What r u guys talking about?,"@146011 Hi, Seema. We've followed up with your last in app message, please check your notifications in the Uber app for us!",Fri Nov 24 07:41:18 +0000 2017
uc_1489752,1489752,"@Uber_Support Hi I need to contact the team of Uber Guayaquil, could you guys help me out?","@466010 Hello, Guillermo! Can you please DM us with more info regarding your inquiry? We'll be able to follow up.",Mon Oct 16 18:49:49 +0000 2017
uc_514080,514080,@115877 wth https://t.co/AeKdBiDMxH,@238349 Here to help! Send us a note here https://t.co/jP6giifgNM so we can assist.,Sat Dec 02 00:14:10 +0000 2017
uc_1696135,1696135,@116057 @115877 I’ve DM’d you 4 times now,@514576 We're sorry to hear this. Can you please send us a DM of your email address so we can look into this?,Mon Nov 20 20:40:24 +0000 2017
